image_id,split,mode,backend,reason
9021428R,test,jsn_predicted,heuristic,jsn_predicted_success
9022408L,test,jsn_predicted,heuristic,jsn_predicted_success
9023784L,test,jsn_predicted,heuristic,jsn_predicted_success
9023784R,test,jsn_predicted,heuristic,jsn_predicted_success
9023935L,test,jsn_predicted,heuristic,jsn_predicted_success
9023935R,test,jsn_predicted,heuristic,jsn_predicted_success
9024409L,test,jsn_predicted,heuristic,jsn_predicted_success
9024409R,test,jsn_predicted,heuristic,jsn_predicted_success
9028786L,test,jsn_predicted,heuristic,jsn_predicted_success
9030418L,test,jsn_predicted,heuristic,jsn_predicted_success
9030418R,test,jsn_predicted,heuristic,jsn_predicted_success
9035779L,test,jsn_predicted,heuristic,jsn_predicted_success
9035779R,test,jsn_predicted,heuristic,jsn_predicted_success
9043461L,test,jsn_predicted,heuristic,jsn_predicted_success
9043461R,test,jsn_predicted,heuristic,jsn_predicted_success
9047539L,test,jsn_predicted,heuristic,jsn_predicted_success
9047539R,test,jsn_predicted,heuristic,jsn_predicted_success
9048308L,test,jsn_predicted,heuristic,jsn_predicted_success
9048308R,test,jsn_predicted,heuristic,jsn_predicted_success
9049447R,test,jsn_predicted,heuristic,jsn_predicted_success
9055361L,test,jsn_predicted,heuristic,jsn_predicted_success
9059837R,test,jsn_predicted,heuristic,jsn_predicted_success
9062161L,test,jsn_predicted,heuristic,jsn_predicted_success
9062161R,test,jsn_predicted,heuristic,jsn_predicted_success
9066155L,test,jsn_predicted,heuristic,jsn_predicted_success
9067811L,test,jsn_predicted,heuristic,jsn_predicted_success
9067811R,test,jsn_predicted,heuristic,jsn_predicted_success
9070290L,test,jsn_predicted,heuristic,jsn_predicted_success
9070290R,test,jsn_predicted,heuristic,jsn_predicted_success
9070903L,test,jsn_predicted,heuristic,jsn_predicted_success
9074232L,test,jsn_predicted,heuristic,jsn_predicted_success
9074232R,test,jsn_predicted,heuristic,jsn_predicted_success
9078889L,test,jsn_predicted,heuristic,jsn_predicted_success
9078889R,test,jsn_predicted,heuristic,jsn_predicted_success
9081858L,test,jsn_predicted,heuristic,jsn_predicted_success
9081858R,test,jsn_predicted,heuristic,jsn_predicted_success
9081879L,test,jsn_predicted,heuristic,jsn_predicted_success
9081879R,test,jsn_predicted,heuristic,jsn_predicted_success
9082631R,test,jsn_predicted,heuristic,jsn_predicted_success
9083378L,test,jsn_predicted,heuristic,jsn_predicted_success
9083378R,test,jsn_predicted,heuristic,jsn_predicted_success
9088396L,test,jsn_predicted,heuristic,jsn_predicted_success
9088396R,test,jsn_predicted,heuristic,jsn_predicted_success
9088841L,test,jsn_predicted,heuristic,jsn_predicted_success
9088841R,test,jsn_predicted,heuristic,jsn_predicted_success
9090860L,test,jsn_predicted,heuristic,jsn_predicted_success
9090860R,test,jsn_predicted,heuristic,jsn_predicted_success
9093622L,test,jsn_predicted,heuristic,jsn_predicted_success
9094783R,test,jsn_predicted,heuristic,jsn_predicted_success
9097360L,test,jsn_predicted,heuristic,jsn_predicted_success
9097360R,test,jsn_predicted,heuristic,jsn_predicted_success
9099363R,test,jsn_predicted,heuristic,jsn_predicted_success
9099785R,test,jsn_predicted,heuristic,jsn_predicted_success
9100699L,test,jsn_predicted,heuristic,jsn_predicted_success
9100699R,test,jsn_predicted,heuristic,jsn_predicted_success
9115033L,test,jsn_predicted,heuristic,jsn_predicted_success
9115033R,test,jsn_predicted,heuristic,jsn_predicted_success
9116147L,test,jsn_predicted,heuristic,jsn_predicted_success
9130362L,test,jsn_predicted,heuristic,jsn_predicted_success
9130362R,test,jsn_predicted,heuristic,jsn_predicted_success
9135902L,test,jsn_predicted,heuristic,jsn_predicted_success
9135902R,test,jsn_predicted,heuristic,jsn_predicted_success
9137709L,test,jsn_predicted,heuristic,jsn_predicted_success
9137709R,test,jsn_predicted,heuristic,jsn_predicted_success
9139557L,test,jsn_predicted,heuristic,jsn_predicted_success
9140556L,test,jsn_predicted,heuristic,jsn_predicted_success
9140556R,test,jsn_predicted,heuristic,jsn_predicted_success
9143031L,test,jsn_predicted,heuristic,jsn_predicted_success
9143031R,test,jsn_predicted,heuristic,jsn_predicted_success
9146898R,test,jsn_predicted,heuristic,jsn_predicted_success
9149679R,test,jsn_predicted,heuristic,jsn_predicted_success
9153255L,test,jsn_predicted,heuristic,jsn_predicted_success
9153255R,test,jsn_predicted,heuristic,jsn_predicted_success
9154214L,test,jsn_predicted,heuristic,jsn_predicted_success
9154214R,test,jsn_predicted,heuristic,jsn_predicted_success
9154257R,test,jsn_predicted,heuristic,jsn_predicted_success
9155861L,test,jsn_predicted,heuristic,jsn_predicted_success
9155861R,test,jsn_predicted,heuristic,jsn_predicted_success
9156307L,test,jsn_predicted,heuristic,jsn_predicted_success
9156307R,test,jsn_predicted,heuristic,jsn_predicted_success
9157453L,test,jsn_predicted,heuristic,jsn_predicted_success
9157453R,test,jsn_predicted,heuristic,jsn_predicted_success
9162458L,test,jsn_predicted,heuristic,jsn_predicted_success
9162458R,test,jsn_predicted,heuristic,jsn_predicted_success
9162770L,test,jsn_predicted,heuristic,jsn_predicted_success
9162770R,test,jsn_predicted,heuristic,jsn_predicted_success
9165552L,test,jsn_predicted,heuristic,jsn_predicted_success
9165552R,test,jsn_predicted,heuristic,jsn_predicted_success
9166468L,test,jsn_predicted,heuristic,jsn_predicted_success
9166468R,test,jsn_predicted,heuristic,jsn_predicted_success
9169499L,test,jsn_predicted,heuristic,jsn_predicted_success
9172581L,test,jsn_predicted,heuristic,jsn_predicted_success
9172581R,test,jsn_predicted,heuristic,jsn_predicted_success
9174582L,test,jsn_predicted,heuristic,jsn_predicted_success
9174582R,test,jsn_predicted,heuristic,jsn_predicted_success
9175275L,test,jsn_predicted,heuristic,jsn_predicted_success
9175275R,test,jsn_predicted,heuristic,jsn_predicted_success
9176200L,test,jsn_predicted,heuristic,jsn_predicted_success
9176200R,test,jsn_predicted,heuristic,jsn_predicted_success
9180105L,test,jsn_predicted,heuristic,jsn_predicted_success
9180105R,test,jsn_predicted,heuristic,jsn_predicted_success
9184949L,test,jsn_predicted,heuristic,jsn_predicted_success
9184949R,test,jsn_predicted,heuristic,jsn_predicted_success
9197274L,test,jsn_predicted,heuristic,jsn_predicted_success
9197274R,test,jsn_predicted,heuristic,jsn_predicted_success
9197994L,test,jsn_predicted,heuristic,jsn_predicted_success
9197994R,test,jsn_predicted,heuristic,jsn_predicted_success
9203454L,test,jsn_predicted,heuristic,jsn_predicted_success
9203454R,test,jsn_predicted,heuristic,jsn_predicted_success
9207905L,test,jsn_predicted,heuristic,jsn_predicted_success
9207905R,test,jsn_predicted,heuristic,jsn_predicted_success
9211261R,test,jsn_predicted,heuristic,jsn_predicted_success
9214480R,test,jsn_predicted,heuristic,jsn_predicted_success
9220406L,test,jsn_predicted,heuristic,jsn_predicted_success
9220406R,test,jsn_predicted,heuristic,jsn_predicted_success
9220603L,test,jsn_predicted,heuristic,jsn_predicted_success
9220603R,test,jsn_predicted,heuristic,jsn_predicted_success
9222485L,test,jsn_predicted,heuristic,jsn_predicted_success
9222485R,test,jsn_predicted,heuristic,jsn_predicted_success
9222916L,test,jsn_predicted,heuristic,jsn_predicted_success
9222973L,test,jsn_predicted,heuristic,jsn_predicted_success
9222973R,test,jsn_predicted,heuristic,jsn_predicted_success
9226100L,test,jsn_predicted,heuristic,jsn_predicted_success
9226100R,test,jsn_predicted,heuristic,jsn_predicted_success
9229496L,test,jsn_predicted,heuristic,jsn_predicted_success
9232078R,test,jsn_predicted,heuristic,jsn_predicted_success
9232259L,test,jsn_predicted,heuristic,jsn_predicted_success
9232553L,test,jsn_predicted,heuristic,jsn_predicted_success
9232553R,test,jsn_predicted,heuristic,jsn_predicted_success
9234574L,test,jsn_predicted,heuristic,jsn_predicted_success
9234574R,test,jsn_predicted,heuristic,jsn_predicted_success
9236300L,test,jsn_predicted,heuristic,jsn_predicted_success
9239017R,test,jsn_predicted,heuristic,jsn_predicted_success
9242956L,test,jsn_predicted,heuristic,jsn_predicted_success
9242956R,test,jsn_predicted,heuristic,jsn_predicted_success
9243046L,test,jsn_predicted,heuristic,jsn_predicted_success
9243046R,test,jsn_predicted,heuristic,jsn_predicted_success
9244698L,test,jsn_predicted,heuristic,jsn_predicted_success
9244698R,test,jsn_predicted,heuristic,jsn_predicted_success
9252019L,test,jsn_predicted,heuristic,jsn_predicted_success
9252629L,test,jsn_predicted,heuristic,jsn_predicted_success
9252629R,test,jsn_predicted,heuristic,jsn_predicted_success
9253225L,test,jsn_predicted,heuristic,jsn_predicted_success
9253225R,test,jsn_predicted,heuristic,jsn_predicted_success
9253884L,test,jsn_predicted,heuristic,jsn_predicted_success
9253884R,test,jsn_predicted,heuristic,jsn_predicted_success
9254422R,test,jsn_predicted,heuristic,jsn_predicted_success
9255053R,test,jsn_predicted,heuristic,jsn_predicted_success
9255535L,test,jsn_predicted,heuristic,jsn_predicted_success
9255567L,test,jsn_predicted,heuristic,jsn_predicted_success
9255567R,test,jsn_predicted,heuristic,jsn_predicted_success
9260036L,test,jsn_predicted,heuristic,jsn_predicted_success
9260036R,test,jsn_predicted,heuristic,jsn_predicted_success
9261372R,test,jsn_predicted,heuristic,jsn_predicted_success
9261557L,test,jsn_predicted,heuristic,jsn_predicted_success
9261557R,test,jsn_predicted,heuristic,jsn_predicted_success
9263025L,test,jsn_predicted,heuristic,jsn_predicted_success
9263153L,test,jsn_predicted,heuristic,jsn_predicted_success
9263153R,test,jsn_predicted,heuristic,jsn_predicted_success
9263652L,test,jsn_predicted,heuristic,jsn_predicted_success
9263652R,test,jsn_predicted,heuristic,jsn_predicted_success
9268509R,test,jsn_predicted,heuristic,jsn_predicted_success
9270026L,test,jsn_predicted,heuristic,jsn_predicted_success
9271853R,test,jsn_predicted,heuristic,jsn_predicted_success
9272133L,test,jsn_predicted,heuristic,jsn_predicted_success
9272133R,test,jsn_predicted,heuristic,jsn_predicted_success
9273964R,test,jsn_predicted,heuristic,jsn_predicted_success
9274833L,test,jsn_predicted,heuristic,jsn_predicted_success
9283061L,test,jsn_predicted,heuristic,jsn_predicted_success
9283061R,test,jsn_predicted,heuristic,jsn_predicted_success
9283486L,test,jsn_predicted,heuristic,jsn_predicted_success
9283486R,test,jsn_predicted,heuristic,jsn_predicted_success
9287295L,test,jsn_predicted,heuristic,jsn_predicted_success
9289921L,test,jsn_predicted,heuristic,jsn_predicted_success
9289921R,test,jsn_predicted,heuristic,jsn_predicted_success
9290697R,test,jsn_predicted,heuristic,jsn_predicted_success
9292027L,test,jsn_predicted,heuristic,jsn_predicted_success
9292027R,test,jsn_predicted,heuristic,jsn_predicted_success
9299531R,test,jsn_predicted,heuristic,jsn_predicted_success
9300212L,test,jsn_predicted,heuristic,jsn_predicted_success
9300212R,test,jsn_predicted,heuristic,jsn_predicted_success
9302340R,test,jsn_predicted,heuristic,jsn_predicted_success
9307098R,test,jsn_predicted,heuristic,jsn_predicted_success
9308271L,test,jsn_predicted,heuristic,jsn_predicted_success
9308271R,test,jsn_predicted,heuristic,jsn_predicted_success
9316405L,test,jsn_predicted,heuristic,jsn_predicted_success
9316405R,test,jsn_predicted,heuristic,jsn_predicted_success
9323060L,test,jsn_predicted,heuristic,jsn_predicted_success
9323060R,test,jsn_predicted,heuristic,jsn_predicted_success
9323403L,test,jsn_predicted,heuristic,jsn_predicted_success
9323403R,test,jsn_predicted,heuristic,jsn_predicted_success
9323439L,test,jsn_predicted,heuristic,jsn_predicted_success
9323439R,test,jsn_predicted,heuristic,jsn_predicted_success
9328332L,test,jsn_predicted,heuristic,jsn_predicted_success
9337068L,test,jsn_predicted,heuristic,jsn_predicted_success
9337068R,test,jsn_predicted,heuristic,jsn_predicted_success
9338346L,test,jsn_predicted,heuristic,jsn_predicted_success
9338346R,test,jsn_predicted,heuristic,jsn_predicted_success
9338965L,test,jsn_predicted,heuristic,jsn_predicted_success
9343691L,test,jsn_predicted,heuristic,jsn_predicted_success
9343691R,test,jsn_predicted,heuristic,jsn_predicted_success
9351263L,test,jsn_predicted,heuristic,jsn_predicted_success
9351263R,test,jsn_predicted,heuristic,jsn_predicted_success
9353339L,test,jsn_predicted,heuristic,jsn_predicted_success
9360243L,test,jsn_predicted,heuristic,jsn_predicted_success
9360243R,test,jsn_predicted,heuristic,jsn_predicted_success
9361744L,test,jsn_predicted,heuristic,jsn_predicted_success
9361744R,test,jsn_predicted,heuristic,jsn_predicted_success
9363408L,test,jsn_predicted,heuristic,jsn_predicted_success
9363408R,test,jsn_predicted,heuristic,jsn_predicted_success
9364362L,test,jsn_predicted,heuristic,jsn_predicted_success
9364362R,test,jsn_predicted,heuristic,jsn_predicted_success
9366178L,test,jsn_predicted,heuristic,jsn_predicted_success
9366178R,test,jsn_predicted,heuristic,jsn_predicted_success
9370170L,test,jsn_predicted,heuristic,jsn_predicted_success
9370170R,test,jsn_predicted,heuristic,jsn_predicted_success
9370366R,test,jsn_predicted,heuristic,jsn_predicted_success
9376146L,test,jsn_predicted,heuristic,jsn_predicted_success
9376146R,test,jsn_predicted,heuristic,jsn_predicted_success
9376360L,test,jsn_predicted,heuristic,jsn_predicted_success
9376360R,test,jsn_predicted,heuristic,jsn_predicted_success
9378288L,test,jsn_predicted,heuristic,jsn_predicted_success
9378288R,test,jsn_predicted,heuristic,jsn_predicted_success
9381995L,test,jsn_predicted,heuristic,jsn_predicted_success
9381995R,test,jsn_predicted,heuristic,jsn_predicted_success
9384119L,test,jsn_predicted,heuristic,jsn_predicted_success
9384119R,test,jsn_predicted,heuristic,jsn_predicted_success
9386983L,test,jsn_predicted,heuristic,jsn_predicted_success
9386983R,test,jsn_predicted,heuristic,jsn_predicted_success
9392060L,test,jsn_predicted,heuristic,jsn_predicted_success
9392060R,test,jsn_predicted,heuristic,jsn_predicted_success
9393975R,test,jsn_predicted,heuristic,jsn_predicted_success
9396405L,test,jsn_predicted,heuristic,jsn_predicted_success
9396405R,test,jsn_predicted,heuristic,jsn_predicted_success
9397988L,test,jsn_predicted,heuristic,jsn_predicted_success
9398970L,test,jsn_predicted,heuristic,jsn_predicted_success
9398970R,test,jsn_predicted,heuristic,jsn_predicted_success
9400127R,test,jsn_predicted,heuristic,jsn_predicted_success
9400725L,test,jsn_predicted,heuristic,jsn_predicted_success
9400725R,test,jsn_predicted,heuristic,jsn_predicted_success
9409198L,test,jsn_predicted,heuristic,jsn_predicted_success
9410231L,test,jsn_predicted,heuristic,jsn_predicted_success
9410231R,test,jsn_predicted,heuristic,jsn_predicted_success
9417075L,test,jsn_predicted,heuristic,jsn_predicted_success
9418342L,test,jsn_predicted,heuristic,jsn_predicted_success
9418342R,test,jsn_predicted,heuristic,jsn_predicted_success
9419364L,test,jsn_predicted,heuristic,jsn_predicted_success
9419364R,test,jsn_predicted,heuristic,jsn_predicted_success
9420682R,test,jsn_predicted,heuristic,jsn_predicted_success
9429101L,test,jsn_predicted,heuristic,jsn_predicted_success
9432148L,test,jsn_predicted,heuristic,jsn_predicted_success
9432148R,test,jsn_predicted,heuristic,jsn_predicted_success
9435145L,test,jsn_predicted,heuristic,jsn_predicted_success
9435145R,test,jsn_predicted,heuristic,jsn_predicted_success
9435273L,test,jsn_predicted,heuristic,jsn_predicted_success
9435273R,test,jsn_predicted,heuristic,jsn_predicted_success
9442882L,test,jsn_predicted,heuristic,jsn_predicted_success
9442882R,test,jsn_predicted,heuristic,jsn_predicted_success
9444102L,test,jsn_predicted,heuristic,jsn_predicted_success
9444102R,test,jsn_predicted,heuristic,jsn_predicted_success
9449511L,test,jsn_predicted,heuristic,jsn_predicted_success
9456857L,test,jsn_predicted,heuristic,jsn_predicted_success
9456857R,test,jsn_predicted,heuristic,jsn_predicted_success
9460076L,test,jsn_predicted,heuristic,jsn_predicted_success
9460076R,test,jsn_predicted,heuristic,jsn_predicted_success
9460109L,test,jsn_predicted,heuristic,jsn_predicted_success
9460109R,test,jsn_predicted,heuristic,jsn_predicted_success
9460225R,test,jsn_predicted,heuristic,jsn_predicted_success
9460287L,test,jsn_predicted,heuristic,jsn_predicted_success
9460287R,test,jsn_predicted,heuristic,jsn_predicted_success
9463400L,test,jsn_predicted,heuristic,jsn_predicted_success
9463400R,test,jsn_predicted,heuristic,jsn_predicted_success
9464295L,test,jsn_predicted,heuristic,jsn_predicted_success
9464295R,test,jsn_predicted,heuristic,jsn_predicted_success
9467252R,test,jsn_predicted,heuristic,jsn_predicted_success
9473791R,test,jsn_predicted,heuristic,jsn_predicted_success
9476561R,test,jsn_predicted,heuristic,jsn_predicted_success
9476633R,test,jsn_predicted,heuristic,jsn_predicted_success
9479978R,test,jsn_predicted,heuristic,jsn_predicted_success
9480211L,test,jsn_predicted,heuristic,jsn_predicted_success
9480211R,test,jsn_predicted,heuristic,jsn_predicted_success
9480294L,test,jsn_predicted,heuristic,jsn_predicted_success
9480294R,test,jsn_predicted,heuristic,jsn_predicted_success
9480533L,test,jsn_predicted,heuristic,jsn_predicted_success
9480533R,test,jsn_predicted,heuristic,jsn_predicted_success
9481542L,test,jsn_predicted,heuristic,jsn_predicted_success
9481542R,test,jsn_predicted,heuristic,jsn_predicted_success
9486748R,test,jsn_predicted,heuristic,jsn_predicted_success
9488401L,test,jsn_predicted,heuristic,jsn_predicted_success
9496443R,test,jsn_predicted,heuristic,jsn_predicted_success
9501891L,test,jsn_predicted,heuristic,jsn_predicted_success
9503361L,test,jsn_predicted,heuristic,jsn_predicted_success
9503361R,test,jsn_predicted,heuristic,jsn_predicted_success
9504627L,test,jsn_predicted,heuristic,jsn_predicted_success
9504627R,test,jsn_predicted,heuristic,jsn_predicted_success
9506357L,test,jsn_predicted,heuristic,jsn_predicted_success
9506357R,test,jsn_predicted,heuristic,jsn_predicted_success
9507392R,test,jsn_predicted,heuristic,jsn_predicted_success
9508414L,test,jsn_predicted,heuristic,jsn_predicted_success
9508414R,test,jsn_predicted,heuristic,jsn_predicted_success
9509846L,test,jsn_predicted,heuristic,jsn_predicted_success
9509846R,test,jsn_predicted,heuristic,jsn_predicted_success
9510301L,test,jsn_predicted,heuristic,jsn_predicted_success
9510301R,test,jsn_predicted,heuristic,jsn_predicted_success
9510343R,test,jsn_predicted,heuristic,jsn_predicted_success
9513860L,test,jsn_predicted,heuristic,jsn_predicted_success
9516409L,test,jsn_predicted,heuristic,jsn_predicted_success
9516409R,test,jsn_predicted,heuristic,jsn_predicted_success
9517833R,test,jsn_predicted,heuristic,jsn_predicted_success
9518337L,test,jsn_predicted,heuristic,jsn_predicted_success
9521440L,test,jsn_predicted,heuristic,jsn_predicted_success
9522881R,test,jsn_predicted,heuristic,jsn_predicted_success
9524362L,test,jsn_predicted,heuristic,jsn_predicted_success
9524362R,test,jsn_predicted,heuristic,jsn_predicted_success
9527882L,test,jsn_predicted,heuristic,jsn_predicted_success
9527882R,test,jsn_predicted,heuristic,jsn_predicted_success
9529761L,test,jsn_predicted,heuristic,jsn_predicted_success
9529761R,test,jsn_predicted,heuristic,jsn_predicted_success
9530267L,test,jsn_predicted,heuristic,jsn_predicted_success
9532148L,test,jsn_predicted,heuristic,jsn_predicted_success
9532148R,test,jsn_predicted,heuristic,jsn_predicted_success
9532870L,test,jsn_predicted,heuristic,jsn_predicted_success
9532870R,test,jsn_predicted,heuristic,jsn_predicted_success
9541124R,test,jsn_predicted,heuristic,jsn_predicted_success
9545822L,test,jsn_predicted,heuristic,jsn_predicted_success
9545822R,test,jsn_predicted,heuristic,jsn_predicted_success
9546329L,test,jsn_predicted,heuristic,jsn_predicted_success
9546329R,test,jsn_predicted,heuristic,jsn_predicted_success
9552835L,test,jsn_predicted,heuristic,jsn_predicted_success
9556963L,test,jsn_predicted,heuristic,jsn_predicted_success
9556963R,test,jsn_predicted,heuristic,jsn_predicted_success
9559860R,test,jsn_predicted,heuristic,jsn_predicted_success
9564716L,test,jsn_predicted,heuristic,jsn_predicted_success
9565710L,test,jsn_predicted,heuristic,jsn_predicted_success
9565710R,test,jsn_predicted,heuristic,jsn_predicted_success
9570722L,test,jsn_predicted,heuristic,jsn_predicted_success
9570722R,test,jsn_predicted,heuristic,jsn_predicted_success
9571740R,test,jsn_predicted,heuristic,jsn_predicted_success
9572192L,test,jsn_predicted,heuristic,jsn_predicted_success
9572948L,test,jsn_predicted,heuristic,jsn_predicted_success
9575697R,test,jsn_predicted,heuristic,jsn_predicted_success
9579246L,test,jsn_predicted,heuristic,jsn_predicted_success
9583746L,test,jsn_predicted,heuristic,jsn_predicted_success
9584176L,test,jsn_predicted,heuristic,jsn_predicted_success
9584176R,test,jsn_predicted,heuristic,jsn_predicted_success
9588277L,test,jsn_predicted,heuristic,jsn_predicted_success
9588277R,test,jsn_predicted,heuristic,jsn_predicted_success
9589708L,test,jsn_predicted,heuristic,jsn_predicted_success
9589735L,test,jsn_predicted,heuristic,jsn_predicted_success
9593694L,test,jsn_predicted,heuristic,jsn_predicted_success
9594682L,test,jsn_predicted,heuristic,jsn_predicted_success
9594682R,test,jsn_predicted,heuristic,jsn_predicted_success
9596248L,test,jsn_predicted,heuristic,jsn_predicted_success
9596248R,test,jsn_predicted,heuristic,jsn_predicted_success
9596903L,test,jsn_predicted,heuristic,jsn_predicted_success
9598675L,test,jsn_predicted,heuristic,jsn_predicted_success
9598675R,test,jsn_predicted,heuristic,jsn_predicted_success
9606704L,test,jsn_predicted,heuristic,jsn_predicted_success
9606704R,test,jsn_predicted,heuristic,jsn_predicted_success
9606955L,test,jsn_predicted,heuristic,jsn_predicted_success
9607454L,test,jsn_predicted,heuristic,jsn_predicted_success
9607454R,test,jsn_predicted,heuristic,jsn_predicted_success
9608737L,test,jsn_predicted,heuristic,jsn_predicted_success
9608737R,test,jsn_predicted,heuristic,jsn_predicted_success
9610439L,test,jsn_predicted,heuristic,jsn_predicted_success
9611246L,test,jsn_predicted,heuristic,jsn_predicted_success
9611246R,test,jsn_predicted,heuristic,jsn_predicted_success
9612143L,test,jsn_predicted,heuristic,jsn_predicted_success
9612143R,test,jsn_predicted,heuristic,jsn_predicted_success
9613159L,test,jsn_predicted,heuristic,jsn_predicted_success
9613159R,test,jsn_predicted,heuristic,jsn_predicted_success
9616228R,test,jsn_predicted,heuristic,jsn_predicted_success
9618967L,test,jsn_predicted,heuristic,jsn_predicted_success
9618967R,test,jsn_predicted,heuristic,jsn_predicted_success
9621160L,test,jsn_predicted,heuristic,jsn_predicted_success
9621160R,test,jsn_predicted,heuristic,jsn_predicted_success
9622603L,test,jsn_predicted,heuristic,jsn_predicted_success
9623194L,test,jsn_predicted,heuristic,jsn_predicted_success
9623194R,test,jsn_predicted,heuristic,jsn_predicted_success
9624955R,test,jsn_predicted,heuristic,jsn_predicted_success
9631230L,test,jsn_predicted,heuristic,jsn_predicted_success
9631230R,test,jsn_predicted,heuristic,jsn_predicted_success
9634146L,test,jsn_predicted,heuristic,jsn_predicted_success
9635933L,test,jsn_predicted,heuristic,jsn_predicted_success
9635933R,test,jsn_predicted,heuristic,jsn_predicted_success
9636409L,test,jsn_predicted,heuristic,jsn_predicted_success
9636409R,test,jsn_predicted,heuristic,jsn_predicted_success
9639683R,test,jsn_predicted,heuristic,jsn_predicted_success
9643521L,test,jsn_predicted,heuristic,jsn_predicted_success
9643521R,test,jsn_predicted,heuristic,jsn_predicted_success
9645608L,test,jsn_predicted,heuristic,jsn_predicted_success
9645608R,test,jsn_predicted,heuristic,jsn_predicted_success
9647234L,test,jsn_predicted,heuristic,jsn_predicted_success
9647234R,test,jsn_predicted,heuristic,jsn_predicted_success
9648692L,test,jsn_predicted,heuristic,jsn_predicted_success
9649602L,test,jsn_predicted,heuristic,jsn_predicted_success
9649967L,test,jsn_predicted,heuristic,jsn_predicted_success
9649967R,test,jsn_predicted,heuristic,jsn_predicted_success
9650074L,test,jsn_predicted,heuristic,jsn_predicted_success
9650074R,test,jsn_predicted,heuristic,jsn_predicted_success
9650705L,test,jsn_predicted,heuristic,jsn_predicted_success
9650705R,test,jsn_predicted,heuristic,jsn_predicted_success
9656070L,test,jsn_predicted,heuristic,jsn_predicted_success
9656070R,test,jsn_predicted,heuristic,jsn_predicted_success
9656696L,test,jsn_predicted,heuristic,jsn_predicted_success
9667180L,test,jsn_predicted,heuristic,jsn_predicted_success
9669143R,test,jsn_predicted,heuristic,jsn_predicted_success
9669699L,test,jsn_predicted,heuristic,jsn_predicted_success
9669699R,test,jsn_predicted,heuristic,jsn_predicted_success
9669752L,test,jsn_predicted,heuristic,jsn_predicted_success
9669752R,test,jsn_predicted,heuristic,jsn_predicted_success
9670198L,test,jsn_predicted,heuristic,jsn_predicted_success
9670198R,test,jsn_predicted,heuristic,jsn_predicted_success
9680874R,test,jsn_predicted,heuristic,jsn_predicted_success
9681294L,test,jsn_predicted,heuristic,jsn_predicted_success
9681294R,test,jsn_predicted,heuristic,jsn_predicted_success
9685324L,test,jsn_predicted,heuristic,jsn_predicted_success
9686621R,test,jsn_predicted,heuristic,jsn_predicted_success
9688844L,test,jsn_predicted,heuristic,jsn_predicted_success
9688844R,test,jsn_predicted,heuristic,jsn_predicted_success
9690658L,test,jsn_predicted,heuristic,jsn_predicted_success
9701165R,test,jsn_predicted,heuristic,jsn_predicted_success
9702852L,test,jsn_predicted,heuristic,jsn_predicted_success
9702852R,test,jsn_predicted,heuristic,jsn_predicted_success
9706172R,test,jsn_predicted,heuristic,jsn_predicted_success
9712419L,test,jsn_predicted,heuristic,jsn_predicted_success
9712419R,test,jsn_predicted,heuristic,jsn_predicted_success
9713986R,test,jsn_predicted,heuristic,jsn_predicted_success
9717450L,test,jsn_predicted,heuristic,jsn_predicted_success
9717450R,test,jsn_predicted,heuristic,jsn_predicted_success
9719243L,test,jsn_predicted,heuristic,jsn_predicted_success
9719243R,test,jsn_predicted,heuristic,jsn_predicted_success
9719391L,test,jsn_predicted,heuristic,jsn_predicted_success
9719391R,test,jsn_predicted,heuristic,jsn_predicted_success
9719890L,test,jsn_predicted,heuristic,jsn_predicted_success
9719890R,test,jsn_predicted,heuristic,jsn_predicted_success
9720535R,test,jsn_predicted,heuristic,jsn_predicted_success
9721192L,test,jsn_predicted,heuristic,jsn_predicted_success
9723972L,test,jsn_predicted,heuristic,jsn_predicted_success
9723972R,test,jsn_predicted,heuristic,jsn_predicted_success
9725172L,test,jsn_predicted,heuristic,jsn_predicted_success
9725978R,test,jsn_predicted,heuristic,jsn_predicted_success
9728215L,test,jsn_predicted,heuristic,jsn_predicted_success
9728483L,test,jsn_predicted,heuristic,jsn_predicted_success
9728483R,test,jsn_predicted,heuristic,jsn_predicted_success
9729986R,test,jsn_predicted,heuristic,jsn_predicted_success
9733523L,test,jsn_predicted,heuristic,jsn_predicted_success
9735251L,test,jsn_predicted,heuristic,jsn_predicted_success
9735276L,test,jsn_predicted,heuristic,jsn_predicted_success
9735276R,test,jsn_predicted,heuristic,jsn_predicted_success
9739300L,test,jsn_predicted,heuristic,jsn_predicted_success
9739300R,test,jsn_predicted,heuristic,jsn_predicted_success
9746250L,test,jsn_predicted,heuristic,jsn_predicted_success
9746250R,test,jsn_predicted,heuristic,jsn_predicted_success
9747094L,test,jsn_predicted,heuristic,jsn_predicted_success
9754373R,test,jsn_predicted,heuristic,jsn_predicted_success
9762600R,test,jsn_predicted,heuristic,jsn_predicted_success
9763419L,test,jsn_predicted,heuristic,jsn_predicted_success
9763419R,test,jsn_predicted,heuristic,jsn_predicted_success
9766939R,test,jsn_predicted,heuristic,jsn_predicted_success
9771440L,test,jsn_predicted,heuristic,jsn_predicted_success
9771440R,test,jsn_predicted,heuristic,jsn_predicted_success
9771687L,test,jsn_predicted,heuristic,jsn_predicted_success
9775951R,test,jsn_predicted,heuristic,jsn_predicted_success
9778477L,test,jsn_predicted,heuristic,jsn_predicted_success
9778477R,test,jsn_predicted,heuristic,jsn_predicted_success
9780482R,test,jsn_predicted,heuristic,jsn_predicted_success
9781589L,test,jsn_predicted,heuristic,jsn_predicted_success
9781589R,test,jsn_predicted,heuristic,jsn_predicted_success
9789177L,test,jsn_predicted,heuristic,jsn_predicted_success
9789177R,test,jsn_predicted,heuristic,jsn_predicted_success
9789295L,test,jsn_predicted,heuristic,jsn_predicted_success
9789295R,test,jsn_predicted,heuristic,jsn_predicted_success
9793845R,test,jsn_predicted,heuristic,jsn_predicted_success
9795389L,test,jsn_predicted,heuristic,jsn_predicted_success
9796299R,test,jsn_predicted,heuristic,jsn_predicted_success
9798629L,test,jsn_predicted,heuristic,jsn_predicted_success
9798629R,test,jsn_predicted,heuristic,jsn_predicted_success
9798787L,test,jsn_predicted,heuristic,jsn_predicted_success
9798787R,test,jsn_predicted,heuristic,jsn_predicted_success
9800607L,test,jsn_predicted,heuristic,jsn_predicted_success
9803321L,test,jsn_predicted,heuristic,jsn_predicted_success
9803321R,test,jsn_predicted,heuristic,jsn_predicted_success
9805894L,test,jsn_predicted,heuristic,jsn_predicted_success
9807132L,test,jsn_predicted,heuristic,jsn_predicted_success
9807132R,test,jsn_predicted,heuristic,jsn_predicted_success
9808730L,test,jsn_predicted,heuristic,jsn_predicted_success
9808730R,test,jsn_predicted,heuristic,jsn_predicted_success
9810351L,test,jsn_predicted,heuristic,jsn_predicted_success
9810351R,test,jsn_predicted,heuristic,jsn_predicted_success
9810475L,test,jsn_predicted,heuristic,jsn_predicted_success
9810475R,test,jsn_predicted,heuristic,jsn_predicted_success
9810692L,test,jsn_predicted,heuristic,jsn_predicted_success
9810692R,test,jsn_predicted,heuristic,jsn_predicted_success
9811924L,test,jsn_predicted,heuristic,jsn_predicted_success
9814464L,test,jsn_predicted,heuristic,jsn_predicted_success
9814464R,test,jsn_predicted,heuristic,jsn_predicted_success
9815657L,test,jsn_predicted,heuristic,jsn_predicted_success
9817136R,test,jsn_predicted,heuristic,jsn_predicted_success
9819744R,test,jsn_predicted,heuristic,jsn_predicted_success
9821149L,test,jsn_predicted,heuristic,jsn_predicted_success
9821149R,test,jsn_predicted,heuristic,jsn_predicted_success
9827858L,test,jsn_predicted,heuristic,jsn_predicted_success
9827858R,test,jsn_predicted,heuristic,jsn_predicted_success
9828000L,test,jsn_predicted,heuristic,jsn_predicted_success
9828000R,test,jsn_predicted,heuristic,jsn_predicted_success
9828312L,test,jsn_predicted,heuristic,jsn_predicted_success
9828312R,test,jsn_predicted,heuristic,jsn_predicted_success
9830048L,test,jsn_predicted,heuristic,jsn_predicted_success
9830048R,test,jsn_predicted,heuristic,jsn_predicted_success
9833361L,test,jsn_predicted,heuristic,jsn_predicted_success
9833361R,test,jsn_predicted,heuristic,jsn_predicted_success
9837371L,test,jsn_predicted,heuristic,jsn_predicted_success
9838317L,test,jsn_predicted,heuristic,jsn_predicted_success
9842266L,test,jsn_predicted,heuristic,jsn_predicted_success
9842266R,test,jsn_predicted,heuristic,jsn_predicted_success
9842312R,test,jsn_predicted,heuristic,jsn_predicted_success
9842816L,test,jsn_predicted,heuristic,jsn_predicted_success
9847541L,test,jsn_predicted,heuristic,jsn_predicted_success
9848239L,test,jsn_predicted,heuristic,jsn_predicted_success
9848766L,test,jsn_predicted,heuristic,jsn_predicted_success
9848766R,test,jsn_predicted,heuristic,jsn_predicted_success
9850238R,test,jsn_predicted,heuristic,jsn_predicted_success
9850328L,test,jsn_predicted,heuristic,jsn_predicted_success
9850328R,test,jsn_predicted,heuristic,jsn_predicted_success
9850534L,test,jsn_predicted,heuristic,jsn_predicted_success
9850534R,test,jsn_predicted,heuristic,jsn_predicted_success
9854566L,test,jsn_predicted,heuristic,jsn_predicted_success
9854566R,test,jsn_predicted,heuristic,jsn_predicted_success
9854749L,test,jsn_predicted,heuristic,jsn_predicted_success
9854749R,test,jsn_predicted,heuristic,jsn_predicted_success
9858252L,test,jsn_predicted,heuristic,jsn_predicted_success
9858252R,test,jsn_predicted,heuristic,jsn_predicted_success
9858747L,test,jsn_predicted,heuristic,jsn_predicted_success
9858747R,test,jsn_predicted,heuristic,jsn_predicted_success
9862321R,test,jsn_predicted,heuristic,jsn_predicted_success
9867315R,test,jsn_predicted,heuristic,jsn_predicted_success
9869788L,test,jsn_predicted,heuristic,jsn_predicted_success
9869788R,test,jsn_predicted,heuristic,jsn_predicted_success
9870268L,test,jsn_predicted,heuristic,jsn_predicted_success
9870268R,test,jsn_predicted,heuristic,jsn_predicted_success
9871608L,test,jsn_predicted,heuristic,jsn_predicted_success
9871608R,test,jsn_predicted,heuristic,jsn_predicted_success
9871731L,test,jsn_predicted,heuristic,jsn_predicted_success
9871731R,test,jsn_predicted,heuristic,jsn_predicted_success
9872350L,test,jsn_predicted,heuristic,jsn_predicted_success
9872350R,test,jsn_predicted,heuristic,jsn_predicted_success
9877790L,test,jsn_predicted,heuristic,jsn_predicted_success
9877790R,test,jsn_predicted,heuristic,jsn_predicted_success
9878804L,test,jsn_predicted,heuristic,jsn_predicted_success
9878804R,test,jsn_predicted,heuristic,jsn_predicted_success
9879242L,test,jsn_predicted,heuristic,jsn_predicted_success
9879242R,test,jsn_predicted,heuristic,jsn_predicted_success
9880717L,test,jsn_predicted,heuristic,jsn_predicted_success
9880717R,test,jsn_predicted,heuristic,jsn_predicted_success
9881786L,test,jsn_predicted,heuristic,jsn_predicted_success
9881786R,test,jsn_predicted,heuristic,jsn_predicted_success
9881827R,test,jsn_predicted,heuristic,jsn_predicted_success
9886808L,test,jsn_predicted,heuristic,jsn_predicted_success
9886808R,test,jsn_predicted,heuristic,jsn_predicted_success
9888049L,test,jsn_predicted,heuristic,jsn_predicted_success
9888797L,test,jsn_predicted,heuristic,jsn_predicted_success
9888797R,test,jsn_predicted,heuristic,jsn_predicted_success
9895022L,test,jsn_predicted,heuristic,jsn_predicted_success
9895022R,test,jsn_predicted,heuristic,jsn_predicted_success
9896668L,test,jsn_predicted,heuristic,jsn_predicted_success
9896668R,test,jsn_predicted,heuristic,jsn_predicted_success
9897774R,test,jsn_predicted,heuristic,jsn_predicted_success
9900690L,test,jsn_predicted,heuristic,jsn_predicted_success
9900690R,test,jsn_predicted,heuristic,jsn_predicted_success
9902662L,test,jsn_predicted,heuristic,jsn_predicted_success
9904241R,test,jsn_predicted,heuristic,jsn_predicted_success
9906284L,test,jsn_predicted,heuristic,jsn_predicted_success
9906284R,test,jsn_predicted,heuristic,jsn_predicted_success
9907012L,test,jsn_predicted,heuristic,jsn_predicted_success
9907012R,test,jsn_predicted,heuristic,jsn_predicted_success
9909758L,test,jsn_predicted,heuristic,jsn_predicted_success
9909758R,test,jsn_predicted,heuristic,jsn_predicted_success
9910757L,test,jsn_predicted,heuristic,jsn_predicted_success
9911788L,test,jsn_predicted,heuristic,jsn_predicted_success
9911788R,test,jsn_predicted,heuristic,jsn_predicted_success
9919047L,test,jsn_predicted,heuristic,jsn_predicted_success
9919047R,test,jsn_predicted,heuristic,jsn_predicted_success
9919548L,test,jsn_predicted,heuristic,jsn_predicted_success
9919548R,test,jsn_predicted,heuristic,jsn_predicted_success
9921260L,test,jsn_predicted,heuristic,jsn_predicted_success
9921260R,test,jsn_predicted,heuristic,jsn_predicted_success
9924366L,test,jsn_predicted,heuristic,jsn_predicted_success
9926321L,test,jsn_predicted,heuristic,jsn_predicted_success
9926321R,test,jsn_predicted,heuristic,jsn_predicted_success
9927360R,test,jsn_predicted,heuristic,jsn_predicted_success
9929175R,test,jsn_predicted,heuristic,jsn_predicted_success
9935953L,test,jsn_predicted,heuristic,jsn_predicted_success
9935953R,test,jsn_predicted,heuristic,jsn_predicted_success
9938453L,test,jsn_predicted,heuristic,jsn_predicted_success
9945026R,test,jsn_predicted,heuristic,jsn_predicted_success
9952817L,test,jsn_predicted,heuristic,jsn_predicted_success
9952817R,test,jsn_predicted,heuristic,jsn_predicted_success
9953596L,test,jsn_predicted,heuristic,jsn_predicted_success
9956295L,test,jsn_predicted,heuristic,jsn_predicted_success
9956295R,test,jsn_predicted,heuristic,jsn_predicted_success
9957226L,test,jsn_predicted,heuristic,jsn_predicted_success
9965823L,test,jsn_predicted,heuristic,jsn_predicted_success
9966343L,test,jsn_predicted,heuristic,jsn_predicted_success
9966343R,test,jsn_predicted,heuristic,jsn_predicted_success
9967815R,test,jsn_predicted,heuristic,jsn_predicted_success
9970801L,test,jsn_predicted,heuristic,jsn_predicted_success
9970801R,test,jsn_predicted,heuristic,jsn_predicted_success
9973199L,test,jsn_predicted,heuristic,jsn_predicted_success
9977273L,test,jsn_predicted,heuristic,jsn_predicted_success
9981815L,test,jsn_predicted,heuristic,jsn_predicted_success
9981815R,test,jsn_predicted,heuristic,jsn_predicted_success
9982698R,test,jsn_predicted,heuristic,jsn_predicted_success
9988921L,test,jsn_predicted,heuristic,jsn_predicted_success
9989352R,test,jsn_predicted,heuristic,jsn_predicted_success
9992843L,test,jsn_predicted,heuristic,jsn_predicted_success
9992843R,test,jsn_predicted,heuristic,jsn_predicted_success
9993362L,test,jsn_predicted,heuristic,jsn_predicted_success
9993362R,test,jsn_predicted,heuristic,jsn_predicted_success
9993442L,test,jsn_predicted,heuristic,jsn_predicted_success
9994363R,test,jsn_predicted,heuristic,jsn_predicted_success
9996086L,test,jsn_predicted,heuristic,jsn_predicted_success
9996086R,test,jsn_predicted,heuristic,jsn_predicted_success
9998089L,test,jsn_predicted,heuristic,jsn_predicted_success
9048789R,test,jsn_predicted,heuristic,jsn_predicted_success
9049447L,test,jsn_predicted,heuristic,jsn_predicted_success
9049999L,test,jsn_predicted,heuristic,jsn_predicted_success
9049999R,test,jsn_predicted,heuristic,jsn_predicted_success
9055038L,test,jsn_predicted,heuristic,jsn_predicted_success
9055038R,test,jsn_predicted,heuristic,jsn_predicted_success
9055361R,test,jsn_predicted,heuristic,jsn_predicted_success
9070903R,test,jsn_predicted,heuristic,jsn_predicted_success
9072956L,test,jsn_predicted,heuristic,jsn_predicted_success
9072956R,test,jsn_predicted,heuristic,jsn_predicted_success
9079361L,test,jsn_predicted,heuristic,jsn_predicted_success
9079361R,test,jsn_predicted,heuristic,jsn_predicted_success
9088345L,test,jsn_predicted,heuristic,jsn_predicted_success
9088345R,test,jsn_predicted,heuristic,jsn_predicted_success
9091623L,test,jsn_predicted,heuristic,jsn_predicted_success
9091623R,test,jsn_predicted,heuristic,jsn_predicted_success
9094783L,test,jsn_predicted,heuristic,jsn_predicted_success
9101076L,test,jsn_predicted,heuristic,jsn_predicted_success
9101076R,test,jsn_predicted,heuristic,jsn_predicted_success
9102440R,test,jsn_predicted,heuristic,jsn_predicted_success
9103811L,test,jsn_predicted,heuristic,jsn_predicted_success
9107048L,test,jsn_predicted,heuristic,jsn_predicted_success
9107048R,test,jsn_predicted,heuristic,jsn_predicted_success
9120059L,test,jsn_predicted,heuristic,jsn_predicted_success
9144384L,test,jsn_predicted,heuristic,jsn_predicted_success
9149679L,test,jsn_predicted,heuristic,jsn_predicted_success
9157304L,test,jsn_predicted,heuristic,jsn_predicted_success
9157304R,test,jsn_predicted,heuristic,jsn_predicted_success
9170011R,test,jsn_predicted,heuristic,jsn_predicted_success
9173950L,test,jsn_predicted,heuristic,jsn_predicted_success
9175571L,test,jsn_predicted,heuristic,jsn_predicted_success
9175571R,test,jsn_predicted,heuristic,jsn_predicted_success
9177408R,test,jsn_predicted,heuristic,jsn_predicted_success
9183590R,test,jsn_predicted,heuristic,jsn_predicted_success
9192363R,test,jsn_predicted,heuristic,jsn_predicted_success
9197466R,test,jsn_predicted,heuristic,jsn_predicted_success
9201046L,test,jsn_predicted,heuristic,jsn_predicted_success
9207798L,test,jsn_predicted,heuristic,jsn_predicted_success
9207798R,test,jsn_predicted,heuristic,jsn_predicted_success
9211261L,test,jsn_predicted,heuristic,jsn_predicted_success
9220251R,test,jsn_predicted,heuristic,jsn_predicted_success
9224061L,test,jsn_predicted,heuristic,jsn_predicted_success
9229496R,test,jsn_predicted,heuristic,jsn_predicted_success
9232259R,test,jsn_predicted,heuristic,jsn_predicted_success
9237974R,test,jsn_predicted,heuristic,jsn_predicted_success
9241424L,test,jsn_predicted,heuristic,jsn_predicted_success
9241424R,test,jsn_predicted,heuristic,jsn_predicted_success
9242547R,test,jsn_predicted,heuristic,jsn_predicted_success
9245448L,test,jsn_predicted,heuristic,jsn_predicted_success
9245448R,test,jsn_predicted,heuristic,jsn_predicted_success
9247270L,test,jsn_predicted,heuristic,jsn_predicted_success
9247270R,test,jsn_predicted,heuristic,jsn_predicted_success
9249025L,test,jsn_predicted,heuristic,jsn_predicted_success
9250682L,test,jsn_predicted,heuristic,jsn_predicted_success
9250756L,test,jsn_predicted,heuristic,jsn_predicted_success
9252019R,test,jsn_predicted,heuristic,jsn_predicted_success
9255053L,test,jsn_predicted,heuristic,jsn_predicted_success
9255535R,test,jsn_predicted,heuristic,jsn_predicted_success
9255715R,test,jsn_predicted,heuristic,jsn_predicted_success
9264781R,test,jsn_predicted,heuristic,jsn_predicted_success
9273964L,test,jsn_predicted,heuristic,jsn_predicted_success
9274833R,test,jsn_predicted,heuristic,jsn_predicted_success
9281025L,test,jsn_predicted,heuristic,jsn_predicted_success
9283903L,test,jsn_predicted,heuristic,jsn_predicted_success
9287295R,test,jsn_predicted,heuristic,jsn_predicted_success
9290697L,test,jsn_predicted,heuristic,jsn_predicted_success
9302340L,test,jsn_predicted,heuristic,jsn_predicted_success
9304828R,test,jsn_predicted,heuristic,jsn_predicted_success
9305336R,test,jsn_predicted,heuristic,jsn_predicted_success
9307098L,test,jsn_predicted,heuristic,jsn_predicted_success
9311154R,test,jsn_predicted,heuristic,jsn_predicted_success
9327385L,test,jsn_predicted,heuristic,jsn_predicted_success
9327385R,test,jsn_predicted,heuristic,jsn_predicted_success
9341167L,test,jsn_predicted,heuristic,jsn_predicted_success
9355129L,test,jsn_predicted,heuristic,jsn_predicted_success
9369649R,test,jsn_predicted,heuristic,jsn_predicted_success
9370366L,test,jsn_predicted,heuristic,jsn_predicted_success
9376210L,test,jsn_predicted,heuristic,jsn_predicted_success
9376298L,test,jsn_predicted,heuristic,jsn_predicted_success
9376298R,test,jsn_predicted,heuristic,jsn_predicted_success
9376430L,test,jsn_predicted,heuristic,jsn_predicted_success
9376430R,test,jsn_predicted,heuristic,jsn_predicted_success
9379540R,test,jsn_predicted,heuristic,jsn_predicted_success
9383254L,test,jsn_predicted,heuristic,jsn_predicted_success
9384158L,test,jsn_predicted,heuristic,jsn_predicted_success
9393975L,test,jsn_predicted,heuristic,jsn_predicted_success
9396242R,test,jsn_predicted,heuristic,jsn_predicted_success
9397088L,test,jsn_predicted,heuristic,jsn_predicted_success
9397088R,test,jsn_predicted,heuristic,jsn_predicted_success
9402978R,test,jsn_predicted,heuristic,jsn_predicted_success
9409198R,test,jsn_predicted,heuristic,jsn_predicted_success
9409935L,test,jsn_predicted,heuristic,jsn_predicted_success
9410253L,test,jsn_predicted,heuristic,jsn_predicted_success
9410253R,test,jsn_predicted,heuristic,jsn_predicted_success
9413279R,test,jsn_predicted,heuristic,jsn_predicted_success
9416102L,test,jsn_predicted,heuristic,jsn_predicted_success
9419076L,test,jsn_predicted,heuristic,jsn_predicted_success
9420682L,test,jsn_predicted,heuristic,jsn_predicted_success
9430234L,test,jsn_predicted,heuristic,jsn_predicted_success
9430234R,test,jsn_predicted,heuristic,jsn_predicted_success
9437009L,test,jsn_predicted,heuristic,jsn_predicted_success
9445318R,test,jsn_predicted,heuristic,jsn_predicted_success
9448315R,test,jsn_predicted,heuristic,jsn_predicted_success
9449511R,test,jsn_predicted,heuristic,jsn_predicted_success
9457090L,test,jsn_predicted,heuristic,jsn_predicted_success
9460225L,test,jsn_predicted,heuristic,jsn_predicted_success
9462532L,test,jsn_predicted,heuristic,jsn_predicted_success
9466142L,test,jsn_predicted,heuristic,jsn_predicted_success
9471287L,test,jsn_predicted,heuristic,jsn_predicted_success
9471287R,test,jsn_predicted,heuristic,jsn_predicted_success
9473302R,test,jsn_predicted,heuristic,jsn_predicted_success
9473912L,test,jsn_predicted,heuristic,jsn_predicted_success
9473912R,test,jsn_predicted,heuristic,jsn_predicted_success
9474706L,test,jsn_predicted,heuristic,jsn_predicted_success
9474706R,test,jsn_predicted,heuristic,jsn_predicted_success
9476561L,test,jsn_predicted,heuristic,jsn_predicted_success
9486408R,test,jsn_predicted,heuristic,jsn_predicted_success
9486748L,test,jsn_predicted,heuristic,jsn_predicted_success
9487842L,test,jsn_predicted,heuristic,jsn_predicted_success
9488401R,test,jsn_predicted,heuristic,jsn_predicted_success
9488834L,test,jsn_predicted,heuristic,jsn_predicted_success
9493869L,test,jsn_predicted,heuristic,jsn_predicted_success
9493869R,test,jsn_predicted,heuristic,jsn_predicted_success
9495071L,test,jsn_predicted,heuristic,jsn_predicted_success
9495873L,test,jsn_predicted,heuristic,jsn_predicted_success
9507392L,test,jsn_predicted,heuristic,jsn_predicted_success
9516833R,test,jsn_predicted,heuristic,jsn_predicted_success
9517833L,test,jsn_predicted,heuristic,jsn_predicted_success
9518337R,test,jsn_predicted,heuristic,jsn_predicted_success
9521440R,test,jsn_predicted,heuristic,jsn_predicted_success
9522881L,test,jsn_predicted,heuristic,jsn_predicted_success
9526434L,test,jsn_predicted,heuristic,jsn_predicted_success
9526434R,test,jsn_predicted,heuristic,jsn_predicted_success
9544188L,test,jsn_predicted,heuristic,jsn_predicted_success
9552548L,test,jsn_predicted,heuristic,jsn_predicted_success
9552835R,test,jsn_predicted,heuristic,jsn_predicted_success
9555397L,test,jsn_predicted,heuristic,jsn_predicted_success
9555397R,test,jsn_predicted,heuristic,jsn_predicted_success
9564716R,test,jsn_predicted,heuristic,jsn_predicted_success
9565513R,test,jsn_predicted,heuristic,jsn_predicted_success
9568180L,test,jsn_predicted,heuristic,jsn_predicted_success
9572192R,test,jsn_predicted,heuristic,jsn_predicted_success
9572632L,test,jsn_predicted,heuristic,jsn_predicted_success
9572632R,test,jsn_predicted,heuristic,jsn_predicted_success
9574069L,test,jsn_predicted,heuristic,jsn_predicted_success
9575697L,test,jsn_predicted,heuristic,jsn_predicted_success
9583746R,test,jsn_predicted,heuristic,jsn_predicted_success
9589735R,test,jsn_predicted,heuristic,jsn_predicted_success
9597148L,test,jsn_predicted,heuristic,jsn_predicted_success
9597680L,test,jsn_predicted,heuristic,jsn_predicted_success
9597680R,test,jsn_predicted,heuristic,jsn_predicted_success
9599673L,test,jsn_predicted,heuristic,jsn_predicted_success
9607705L,test,jsn_predicted,heuristic,jsn_predicted_success
9607705R,test,jsn_predicted,heuristic,jsn_predicted_success
9615638R,test,jsn_predicted,heuristic,jsn_predicted_success
9615754L,test,jsn_predicted,heuristic,jsn_predicted_success
9617689L,test,jsn_predicted,heuristic,jsn_predicted_success
9617689R,test,jsn_predicted,heuristic,jsn_predicted_success
9622970R,test,jsn_predicted,heuristic,jsn_predicted_success
9629890L,test,jsn_predicted,heuristic,jsn_predicted_success
9632586L,test,jsn_predicted,heuristic,jsn_predicted_success
9647679R,test,jsn_predicted,heuristic,jsn_predicted_success
9649602R,test,jsn_predicted,heuristic,jsn_predicted_success
9654702L,test,jsn_predicted,heuristic,jsn_predicted_success
9656696R,test,jsn_predicted,heuristic,jsn_predicted_success
9660697L,test,jsn_predicted,heuristic,jsn_predicted_success
9663428R,test,jsn_predicted,heuristic,jsn_predicted_success
9666974L,test,jsn_predicted,heuristic,jsn_predicted_success
9666974R,test,jsn_predicted,heuristic,jsn_predicted_success
9667445L,test,jsn_predicted,heuristic,jsn_predicted_success
9667445R,test,jsn_predicted,heuristic,jsn_predicted_success
9671988R,test,jsn_predicted,heuristic,jsn_predicted_success
9675129R,test,jsn_predicted,heuristic,jsn_predicted_success
9677770L,test,jsn_predicted,heuristic,jsn_predicted_success
9680874L,test,jsn_predicted,heuristic,jsn_predicted_success
9688338L,test,jsn_predicted,heuristic,jsn_predicted_success
9688649R,test,jsn_predicted,heuristic,jsn_predicted_success
9692368L,test,jsn_predicted,heuristic,jsn_predicted_success
9692368R,test,jsn_predicted,heuristic,jsn_predicted_success
9695379L,test,jsn_predicted,heuristic,jsn_predicted_success
9695379R,test,jsn_predicted,heuristic,jsn_predicted_success
9698137L,test,jsn_predicted,heuristic,jsn_predicted_success
9698980L,test,jsn_predicted,heuristic,jsn_predicted_success
9698980R,test,jsn_predicted,heuristic,jsn_predicted_success
9700314R,test,jsn_predicted,heuristic,jsn_predicted_success
9705415R,test,jsn_predicted,heuristic,jsn_predicted_success
9706172L,test,jsn_predicted,heuristic,jsn_predicted_success
9713986L,test,jsn_predicted,heuristic,jsn_predicted_success
9718992R,test,jsn_predicted,heuristic,jsn_predicted_success
9719999L,test,jsn_predicted,heuristic,jsn_predicted_success
9721192R,test,jsn_predicted,heuristic,jsn_predicted_success
9722173L,test,jsn_predicted,heuristic,jsn_predicted_success
9722173R,test,jsn_predicted,heuristic,jsn_predicted_success
9725724L,test,jsn_predicted,heuristic,jsn_predicted_success
9728094L,test,jsn_predicted,heuristic,jsn_predicted_success
9728094R,test,jsn_predicted,heuristic,jsn_predicted_success
9728215R,test,jsn_predicted,heuristic,jsn_predicted_success
9728442L,test,jsn_predicted,heuristic,jsn_predicted_success
9728442R,test,jsn_predicted,heuristic,jsn_predicted_success
9729986L,test,jsn_predicted,heuristic,jsn_predicted_success
9733288L,test,jsn_predicted,heuristic,jsn_predicted_success
9736924L,test,jsn_predicted,heuristic,jsn_predicted_success
9742226R,test,jsn_predicted,heuristic,jsn_predicted_success
9743560L,test,jsn_predicted,heuristic,jsn_predicted_success
9744444L,test,jsn_predicted,heuristic,jsn_predicted_success
9745578R,test,jsn_predicted,heuristic,jsn_predicted_success
9746055R,test,jsn_predicted,heuristic,jsn_predicted_success
9746357L,test,jsn_predicted,heuristic,jsn_predicted_success
9746357R,test,jsn_predicted,heuristic,jsn_predicted_success
9747094R,test,jsn_predicted,heuristic,jsn_predicted_success
9748304R,test,jsn_predicted,heuristic,jsn_predicted_success
9751381L,test,jsn_predicted,heuristic,jsn_predicted_success
9751381R,test,jsn_predicted,heuristic,jsn_predicted_success
9754373L,test,jsn_predicted,heuristic,jsn_predicted_success
9768500R,test,jsn_predicted,heuristic,jsn_predicted_success
9771687R,test,jsn_predicted,heuristic,jsn_predicted_success
9775237L,test,jsn_predicted,heuristic,jsn_predicted_success
9775237R,test,jsn_predicted,heuristic,jsn_predicted_success
9779635L,test,jsn_predicted,heuristic,jsn_predicted_success
9780482L,test,jsn_predicted,heuristic,jsn_predicted_success
9784803L,test,jsn_predicted,heuristic,jsn_predicted_success
9784803R,test,jsn_predicted,heuristic,jsn_predicted_success
9788301R,test,jsn_predicted,heuristic,jsn_predicted_success
9789809R,test,jsn_predicted,heuristic,jsn_predicted_success
9795389R,test,jsn_predicted,heuristic,jsn_predicted_success
9795669R,test,jsn_predicted,heuristic,jsn_predicted_success
9796299L,test,jsn_predicted,heuristic,jsn_predicted_success
9796889L,test,jsn_predicted,heuristic,jsn_predicted_success
9797299L,test,jsn_predicted,heuristic,jsn_predicted_success
9797299R,test,jsn_predicted,heuristic,jsn_predicted_success
9802615R,test,jsn_predicted,heuristic,jsn_predicted_success
9805894R,test,jsn_predicted,heuristic,jsn_predicted_success
9809967R,test,jsn_predicted,heuristic,jsn_predicted_success
9815657R,test,jsn_predicted,heuristic,jsn_predicted_success
9826196R,test,jsn_predicted,heuristic,jsn_predicted_success
9828819R,test,jsn_predicted,heuristic,jsn_predicted_success
9838317R,test,jsn_predicted,heuristic,jsn_predicted_success
9842816R,test,jsn_predicted,heuristic,jsn_predicted_success
9852273L,test,jsn_predicted,heuristic,jsn_predicted_success
9852273R,test,jsn_predicted,heuristic,jsn_predicted_success
9856831R,test,jsn_predicted,heuristic,jsn_predicted_success
9873241R,test,jsn_predicted,heuristic,jsn_predicted_success
9877906L,test,jsn_predicted,heuristic,jsn_predicted_success
9884784L,test,jsn_predicted,heuristic,jsn_predicted_success
9884784R,test,jsn_predicted,heuristic,jsn_predicted_success
9885702L,test,jsn_predicted,heuristic,jsn_predicted_success
9885702R,test,jsn_predicted,heuristic,jsn_predicted_success
9886298R,test,jsn_predicted,heuristic,jsn_predicted_success
9891691R,test,jsn_predicted,heuristic,jsn_predicted_success
9894295L,test,jsn_predicted,heuristic,jsn_predicted_success
9905024R,test,jsn_predicted,heuristic,jsn_predicted_success
9906664R,test,jsn_predicted,heuristic,jsn_predicted_success
9910757R,test,jsn_predicted,heuristic,jsn_predicted_success
9910787L,test,jsn_predicted,heuristic,jsn_predicted_success
9912315L,test,jsn_predicted,heuristic,jsn_predicted_success
9912315R,test,jsn_predicted,heuristic,jsn_predicted_success
9925594R,test,jsn_predicted,heuristic,jsn_predicted_success
9926839R,test,jsn_predicted,heuristic,jsn_predicted_success
9927360L,test,jsn_predicted,heuristic,jsn_predicted_success
9929175L,test,jsn_predicted,heuristic,jsn_predicted_success
9931097L,test,jsn_predicted,heuristic,jsn_predicted_success
9932333L,test,jsn_predicted,heuristic,jsn_predicted_success
9935827L,test,jsn_predicted,heuristic,jsn_predicted_success
9935827R,test,jsn_predicted,heuristic,jsn_predicted_success
9938236R,test,jsn_predicted,heuristic,jsn_predicted_success
9938453R,test,jsn_predicted,heuristic,jsn_predicted_success
9945026L,test,jsn_predicted,heuristic,jsn_predicted_success
9953596R,test,jsn_predicted,heuristic,jsn_predicted_success
9957226R,test,jsn_predicted,heuristic,jsn_predicted_success
9958220L,test,jsn_predicted,heuristic,jsn_predicted_success
9967294R,test,jsn_predicted,heuristic,jsn_predicted_success
9967960L,test,jsn_predicted,heuristic,jsn_predicted_success
9971275R,test,jsn_predicted,heuristic,jsn_predicted_success
9975280L,test,jsn_predicted,heuristic,jsn_predicted_success
9979181R,test,jsn_predicted,heuristic,jsn_predicted_success
9982698L,test,jsn_predicted,heuristic,jsn_predicted_success
9984706R,test,jsn_predicted,heuristic,jsn_predicted_success
9989352L,test,jsn_predicted,heuristic,jsn_predicted_success
9994363L,test,jsn_predicted,heuristic,jsn_predicted_success
9995277L,test,jsn_predicted,heuristic,jsn_predicted_success
9995277R,test,jsn_predicted,heuristic,jsn_predicted_success
9020714R,test,jsn_predicted,heuristic,jsn_predicted_success
9026934L,test,jsn_predicted,heuristic,jsn_predicted_success
9026934R,test,jsn_predicted,heuristic,jsn_predicted_success
9027422R,test,jsn_predicted,heuristic,jsn_predicted_success
9028786R,test,jsn_predicted,heuristic,jsn_predicted_success
9034991L,test,jsn_predicted,heuristic,jsn_predicted_success
9034991R,test,jsn_predicted,heuristic,jsn_predicted_success
9035317L,test,jsn_predicted,heuristic,jsn_predicted_success
9048192L,test,jsn_predicted,heuristic,jsn_predicted_success
9049223L,test,jsn_predicted,heuristic,jsn_predicted_success
9049223R,test,jsn_predicted,heuristic,jsn_predicted_success
9049706R,test,jsn_predicted,heuristic,jsn_predicted_success
9057327L,test,jsn_predicted,heuristic,jsn_predicted_success
9057327R,test,jsn_predicted,heuristic,jsn_predicted_success
9059837L,test,jsn_predicted,heuristic,jsn_predicted_success
9062328L,test,jsn_predicted,heuristic,jsn_predicted_success
9062328R,test,jsn_predicted,heuristic,jsn_predicted_success
9071924L,test,jsn_predicted,heuristic,jsn_predicted_success
9071924R,test,jsn_predicted,heuristic,jsn_predicted_success
9075900L,test,jsn_predicted,heuristic,jsn_predicted_success
9075900R,test,jsn_predicted,heuristic,jsn_predicted_success
9076313R,test,jsn_predicted,heuristic,jsn_predicted_success
9082159R,test,jsn_predicted,heuristic,jsn_predicted_success
9082631L,test,jsn_predicted,heuristic,jsn_predicted_success
9086133R,test,jsn_predicted,heuristic,jsn_predicted_success
9088866R,test,jsn_predicted,heuristic,jsn_predicted_success
9092628L,test,jsn_predicted,heuristic,jsn_predicted_success
9098409R,test,jsn_predicted,heuristic,jsn_predicted_success
9099360L,test,jsn_predicted,heuristic,jsn_predicted_success
9099360R,test,jsn_predicted,heuristic,jsn_predicted_success
9099785L,test,jsn_predicted,heuristic,jsn_predicted_success
9102440L,test,jsn_predicted,heuristic,jsn_predicted_success
9103811R,test,jsn_predicted,heuristic,jsn_predicted_success
9116147R,test,jsn_predicted,heuristic,jsn_predicted_success
9124421R,test,jsn_predicted,heuristic,jsn_predicted_success
9124895R,test,jsn_predicted,heuristic,jsn_predicted_success
9126260L,test,jsn_predicted,heuristic,jsn_predicted_success
9133451L,test,jsn_predicted,heuristic,jsn_predicted_success
9133451R,test,jsn_predicted,heuristic,jsn_predicted_success
9138554L,test,jsn_predicted,heuristic,jsn_predicted_success
9138554R,test,jsn_predicted,heuristic,jsn_predicted_success
9142551L,test,jsn_predicted,heuristic,jsn_predicted_success
9142551R,test,jsn_predicted,heuristic,jsn_predicted_success
9146898L,test,jsn_predicted,heuristic,jsn_predicted_success
9154257L,test,jsn_predicted,heuristic,jsn_predicted_success
9156309L,test,jsn_predicted,heuristic,jsn_predicted_success
9167275L,test,jsn_predicted,heuristic,jsn_predicted_success
9167275R,test,jsn_predicted,heuristic,jsn_predicted_success
9169499R,test,jsn_predicted,heuristic,jsn_predicted_success
9170011L,test,jsn_predicted,heuristic,jsn_predicted_success
9175204L,test,jsn_predicted,heuristic,jsn_predicted_success
9175204R,test,jsn_predicted,heuristic,jsn_predicted_success
9175691L,test,jsn_predicted,heuristic,jsn_predicted_success
9175691R,test,jsn_predicted,heuristic,jsn_predicted_success
9177408L,test,jsn_predicted,heuristic,jsn_predicted_success
9183590L,test,jsn_predicted,heuristic,jsn_predicted_success
9188012L,test,jsn_predicted,heuristic,jsn_predicted_success
9188012R,test,jsn_predicted,heuristic,jsn_predicted_success
9188312L,test,jsn_predicted,heuristic,jsn_predicted_success
9192363L,test,jsn_predicted,heuristic,jsn_predicted_success
9194300R,test,jsn_predicted,heuristic,jsn_predicted_success
9195363L,test,jsn_predicted,heuristic,jsn_predicted_success
9198531L,test,jsn_predicted,heuristic,jsn_predicted_success
9198531R,test,jsn_predicted,heuristic,jsn_predicted_success
9198552L,test,jsn_predicted,heuristic,jsn_predicted_success
9212386L,test,jsn_predicted,heuristic,jsn_predicted_success
9212386R,test,jsn_predicted,heuristic,jsn_predicted_success
9214395L,test,jsn_predicted,heuristic,jsn_predicted_success
9214480L,test,jsn_predicted,heuristic,jsn_predicted_success
9220251L,test,jsn_predicted,heuristic,jsn_predicted_success
9222916R,test,jsn_predicted,heuristic,jsn_predicted_success
9224061R,test,jsn_predicted,heuristic,jsn_predicted_success
9225063L,test,jsn_predicted,heuristic,jsn_predicted_success
9225063R,test,jsn_predicted,heuristic,jsn_predicted_success
9233869L,test,jsn_predicted,heuristic,jsn_predicted_success
9233869R,test,jsn_predicted,heuristic,jsn_predicted_success
9236300R,test,jsn_predicted,heuristic,jsn_predicted_success
9237974L,test,jsn_predicted,heuristic,jsn_predicted_success
9239017L,test,jsn_predicted,heuristic,jsn_predicted_success
9242547L,test,jsn_predicted,heuristic,jsn_predicted_success
9250401L,test,jsn_predicted,heuristic,jsn_predicted_success
9250401R,test,jsn_predicted,heuristic,jsn_predicted_success
9250682R,test,jsn_predicted,heuristic,jsn_predicted_success
9250756R,test,jsn_predicted,heuristic,jsn_predicted_success
9255715L,test,jsn_predicted,heuristic,jsn_predicted_success
9261372L,test,jsn_predicted,heuristic,jsn_predicted_success
9263025R,test,jsn_predicted,heuristic,jsn_predicted_success
9264781L,test,jsn_predicted,heuristic,jsn_predicted_success
9268509L,test,jsn_predicted,heuristic,jsn_predicted_success
9270026R,test,jsn_predicted,heuristic,jsn_predicted_success
9271853L,test,jsn_predicted,heuristic,jsn_predicted_success
9271965L,test,jsn_predicted,heuristic,jsn_predicted_success
9281025R,test,jsn_predicted,heuristic,jsn_predicted_success
9282257L,test,jsn_predicted,heuristic,jsn_predicted_success
9283264R,test,jsn_predicted,heuristic,jsn_predicted_success
9283903R,test,jsn_predicted,heuristic,jsn_predicted_success
9285049L,test,jsn_predicted,heuristic,jsn_predicted_success
9285049R,test,jsn_predicted,heuristic,jsn_predicted_success
9287241R,test,jsn_predicted,heuristic,jsn_predicted_success
9290752L,test,jsn_predicted,heuristic,jsn_predicted_success
9290752R,test,jsn_predicted,heuristic,jsn_predicted_success
9297511L,test,jsn_predicted,heuristic,jsn_predicted_success
9297511R,test,jsn_predicted,heuristic,jsn_predicted_success
9299531L,test,jsn_predicted,heuristic,jsn_predicted_success
9301826L,test,jsn_predicted,heuristic,jsn_predicted_success
9301826R,test,jsn_predicted,heuristic,jsn_predicted_success
9304828L,test,jsn_predicted,heuristic,jsn_predicted_success
9313330L,test,jsn_predicted,heuristic,jsn_predicted_success
9313330R,test,jsn_predicted,heuristic,jsn_predicted_success
9316866L,test,jsn_predicted,heuristic,jsn_predicted_success
9316866R,test,jsn_predicted,heuristic,jsn_predicted_success
9322109R,test,jsn_predicted,heuristic,jsn_predicted_success
9328332R,test,jsn_predicted,heuristic,jsn_predicted_success
9330729L,test,jsn_predicted,heuristic,jsn_predicted_success
9338965R,test,jsn_predicted,heuristic,jsn_predicted_success
9341167R,test,jsn_predicted,heuristic,jsn_predicted_success
9349019L,test,jsn_predicted,heuristic,jsn_predicted_success
9353339R,test,jsn_predicted,heuristic,jsn_predicted_success
9354156L,test,jsn_predicted,heuristic,jsn_predicted_success
9354156R,test,jsn_predicted,heuristic,jsn_predicted_success
9357226L,test,jsn_predicted,heuristic,jsn_predicted_success
9357226R,test,jsn_predicted,heuristic,jsn_predicted_success
9358383L,test,jsn_predicted,heuristic,jsn_predicted_success
9358383R,test,jsn_predicted,heuristic,jsn_predicted_success
9367651L,test,jsn_predicted,heuristic,jsn_predicted_success
9367651R,test,jsn_predicted,heuristic,jsn_predicted_success
9376210R,test,jsn_predicted,heuristic,jsn_predicted_success
9380143L,test,jsn_predicted,heuristic,jsn_predicted_success
9383254R,test,jsn_predicted,heuristic,jsn_predicted_success
9384158R,test,jsn_predicted,heuristic,jsn_predicted_success
9396242L,test,jsn_predicted,heuristic,jsn_predicted_success
9397530L,test,jsn_predicted,heuristic,jsn_predicted_success
9397530R,test,jsn_predicted,heuristic,jsn_predicted_success
9398120L,test,jsn_predicted,heuristic,jsn_predicted_success
9400127L,test,jsn_predicted,heuristic,jsn_predicted_success
9402978L,test,jsn_predicted,heuristic,jsn_predicted_success
9407928L,test,jsn_predicted,heuristic,jsn_predicted_success
9409935R,test,jsn_predicted,heuristic,jsn_predicted_success
9410190R,test,jsn_predicted,heuristic,jsn_predicted_success
9413279L,test,jsn_predicted,heuristic,jsn_predicted_success
9415074L,test,jsn_predicted,heuristic,jsn_predicted_success
9415074R,test,jsn_predicted,heuristic,jsn_predicted_success
9417075R,test,jsn_predicted,heuristic,jsn_predicted_success
9421281L,test,jsn_predicted,heuristic,jsn_predicted_success
9421281R,test,jsn_predicted,heuristic,jsn_predicted_success
9422381L,test,jsn_predicted,heuristic,jsn_predicted_success
9426434L,test,jsn_predicted,heuristic,jsn_predicted_success
9426434R,test,jsn_predicted,heuristic,jsn_predicted_success
9437009R,test,jsn_predicted,heuristic,jsn_predicted_success
9448133R,test,jsn_predicted,heuristic,jsn_predicted_success
9448315L,test,jsn_predicted,heuristic,jsn_predicted_success
9451212L,test,jsn_predicted,heuristic,jsn_predicted_success
9451212R,test,jsn_predicted,heuristic,jsn_predicted_success
9451546L,test,jsn_predicted,heuristic,jsn_predicted_success
9451546R,test,jsn_predicted,heuristic,jsn_predicted_success
9453074L,test,jsn_predicted,heuristic,jsn_predicted_success
9453074R,test,jsn_predicted,heuristic,jsn_predicted_success
9455248L,test,jsn_predicted,heuristic,jsn_predicted_success
9455248R,test,jsn_predicted,heuristic,jsn_predicted_success
9457359L,test,jsn_predicted,heuristic,jsn_predicted_success
9459421L,test,jsn_predicted,heuristic,jsn_predicted_success
9461520L,test,jsn_predicted,heuristic,jsn_predicted_success
9461520R,test,jsn_predicted,heuristic,jsn_predicted_success
9462532R,test,jsn_predicted,heuristic,jsn_predicted_success
9466142R,test,jsn_predicted,heuristic,jsn_predicted_success
9467252L,test,jsn_predicted,heuristic,jsn_predicted_success
9473302L,test,jsn_predicted,heuristic,jsn_predicted_success
9473791L,test,jsn_predicted,heuristic,jsn_predicted_success
9476633L,test,jsn_predicted,heuristic,jsn_predicted_success
9483254L,test,jsn_predicted,heuristic,jsn_predicted_success
9483254R,test,jsn_predicted,heuristic,jsn_predicted_success
9484333R,test,jsn_predicted,heuristic,jsn_predicted_success
9484866L,test,jsn_predicted,heuristic,jsn_predicted_success
9487842R,test,jsn_predicted,heuristic,jsn_predicted_success
9488834R,test,jsn_predicted,heuristic,jsn_predicted_success
9488966L,test,jsn_predicted,heuristic,jsn_predicted_success
9488966R,test,jsn_predicted,heuristic,jsn_predicted_success
9495881L,test,jsn_predicted,heuristic,jsn_predicted_success
9495881R,test,jsn_predicted,heuristic,jsn_predicted_success
9496443L,test,jsn_predicted,heuristic,jsn_predicted_success
9497734R,test,jsn_predicted,heuristic,jsn_predicted_success
9501623R,test,jsn_predicted,heuristic,jsn_predicted_success
9501891R,test,jsn_predicted,heuristic,jsn_predicted_success
9504935R,test,jsn_predicted,heuristic,jsn_predicted_success
9510343L,test,jsn_predicted,heuristic,jsn_predicted_success
9525665L,test,jsn_predicted,heuristic,jsn_predicted_success
9525665R,test,jsn_predicted,heuristic,jsn_predicted_success
9528955R,test,jsn_predicted,heuristic,jsn_predicted_success
9530267R,test,jsn_predicted,heuristic,jsn_predicted_success
9531901L,test,jsn_predicted,heuristic,jsn_predicted_success
9531901R,test,jsn_predicted,heuristic,jsn_predicted_success
9534110L,test,jsn_predicted,heuristic,jsn_predicted_success
9534110R,test,jsn_predicted,heuristic,jsn_predicted_success
9537947L,test,jsn_predicted,heuristic,jsn_predicted_success
9544188R,test,jsn_predicted,heuristic,jsn_predicted_success
9548903L,test,jsn_predicted,heuristic,jsn_predicted_success
9548903R,test,jsn_predicted,heuristic,jsn_predicted_success
9549405R,test,jsn_predicted,heuristic,jsn_predicted_success
9550405L,test,jsn_predicted,heuristic,jsn_predicted_success
9550405R,test,jsn_predicted,heuristic,jsn_predicted_success
9551857L,test,jsn_predicted,heuristic,jsn_predicted_success
9552108L,test,jsn_predicted,heuristic,jsn_predicted_success
9552108R,test,jsn_predicted,heuristic,jsn_predicted_success
9552548R,test,jsn_predicted,heuristic,jsn_predicted_success
9554631R,test,jsn_predicted,heuristic,jsn_predicted_success
9556402R,test,jsn_predicted,heuristic,jsn_predicted_success
9556464R,test,jsn_predicted,heuristic,jsn_predicted_success
9560292L,test,jsn_predicted,heuristic,jsn_predicted_success
9560292R,test,jsn_predicted,heuristic,jsn_predicted_success
9560702L,test,jsn_predicted,heuristic,jsn_predicted_success
9560965R,test,jsn_predicted,heuristic,jsn_predicted_success
9563521L,test,jsn_predicted,heuristic,jsn_predicted_success
9563521R,test,jsn_predicted,heuristic,jsn_predicted_success
9563713L,test,jsn_predicted,heuristic,jsn_predicted_success
9563713R,test,jsn_predicted,heuristic,jsn_predicted_success
9565513L,test,jsn_predicted,heuristic,jsn_predicted_success
9568180R,test,jsn_predicted,heuristic,jsn_predicted_success
9569706L,test,jsn_predicted,heuristic,jsn_predicted_success
9569706R,test,jsn_predicted,heuristic,jsn_predicted_success
9571740L,test,jsn_predicted,heuristic,jsn_predicted_success
9574069R,test,jsn_predicted,heuristic,jsn_predicted_success
9576694L,test,jsn_predicted,heuristic,jsn_predicted_success
9576694R,test,jsn_predicted,heuristic,jsn_predicted_success
9593694R,test,jsn_predicted,heuristic,jsn_predicted_success
9595122R,test,jsn_predicted,heuristic,jsn_predicted_success
9596903R,test,jsn_predicted,heuristic,jsn_predicted_success
9598976R,test,jsn_predicted,heuristic,jsn_predicted_success
9599673R,test,jsn_predicted,heuristic,jsn_predicted_success
9606955R,test,jsn_predicted,heuristic,jsn_predicted_success
9607698L,test,jsn_predicted,heuristic,jsn_predicted_success
9607698R,test,jsn_predicted,heuristic,jsn_predicted_success
9609776R,test,jsn_predicted,heuristic,jsn_predicted_success
9610630L,test,jsn_predicted,heuristic,jsn_predicted_success
9610630R,test,jsn_predicted,heuristic,jsn_predicted_success
9612440L,test,jsn_predicted,heuristic,jsn_predicted_success
9612440R,test,jsn_predicted,heuristic,jsn_predicted_success
9613135R,test,jsn_predicted,heuristic,jsn_predicted_success
9614752L,test,jsn_predicted,heuristic,jsn_predicted_success
9614752R,test,jsn_predicted,heuristic,jsn_predicted_success
9614934L,test,jsn_predicted,heuristic,jsn_predicted_success
9614934R,test,jsn_predicted,heuristic,jsn_predicted_success
9615638L,test,jsn_predicted,heuristic,jsn_predicted_success
9615754R,test,jsn_predicted,heuristic,jsn_predicted_success
9616228L,test,jsn_predicted,heuristic,jsn_predicted_success
9616634L,test,jsn_predicted,heuristic,jsn_predicted_success
9616634R,test,jsn_predicted,heuristic,jsn_predicted_success
9617705L,test,jsn_predicted,heuristic,jsn_predicted_success
9617705R,test,jsn_predicted,heuristic,jsn_predicted_success
9624955L,test,jsn_predicted,heuristic,jsn_predicted_success
9625433L,test,jsn_predicted,heuristic,jsn_predicted_success
9625433R,test,jsn_predicted,heuristic,jsn_predicted_success
9625639L,test,jsn_predicted,heuristic,jsn_predicted_success
9625639R,test,jsn_predicted,heuristic,jsn_predicted_success
9626432L,test,jsn_predicted,heuristic,jsn_predicted_success
9626432R,test,jsn_predicted,heuristic,jsn_predicted_success
9627152L,test,jsn_predicted,heuristic,jsn_predicted_success
9627152R,test,jsn_predicted,heuristic,jsn_predicted_success
9629890R,test,jsn_predicted,heuristic,jsn_predicted_success
9634146R,test,jsn_predicted,heuristic,jsn_predicted_success
9639683L,test,jsn_predicted,heuristic,jsn_predicted_success
9644109L,test,jsn_predicted,heuristic,jsn_predicted_success
9644109R,test,jsn_predicted,heuristic,jsn_predicted_success
9646090R,test,jsn_predicted,heuristic,jsn_predicted_success
9646239L,test,jsn_predicted,heuristic,jsn_predicted_success
9647679L,test,jsn_predicted,heuristic,jsn_predicted_success
9648224L,test,jsn_predicted,heuristic,jsn_predicted_success
9648224R,test,jsn_predicted,heuristic,jsn_predicted_success
9650212L,test,jsn_predicted,heuristic,jsn_predicted_success
9650212R,test,jsn_predicted,heuristic,jsn_predicted_success
9654655L,test,jsn_predicted,heuristic,jsn_predicted_success
9654655R,test,jsn_predicted,heuristic,jsn_predicted_success
9654702R,test,jsn_predicted,heuristic,jsn_predicted_success
9660708L,test,jsn_predicted,heuristic,jsn_predicted_success
9663706R,test,jsn_predicted,heuristic,jsn_predicted_success
9668241L,test,jsn_predicted,heuristic,jsn_predicted_success
9668241R,test,jsn_predicted,heuristic,jsn_predicted_success
9671988L,test,jsn_predicted,heuristic,jsn_predicted_success
9675129L,test,jsn_predicted,heuristic,jsn_predicted_success
9677770R,test,jsn_predicted,heuristic,jsn_predicted_success
9685324R,test,jsn_predicted,heuristic,jsn_predicted_success
9686621L,test,jsn_predicted,heuristic,jsn_predicted_success
9688338R,test,jsn_predicted,heuristic,jsn_predicted_success
9698137R,test,jsn_predicted,heuristic,jsn_predicted_success
9699962L,test,jsn_predicted,heuristic,jsn_predicted_success
9699962R,test,jsn_predicted,heuristic,jsn_predicted_success
9700314L,test,jsn_predicted,heuristic,jsn_predicted_success
9701165L,test,jsn_predicted,heuristic,jsn_predicted_success
9705415L,test,jsn_predicted,heuristic,jsn_predicted_success
9711506R,test,jsn_predicted,heuristic,jsn_predicted_success
9711687R,test,jsn_predicted,heuristic,jsn_predicted_success
9718992L,test,jsn_predicted,heuristic,jsn_predicted_success
9719748R,test,jsn_predicted,heuristic,jsn_predicted_success
9720535L,test,jsn_predicted,heuristic,jsn_predicted_success
9722541L,test,jsn_predicted,heuristic,jsn_predicted_success
9722541R,test,jsn_predicted,heuristic,jsn_predicted_success
9725172R,test,jsn_predicted,heuristic,jsn_predicted_success
9725978L,test,jsn_predicted,heuristic,jsn_predicted_success
9733288R,test,jsn_predicted,heuristic,jsn_predicted_success
9733523R,test,jsn_predicted,heuristic,jsn_predicted_success
9735251R,test,jsn_predicted,heuristic,jsn_predicted_success
9736924R,test,jsn_predicted,heuristic,jsn_predicted_success
9742226L,test,jsn_predicted,heuristic,jsn_predicted_success
9743839L,test,jsn_predicted,heuristic,jsn_predicted_success
9743839R,test,jsn_predicted,heuristic,jsn_predicted_success
9744444R,test,jsn_predicted,heuristic,jsn_predicted_success
9746055L,test,jsn_predicted,heuristic,jsn_predicted_success
9747567L,test,jsn_predicted,heuristic,jsn_predicted_success
9747567R,test,jsn_predicted,heuristic,jsn_predicted_success
9748304L,test,jsn_predicted,heuristic,jsn_predicted_success
9762600L,test,jsn_predicted,heuristic,jsn_predicted_success
9766939L,test,jsn_predicted,heuristic,jsn_predicted_success
9768219L,test,jsn_predicted,heuristic,jsn_predicted_success
9768219R,test,jsn_predicted,heuristic,jsn_predicted_success
9768469L,test,jsn_predicted,heuristic,jsn_predicted_success
9768469R,test,jsn_predicted,heuristic,jsn_predicted_success
9768500L,test,jsn_predicted,heuristic,jsn_predicted_success
9770626L,test,jsn_predicted,heuristic,jsn_predicted_success
9779483L,test,jsn_predicted,heuristic,jsn_predicted_success
9779635R,test,jsn_predicted,heuristic,jsn_predicted_success
9785243R,test,jsn_predicted,heuristic,jsn_predicted_success
9786263L,test,jsn_predicted,heuristic,jsn_predicted_success
9786263R,test,jsn_predicted,heuristic,jsn_predicted_success
9788301L,test,jsn_predicted,heuristic,jsn_predicted_success
9792506L,test,jsn_predicted,heuristic,jsn_predicted_success
9792506R,test,jsn_predicted,heuristic,jsn_predicted_success
9795669L,test,jsn_predicted,heuristic,jsn_predicted_success
9796889R,test,jsn_predicted,heuristic,jsn_predicted_success
9797850L,test,jsn_predicted,heuristic,jsn_predicted_success
9797850R,test,jsn_predicted,heuristic,jsn_predicted_success
9800607R,test,jsn_predicted,heuristic,jsn_predicted_success
9802615L,test,jsn_predicted,heuristic,jsn_predicted_success
9810243L,test,jsn_predicted,heuristic,jsn_predicted_success
9810243R,test,jsn_predicted,heuristic,jsn_predicted_success
9813780L,test,jsn_predicted,heuristic,jsn_predicted_success
9817136L,test,jsn_predicted,heuristic,jsn_predicted_success
9819744L,test,jsn_predicted,heuristic,jsn_predicted_success
9819871L,test,jsn_predicted,heuristic,jsn_predicted_success
9819871R,test,jsn_predicted,heuristic,jsn_predicted_success
9826196L,test,jsn_predicted,heuristic,jsn_predicted_success
9828819L,test,jsn_predicted,heuristic,jsn_predicted_success
9831300R,test,jsn_predicted,heuristic,jsn_predicted_success
9832566R,test,jsn_predicted,heuristic,jsn_predicted_success
9837371R,test,jsn_predicted,heuristic,jsn_predicted_success
9841033L,test,jsn_predicted,heuristic,jsn_predicted_success
9850238L,test,jsn_predicted,heuristic,jsn_predicted_success
9851573L,test,jsn_predicted,heuristic,jsn_predicted_success
9851573R,test,jsn_predicted,heuristic,jsn_predicted_success
9851758L,test,jsn_predicted,heuristic,jsn_predicted_success
9857555L,test,jsn_predicted,heuristic,jsn_predicted_success
9857555R,test,jsn_predicted,heuristic,jsn_predicted_success
9859472L,test,jsn_predicted,heuristic,jsn_predicted_success
9862321L,test,jsn_predicted,heuristic,jsn_predicted_success
9867315L,test,jsn_predicted,heuristic,jsn_predicted_success
9870070L,test,jsn_predicted,heuristic,jsn_predicted_success
9870070R,test,jsn_predicted,heuristic,jsn_predicted_success
9872810L,test,jsn_predicted,heuristic,jsn_predicted_success
9873241L,test,jsn_predicted,heuristic,jsn_predicted_success
9875303L,test,jsn_predicted,heuristic,jsn_predicted_success
9875303R,test,jsn_predicted,heuristic,jsn_predicted_success
9877906R,test,jsn_predicted,heuristic,jsn_predicted_success
9878596R,test,jsn_predicted,heuristic,jsn_predicted_success
9885105L,test,jsn_predicted,heuristic,jsn_predicted_success
9885105R,test,jsn_predicted,heuristic,jsn_predicted_success
9888049R,test,jsn_predicted,heuristic,jsn_predicted_success
9891691L,test,jsn_predicted,heuristic,jsn_predicted_success
9894111L,test,jsn_predicted,heuristic,jsn_predicted_success
9894111R,test,jsn_predicted,heuristic,jsn_predicted_success
9894295R,test,jsn_predicted,heuristic,jsn_predicted_success
9895675L,test,jsn_predicted,heuristic,jsn_predicted_success
9895675R,test,jsn_predicted,heuristic,jsn_predicted_success
9897774L,test,jsn_predicted,heuristic,jsn_predicted_success
9902662R,test,jsn_predicted,heuristic,jsn_predicted_success
9903160L,test,jsn_predicted,heuristic,jsn_predicted_success
9905024L,test,jsn_predicted,heuristic,jsn_predicted_success
9905863L,test,jsn_predicted,heuristic,jsn_predicted_success
9905863R,test,jsn_predicted,heuristic,jsn_predicted_success
9906664L,test,jsn_predicted,heuristic,jsn_predicted_success
9911221L,test,jsn_predicted,heuristic,jsn_predicted_success
9911221R,test,jsn_predicted,heuristic,jsn_predicted_success
9921329R,test,jsn_predicted,heuristic,jsn_predicted_success
9924274R,test,jsn_predicted,heuristic,jsn_predicted_success
9924366R,test,jsn_predicted,heuristic,jsn_predicted_success
9925594L,test,jsn_predicted,heuristic,jsn_predicted_success
9926839L,test,jsn_predicted,heuristic,jsn_predicted_success
9928592L,test,jsn_predicted,heuristic,jsn_predicted_success
9928592R,test,jsn_predicted,heuristic,jsn_predicted_success
9928863L,test,jsn_predicted,heuristic,jsn_predicted_success
9928863R,test,jsn_predicted,heuristic,jsn_predicted_success
9929102L,test,jsn_predicted,heuristic,jsn_predicted_success
9929102R,test,jsn_predicted,heuristic,jsn_predicted_success
9930588L,test,jsn_predicted,heuristic,jsn_predicted_success
9930588R,test,jsn_predicted,heuristic,jsn_predicted_success
9931097R,test,jsn_predicted,heuristic,jsn_predicted_success
9932333R,test,jsn_predicted,heuristic,jsn_predicted_success
9938236L,test,jsn_predicted,heuristic,jsn_predicted_success
9946897L,test,jsn_predicted,heuristic,jsn_predicted_success
9946897R,test,jsn_predicted,heuristic,jsn_predicted_success
9954172R,test,jsn_predicted,heuristic,jsn_predicted_success
9956436L,test,jsn_predicted,heuristic,jsn_predicted_success
9956436R,test,jsn_predicted,heuristic,jsn_predicted_success
9958220R,test,jsn_predicted,heuristic,jsn_predicted_success
9965823R,test,jsn_predicted,heuristic,jsn_predicted_success
9967294L,test,jsn_predicted,heuristic,jsn_predicted_success
9967815L,test,jsn_predicted,heuristic,jsn_predicted_success
9967960R,test,jsn_predicted,heuristic,jsn_predicted_success
9969273L,test,jsn_predicted,heuristic,jsn_predicted_success
9969273R,test,jsn_predicted,heuristic,jsn_predicted_success
9969795L,test,jsn_predicted,heuristic,jsn_predicted_success
9969795R,test,jsn_predicted,heuristic,jsn_predicted_success
9971275L,test,jsn_predicted,heuristic,jsn_predicted_success
9972278L,test,jsn_predicted,heuristic,jsn_predicted_success
9972278R,test,jsn_predicted,heuristic,jsn_predicted_success
9975280R,test,jsn_predicted,heuristic,jsn_predicted_success
9976191L,test,jsn_predicted,heuristic,jsn_predicted_success
9976191R,test,jsn_predicted,heuristic,jsn_predicted_success
9977273R,test,jsn_predicted,heuristic,jsn_predicted_success
9979181L,test,jsn_predicted,heuristic,jsn_predicted_success
9979984L,test,jsn_predicted,heuristic,jsn_predicted_success
9979984R,test,jsn_predicted,heuristic,jsn_predicted_success
9981404R,test,jsn_predicted,heuristic,jsn_predicted_success
9988027L,test,jsn_predicted,heuristic,jsn_predicted_success
9988027R,test,jsn_predicted,heuristic,jsn_predicted_success
9988921R,test,jsn_predicted,heuristic,jsn_predicted_success
9993442R,test,jsn_predicted,heuristic,jsn_predicted_success
9997042L,test,jsn_predicted,heuristic,jsn_predicted_success
9997042R,test,jsn_predicted,heuristic,jsn_predicted_success
9997381L,test,jsn_predicted,heuristic,jsn_predicted_success
9997381R,test,jsn_predicted,heuristic,jsn_predicted_success
9998089R,test,jsn_predicted,heuristic,jsn_predicted_success
9998384L,test,jsn_predicted,heuristic,jsn_predicted_success
9999862L,test,jsn_predicted,heuristic,jsn_predicted_success
9999862R,test,jsn_predicted,heuristic,jsn_predicted_success
9075939R,test,jsn_predicted,heuristic,jsn_predicted_success
9076313L,test,jsn_predicted,heuristic,jsn_predicted_success
9082159L,test,jsn_predicted,heuristic,jsn_predicted_success
9086133L,test,jsn_predicted,heuristic,jsn_predicted_success
9087632L,test,jsn_predicted,heuristic,jsn_predicted_success
9087632R,test,jsn_predicted,heuristic,jsn_predicted_success
9088866L,test,jsn_predicted,heuristic,jsn_predicted_success
9092628R,test,jsn_predicted,heuristic,jsn_predicted_success
9093622R,test,jsn_predicted,heuristic,jsn_predicted_success
9094693L,test,jsn_predicted,heuristic,jsn_predicted_success
9094693R,test,jsn_predicted,heuristic,jsn_predicted_success
9098409L,test,jsn_predicted,heuristic,jsn_predicted_success
9099363L,test,jsn_predicted,heuristic,jsn_predicted_success
9101066L,test,jsn_predicted,heuristic,jsn_predicted_success
9113018L,test,jsn_predicted,heuristic,jsn_predicted_success
9113018R,test,jsn_predicted,heuristic,jsn_predicted_success
9120059R,test,jsn_predicted,heuristic,jsn_predicted_success
9124421L,test,jsn_predicted,heuristic,jsn_predicted_success
9124895L,test,jsn_predicted,heuristic,jsn_predicted_success
9126260R,test,jsn_predicted,heuristic,jsn_predicted_success
9139557R,test,jsn_predicted,heuristic,jsn_predicted_success
9156309R,test,jsn_predicted,heuristic,jsn_predicted_success
9161267L,test,jsn_predicted,heuristic,jsn_predicted_success
9161267R,test,jsn_predicted,heuristic,jsn_predicted_success
9162394L,test,jsn_predicted,heuristic,jsn_predicted_success
9162394R,test,jsn_predicted,heuristic,jsn_predicted_success
9164114L,test,jsn_predicted,heuristic,jsn_predicted_success
9164114R,test,jsn_predicted,heuristic,jsn_predicted_success
9173950R,test,jsn_predicted,heuristic,jsn_predicted_success
9188312R,test,jsn_predicted,heuristic,jsn_predicted_success
9195363R,test,jsn_predicted,heuristic,jsn_predicted_success
9198552R,test,jsn_predicted,heuristic,jsn_predicted_success
9201046R,test,jsn_predicted,heuristic,jsn_predicted_success
9214395R,test,jsn_predicted,heuristic,jsn_predicted_success
9215420L,test,jsn_predicted,heuristic,jsn_predicted_success
9215420R,test,jsn_predicted,heuristic,jsn_predicted_success
9215922L,test,jsn_predicted,heuristic,jsn_predicted_success
9232078L,test,jsn_predicted,heuristic,jsn_predicted_success
9249025R,test,jsn_predicted,heuristic,jsn_predicted_success
9267247L,test,jsn_predicted,heuristic,jsn_predicted_success
9267247R,test,jsn_predicted,heuristic,jsn_predicted_success
9271965R,test,jsn_predicted,heuristic,jsn_predicted_success
9277154L,test,jsn_predicted,heuristic,jsn_predicted_success
9283264L,test,jsn_predicted,heuristic,jsn_predicted_success
9287241L,test,jsn_predicted,heuristic,jsn_predicted_success
9305336L,test,jsn_predicted,heuristic,jsn_predicted_success
9322109L,test,jsn_predicted,heuristic,jsn_predicted_success
9330729R,test,jsn_predicted,heuristic,jsn_predicted_success
9338479L,test,jsn_predicted,heuristic,jsn_predicted_success
9338479R,test,jsn_predicted,heuristic,jsn_predicted_success
9340283L,test,jsn_predicted,heuristic,jsn_predicted_success
9340283R,test,jsn_predicted,heuristic,jsn_predicted_success
9340855L,test,jsn_predicted,heuristic,jsn_predicted_success
9340855R,test,jsn_predicted,heuristic,jsn_predicted_success
9346354L,test,jsn_predicted,heuristic,jsn_predicted_success
9346354R,test,jsn_predicted,heuristic,jsn_predicted_success
9349019R,test,jsn_predicted,heuristic,jsn_predicted_success
9355129R,test,jsn_predicted,heuristic,jsn_predicted_success
9357137L,test,jsn_predicted,heuristic,jsn_predicted_success
9357137R,test,jsn_predicted,heuristic,jsn_predicted_success
9369649L,test,jsn_predicted,heuristic,jsn_predicted_success
9379540L,test,jsn_predicted,heuristic,jsn_predicted_success
9380143R,test,jsn_predicted,heuristic,jsn_predicted_success
9390064L,test,jsn_predicted,heuristic,jsn_predicted_success
9397988R,test,jsn_predicted,heuristic,jsn_predicted_success
9398120R,test,jsn_predicted,heuristic,jsn_predicted_success
9407928R,test,jsn_predicted,heuristic,jsn_predicted_success
9410190L,test,jsn_predicted,heuristic,jsn_predicted_success
9416102R,test,jsn_predicted,heuristic,jsn_predicted_success
9419076R,test,jsn_predicted,heuristic,jsn_predicted_success
9429101R,test,jsn_predicted,heuristic,jsn_predicted_success
9432349L,test,jsn_predicted,heuristic,jsn_predicted_success
9432349R,test,jsn_predicted,heuristic,jsn_predicted_success
9452835L,test,jsn_predicted,heuristic,jsn_predicted_success
9452835R,test,jsn_predicted,heuristic,jsn_predicted_success
9457090R,test,jsn_predicted,heuristic,jsn_predicted_success
9459421R,test,jsn_predicted,heuristic,jsn_predicted_success
9478307L,test,jsn_predicted,heuristic,jsn_predicted_success
9478307R,test,jsn_predicted,heuristic,jsn_predicted_success
9484333L,test,jsn_predicted,heuristic,jsn_predicted_success
9484866R,test,jsn_predicted,heuristic,jsn_predicted_success
9486408L,test,jsn_predicted,heuristic,jsn_predicted_success
9495071R,test,jsn_predicted,heuristic,jsn_predicted_success
9497734L,test,jsn_predicted,heuristic,jsn_predicted_success
9501623L,test,jsn_predicted,heuristic,jsn_predicted_success
9516833L,test,jsn_predicted,heuristic,jsn_predicted_success
9519310R,test,jsn_predicted,heuristic,jsn_predicted_success
9528955L,test,jsn_predicted,heuristic,jsn_predicted_success
9536369L,test,jsn_predicted,heuristic,jsn_predicted_success
9536369R,test,jsn_predicted,heuristic,jsn_predicted_success
9537947R,test,jsn_predicted,heuristic,jsn_predicted_success
9546643L,test,jsn_predicted,heuristic,jsn_predicted_success
9546643R,test,jsn_predicted,heuristic,jsn_predicted_success
9549405L,test,jsn_predicted,heuristic,jsn_predicted_success
9551857R,test,jsn_predicted,heuristic,jsn_predicted_success
9554631L,test,jsn_predicted,heuristic,jsn_predicted_success
9556464L,test,jsn_predicted,heuristic,jsn_predicted_success
9559547L,test,jsn_predicted,heuristic,jsn_predicted_success
9560702R,test,jsn_predicted,heuristic,jsn_predicted_success
9560965L,test,jsn_predicted,heuristic,jsn_predicted_success
9568504L,test,jsn_predicted,heuristic,jsn_predicted_success
9568504R,test,jsn_predicted,heuristic,jsn_predicted_success
9585218L,test,jsn_predicted,heuristic,jsn_predicted_success
9585218R,test,jsn_predicted,heuristic,jsn_predicted_success
9589708R,test,jsn_predicted,heuristic,jsn_predicted_success
9595122L,test,jsn_predicted,heuristic,jsn_predicted_success
9597148R,test,jsn_predicted,heuristic,jsn_predicted_success
9598683L,test,jsn_predicted,heuristic,jsn_predicted_success
9608765L,test,jsn_predicted,heuristic,jsn_predicted_success
9608765R,test,jsn_predicted,heuristic,jsn_predicted_success
9609776L,test,jsn_predicted,heuristic,jsn_predicted_success
9613135L,test,jsn_predicted,heuristic,jsn_predicted_success
9620472L,test,jsn_predicted,heuristic,jsn_predicted_success
9620472R,test,jsn_predicted,heuristic,jsn_predicted_success
9622603R,test,jsn_predicted,heuristic,jsn_predicted_success
9622970L,test,jsn_predicted,heuristic,jsn_predicted_success
9646090L,test,jsn_predicted,heuristic,jsn_predicted_success
9646223L,test,jsn_predicted,heuristic,jsn_predicted_success
9646223R,test,jsn_predicted,heuristic,jsn_predicted_success
9646239R,test,jsn_predicted,heuristic,jsn_predicted_success
9648692R,test,jsn_predicted,heuristic,jsn_predicted_success
9660697R,test,jsn_predicted,heuristic,jsn_predicted_success
9660708R,test,jsn_predicted,heuristic,jsn_predicted_success
9663428L,test,jsn_predicted,heuristic,jsn_predicted_success
9663706L,test,jsn_predicted,heuristic,jsn_predicted_success
9664468L,test,jsn_predicted,heuristic,jsn_predicted_success
9664468R,test,jsn_predicted,heuristic,jsn_predicted_success
9667180R,test,jsn_predicted,heuristic,jsn_predicted_success
9669124L,test,jsn_predicted,heuristic,jsn_predicted_success
9669143L,test,jsn_predicted,heuristic,jsn_predicted_success
9683886L,test,jsn_predicted,heuristic,jsn_predicted_success
9683886R,test,jsn_predicted,heuristic,jsn_predicted_success
9699448L,test,jsn_predicted,heuristic,jsn_predicted_success
9699448R,test,jsn_predicted,heuristic,jsn_predicted_success
9710479L,test,jsn_predicted,heuristic,jsn_predicted_success
9711687L,test,jsn_predicted,heuristic,jsn_predicted_success
9719748L,test,jsn_predicted,heuristic,jsn_predicted_success
9723911L,test,jsn_predicted,heuristic,jsn_predicted_success
9723911R,test,jsn_predicted,heuristic,jsn_predicted_success
9725724R,test,jsn_predicted,heuristic,jsn_predicted_success
9727588L,test,jsn_predicted,heuristic,jsn_predicted_success
9727588R,test,jsn_predicted,heuristic,jsn_predicted_success
9727780L,test,jsn_predicted,heuristic,jsn_predicted_success
9727780R,test,jsn_predicted,heuristic,jsn_predicted_success
9743560R,test,jsn_predicted,heuristic,jsn_predicted_success
9745578L,test,jsn_predicted,heuristic,jsn_predicted_success
9750882L,test,jsn_predicted,heuristic,jsn_predicted_success
9750882R,test,jsn_predicted,heuristic,jsn_predicted_success
9761463L,test,jsn_predicted,heuristic,jsn_predicted_success
9770626R,test,jsn_predicted,heuristic,jsn_predicted_success
9772692R,test,jsn_predicted,heuristic,jsn_predicted_success
9778632L,test,jsn_predicted,heuristic,jsn_predicted_success
9779483R,test,jsn_predicted,heuristic,jsn_predicted_success
9785243L,test,jsn_predicted,heuristic,jsn_predicted_success
9786086L,test,jsn_predicted,heuristic,jsn_predicted_success
9786086R,test,jsn_predicted,heuristic,jsn_predicted_success
9789809L,test,jsn_predicted,heuristic,jsn_predicted_success
9793845L,test,jsn_predicted,heuristic,jsn_predicted_success
9806424L,test,jsn_predicted,heuristic,jsn_predicted_success
9806424R,test,jsn_predicted,heuristic,jsn_predicted_success
9809967L,test,jsn_predicted,heuristic,jsn_predicted_success
9811924R,test,jsn_predicted,heuristic,jsn_predicted_success
9813780R,test,jsn_predicted,heuristic,jsn_predicted_success
9814262L,test,jsn_predicted,heuristic,jsn_predicted_success
9818245L,test,jsn_predicted,heuristic,jsn_predicted_success
9818245R,test,jsn_predicted,heuristic,jsn_predicted_success
9831300L,test,jsn_predicted,heuristic,jsn_predicted_success
9832481L,test,jsn_predicted,heuristic,jsn_predicted_success
9832481R,test,jsn_predicted,heuristic,jsn_predicted_success
9832566L,test,jsn_predicted,heuristic,jsn_predicted_success
9842312L,test,jsn_predicted,heuristic,jsn_predicted_success
9848239R,test,jsn_predicted,heuristic,jsn_predicted_success
9851758R,test,jsn_predicted,heuristic,jsn_predicted_success
9853523L,test,jsn_predicted,heuristic,jsn_predicted_success
9853523R,test,jsn_predicted,heuristic,jsn_predicted_success
9856831L,test,jsn_predicted,heuristic,jsn_predicted_success
9859472R,test,jsn_predicted,heuristic,jsn_predicted_success
9870569L,test,jsn_predicted,heuristic,jsn_predicted_success
9870569R,test,jsn_predicted,heuristic,jsn_predicted_success
9872810R,test,jsn_predicted,heuristic,jsn_predicted_success
9874238L,test,jsn_predicted,heuristic,jsn_predicted_success
9874238R,test,jsn_predicted,heuristic,jsn_predicted_success
9878596L,test,jsn_predicted,heuristic,jsn_predicted_success
9881827L,test,jsn_predicted,heuristic,jsn_predicted_success
9884591L,test,jsn_predicted,heuristic,jsn_predicted_success
9884591R,test,jsn_predicted,heuristic,jsn_predicted_success
9903160R,test,jsn_predicted,heuristic,jsn_predicted_success
9904241L,test,jsn_predicted,heuristic,jsn_predicted_success
9910787R,test,jsn_predicted,heuristic,jsn_predicted_success
9916791L,test,jsn_predicted,heuristic,jsn_predicted_success
9916791R,test,jsn_predicted,heuristic,jsn_predicted_success
9920684L,test,jsn_predicted,heuristic,jsn_predicted_success
9920684R,test,jsn_predicted,heuristic,jsn_predicted_success
9921329L,test,jsn_predicted,heuristic,jsn_predicted_success
9930342L,test,jsn_predicted,heuristic,jsn_predicted_success
9930342R,test,jsn_predicted,heuristic,jsn_predicted_success
9946846L,test,jsn_predicted,heuristic,jsn_predicted_success
9946846R,test,jsn_predicted,heuristic,jsn_predicted_success
9952664L,test,jsn_predicted,heuristic,jsn_predicted_success
9952664R,test,jsn_predicted,heuristic,jsn_predicted_success
9954172L,test,jsn_predicted,heuristic,jsn_predicted_success
9964731R,test,jsn_predicted,heuristic,jsn_predicted_success
9973199R,test,jsn_predicted,heuristic,jsn_predicted_success
9981404L,test,jsn_predicted,heuristic,jsn_predicted_success
9984706L,test,jsn_predicted,heuristic,jsn_predicted_success
9992318R,test,jsn_predicted,heuristic,jsn_predicted_success
9996865R,test,jsn_predicted,heuristic,jsn_predicted_success
9998384R,test,jsn_predicted,heuristic,jsn_predicted_success
9445318L,test,jsn_predicted,heuristic,jsn_predicted_success
9448133L,test,jsn_predicted,heuristic,jsn_predicted_success
9457359R,test,jsn_predicted,heuristic,jsn_predicted_success
9479978L,test,jsn_predicted,heuristic,jsn_predicted_success
9495873R,test,jsn_predicted,heuristic,jsn_predicted_success
9504935L,test,jsn_predicted,heuristic,jsn_predicted_success
9513860R,test,jsn_predicted,heuristic,jsn_predicted_success
9519310L,test,jsn_predicted,heuristic,jsn_predicted_success
9541124L,test,jsn_predicted,heuristic,jsn_predicted_success
9556402L,test,jsn_predicted,heuristic,jsn_predicted_success
9559547R,test,jsn_predicted,heuristic,jsn_predicted_success
9559860L,test,jsn_predicted,heuristic,jsn_predicted_success
9572948R,test,jsn_predicted,heuristic,jsn_predicted_success
9579246R,test,jsn_predicted,heuristic,jsn_predicted_success
9598683R,test,jsn_predicted,heuristic,jsn_predicted_success
9598976L,test,jsn_predicted,heuristic,jsn_predicted_success
9610439R,test,jsn_predicted,heuristic,jsn_predicted_success
9632586R,test,jsn_predicted,heuristic,jsn_predicted_success
9669124R,test,jsn_predicted,heuristic,jsn_predicted_success
9688649L,test,jsn_predicted,heuristic,jsn_predicted_success
9690658R,test,jsn_predicted,heuristic,jsn_predicted_success
9710479R,test,jsn_predicted,heuristic,jsn_predicted_success
9711506L,test,jsn_predicted,heuristic,jsn_predicted_success
9719999R,test,jsn_predicted,heuristic,jsn_predicted_success
9761463R,test,jsn_predicted,heuristic,jsn_predicted_success
9772692L,test,jsn_predicted,heuristic,jsn_predicted_success
9775951L,test,jsn_predicted,heuristic,jsn_predicted_success
9778632R,test,jsn_predicted,heuristic,jsn_predicted_success
9814262R,test,jsn_predicted,heuristic,jsn_predicted_success
9841033R,test,jsn_predicted,heuristic,jsn_predicted_success
9847541R,test,jsn_predicted,heuristic,jsn_predicted_success
9886298L,test,jsn_predicted,heuristic,jsn_predicted_success
9924274L,test,jsn_predicted,heuristic,jsn_predicted_success
9964731L,test,jsn_predicted,heuristic,jsn_predicted_success
9992318L,test,jsn_predicted,heuristic,jsn_predicted_success
9996865L,test,jsn_predicted,heuristic,jsn_predicted_success
9028904R,train,jsn_predicted,heuristic,jsn_predicted_success
9029791L,train,jsn_predicted,heuristic,jsn_predicted_success
9030296L,train,jsn_predicted,heuristic,jsn_predicted_success
9030296R,train,jsn_predicted,heuristic,jsn_predicted_success
9033937L,train,jsn_predicted,heuristic,jsn_predicted_success
9033937R,train,jsn_predicted,heuristic,jsn_predicted_success
9034644L,train,jsn_predicted,heuristic,jsn_predicted_success
9034677L,train,jsn_predicted,heuristic,jsn_predicted_success
9034677R,train,jsn_predicted,heuristic,jsn_predicted_success
9034963L,train,jsn_predicted,heuristic,jsn_predicted_success
9034963R,train,jsn_predicted,heuristic,jsn_predicted_success
9035647R,train,jsn_predicted,heuristic,jsn_predicted_success
9036770L,train,jsn_predicted,heuristic,jsn_predicted_success
9036770R,train,jsn_predicted,heuristic,jsn_predicted_success
9036771R,train,jsn_predicted,heuristic,jsn_predicted_success
9036948L,train,jsn_predicted,heuristic,jsn_predicted_success
9036948R,train,jsn_predicted,heuristic,jsn_predicted_success
9037223R,train,jsn_predicted,heuristic,jsn_predicted_success
9037697L,train,jsn_predicted,heuristic,jsn_predicted_success
9037697R,train,jsn_predicted,heuristic,jsn_predicted_success
9037952L,train,jsn_predicted,heuristic,jsn_predicted_success
9037952R,train,jsn_predicted,heuristic,jsn_predicted_success
9038683L,train,jsn_predicted,heuristic,jsn_predicted_success
9038683R,train,jsn_predicted,heuristic,jsn_predicted_success
9038962R,train,jsn_predicted,heuristic,jsn_predicted_success
9039972L,train,jsn_predicted,heuristic,jsn_predicted_success
9039972R,train,jsn_predicted,heuristic,jsn_predicted_success
9040390L,train,jsn_predicted,heuristic,jsn_predicted_success
9040456L,train,jsn_predicted,heuristic,jsn_predicted_success
9040892L,train,jsn_predicted,heuristic,jsn_predicted_success
9040892R,train,jsn_predicted,heuristic,jsn_predicted_success
9040944L,train,jsn_predicted,heuristic,jsn_predicted_success
9041946L,train,jsn_predicted,heuristic,jsn_predicted_success
9041946R,train,jsn_predicted,heuristic,jsn_predicted_success
9042459L,train,jsn_predicted,heuristic,jsn_predicted_success
9042459R,train,jsn_predicted,heuristic,jsn_predicted_success
9043507L,train,jsn_predicted,heuristic,jsn_predicted_success
9043637R,train,jsn_predicted,heuristic,jsn_predicted_success
9044788R,train,jsn_predicted,heuristic,jsn_predicted_success
9048979R,train,jsn_predicted,heuristic,jsn_predicted_success
9049007R,train,jsn_predicted,heuristic,jsn_predicted_success
9049895R,train,jsn_predicted,heuristic,jsn_predicted_success
9050299R,train,jsn_predicted,heuristic,jsn_predicted_success
9051960L,train,jsn_predicted,heuristic,jsn_predicted_success
9051960R,train,jsn_predicted,heuristic,jsn_predicted_success
9052207L,train,jsn_predicted,heuristic,jsn_predicted_success
9052207R,train,jsn_predicted,heuristic,jsn_predicted_success
9052335L,train,jsn_predicted,heuristic,jsn_predicted_success
9052708L,train,jsn_predicted,heuristic,jsn_predicted_success
9053679L,train,jsn_predicted,heuristic,jsn_predicted_success
9053679R,train,jsn_predicted,heuristic,jsn_predicted_success
9053872L,train,jsn_predicted,heuristic,jsn_predicted_success
9053872R,train,jsn_predicted,heuristic,jsn_predicted_success
9054370R,train,jsn_predicted,heuristic,jsn_predicted_success
9055429R,train,jsn_predicted,heuristic,jsn_predicted_success
9057000L,train,jsn_predicted,heuristic,jsn_predicted_success
9057000R,train,jsn_predicted,heuristic,jsn_predicted_success
9058469L,train,jsn_predicted,heuristic,jsn_predicted_success
9059339R,train,jsn_predicted,heuristic,jsn_predicted_success
9061162L,train,jsn_predicted,heuristic,jsn_predicted_success
9061162R,train,jsn_predicted,heuristic,jsn_predicted_success
9061805L,train,jsn_predicted,heuristic,jsn_predicted_success
9061805R,train,jsn_predicted,heuristic,jsn_predicted_success
9062483R,train,jsn_predicted,heuristic,jsn_predicted_success
9062645L,train,jsn_predicted,heuristic,jsn_predicted_success
9062688L,train,jsn_predicted,heuristic,jsn_predicted_success
9062962L,train,jsn_predicted,heuristic,jsn_predicted_success
9062962R,train,jsn_predicted,heuristic,jsn_predicted_success
9063823L,train,jsn_predicted,heuristic,jsn_predicted_success
9063823R,train,jsn_predicted,heuristic,jsn_predicted_success
9064631R,train,jsn_predicted,heuristic,jsn_predicted_success
9065433R,train,jsn_predicted,heuristic,jsn_predicted_success
9065926R,train,jsn_predicted,heuristic,jsn_predicted_success
9066677L,train,jsn_predicted,heuristic,jsn_predicted_success
9066677R,train,jsn_predicted,heuristic,jsn_predicted_success
9066820L,train,jsn_predicted,heuristic,jsn_predicted_success
9066820R,train,jsn_predicted,heuristic,jsn_predicted_success
9068894L,train,jsn_predicted,heuristic,jsn_predicted_success
9069761L,train,jsn_predicted,heuristic,jsn_predicted_success
9069761R,train,jsn_predicted,heuristic,jsn_predicted_success
9069786L,train,jsn_predicted,heuristic,jsn_predicted_success
9069786R,train,jsn_predicted,heuristic,jsn_predicted_success
9070442R,train,jsn_predicted,heuristic,jsn_predicted_success
9070787L,train,jsn_predicted,heuristic,jsn_predicted_success
9070787R,train,jsn_predicted,heuristic,jsn_predicted_success
9070923R,train,jsn_predicted,heuristic,jsn_predicted_success
9072461L,train,jsn_predicted,heuristic,jsn_predicted_success
9072461R,train,jsn_predicted,heuristic,jsn_predicted_success
9072758L,train,jsn_predicted,heuristic,jsn_predicted_success
9072758R,train,jsn_predicted,heuristic,jsn_predicted_success
9073948L,train,jsn_predicted,heuristic,jsn_predicted_success
9073948R,train,jsn_predicted,heuristic,jsn_predicted_success
9075418R,train,jsn_predicted,heuristic,jsn_predicted_success
9075880L,train,jsn_predicted,heuristic,jsn_predicted_success
9075880R,train,jsn_predicted,heuristic,jsn_predicted_success
9077395L,train,jsn_predicted,heuristic,jsn_predicted_success
9079404L,train,jsn_predicted,heuristic,jsn_predicted_success
9079404R,train,jsn_predicted,heuristic,jsn_predicted_success
9080864L,train,jsn_predicted,heuristic,jsn_predicted_success
9080864R,train,jsn_predicted,heuristic,jsn_predicted_success
9081362L,train,jsn_predicted,heuristic,jsn_predicted_success
9082640L,train,jsn_predicted,heuristic,jsn_predicted_success
9082640R,train,jsn_predicted,heuristic,jsn_predicted_success
9082901R,train,jsn_predicted,heuristic,jsn_predicted_success
9083500L,train,jsn_predicted,heuristic,jsn_predicted_success
9084244L,train,jsn_predicted,heuristic,jsn_predicted_success
9084391L,train,jsn_predicted,heuristic,jsn_predicted_success
9084391R,train,jsn_predicted,heuristic,jsn_predicted_success
9085162L,train,jsn_predicted,heuristic,jsn_predicted_success
9085162R,train,jsn_predicted,heuristic,jsn_predicted_success
9085393L,train,jsn_predicted,heuristic,jsn_predicted_success
9085393R,train,jsn_predicted,heuristic,jsn_predicted_success
9086407L,train,jsn_predicted,heuristic,jsn_predicted_success
9086407R,train,jsn_predicted,heuristic,jsn_predicted_success
9086868R,train,jsn_predicted,heuristic,jsn_predicted_success
9088617L,train,jsn_predicted,heuristic,jsn_predicted_success
9088617R,train,jsn_predicted,heuristic,jsn_predicted_success
9089627L,train,jsn_predicted,heuristic,jsn_predicted_success
9089627R,train,jsn_predicted,heuristic,jsn_predicted_success
9089866L,train,jsn_predicted,heuristic,jsn_predicted_success
9089866R,train,jsn_predicted,heuristic,jsn_predicted_success
9090290L,train,jsn_predicted,heuristic,jsn_predicted_success
9090290R,train,jsn_predicted,heuristic,jsn_predicted_success
9090833L,train,jsn_predicted,heuristic,jsn_predicted_success
9090833R,train,jsn_predicted,heuristic,jsn_predicted_success
9091337R,train,jsn_predicted,heuristic,jsn_predicted_success
9091787L,train,jsn_predicted,heuristic,jsn_predicted_success
9091787R,train,jsn_predicted,heuristic,jsn_predicted_success
9094841R,train,jsn_predicted,heuristic,jsn_predicted_success
9095839L,train,jsn_predicted,heuristic,jsn_predicted_success
9095839R,train,jsn_predicted,heuristic,jsn_predicted_success
9096402R,train,jsn_predicted,heuristic,jsn_predicted_success
9096851L,train,jsn_predicted,heuristic,jsn_predicted_success
9096856L,train,jsn_predicted,heuristic,jsn_predicted_success
9096856R,train,jsn_predicted,heuristic,jsn_predicted_success
9096881L,train,jsn_predicted,heuristic,jsn_predicted_success
9096881R,train,jsn_predicted,heuristic,jsn_predicted_success
9098882L,train,jsn_predicted,heuristic,jsn_predicted_success
9098924R,train,jsn_predicted,heuristic,jsn_predicted_success
9099440L,train,jsn_predicted,heuristic,jsn_predicted_success
9099440R,train,jsn_predicted,heuristic,jsn_predicted_success
9099961L,train,jsn_predicted,heuristic,jsn_predicted_success
9100442L,train,jsn_predicted,heuristic,jsn_predicted_success
9100442R,train,jsn_predicted,heuristic,jsn_predicted_success
9102258L,train,jsn_predicted,heuristic,jsn_predicted_success
9102258R,train,jsn_predicted,heuristic,jsn_predicted_success
9102958L,train,jsn_predicted,heuristic,jsn_predicted_success
9102958R,train,jsn_predicted,heuristic,jsn_predicted_success
9104043R,train,jsn_predicted,heuristic,jsn_predicted_success
9105279L,train,jsn_predicted,heuristic,jsn_predicted_success
9105279R,train,jsn_predicted,heuristic,jsn_predicted_success
9106510L,train,jsn_predicted,heuristic,jsn_predicted_success
9106510R,train,jsn_predicted,heuristic,jsn_predicted_success
9106808L,train,jsn_predicted,heuristic,jsn_predicted_success
9106808R,train,jsn_predicted,heuristic,jsn_predicted_success
9107524L,train,jsn_predicted,heuristic,jsn_predicted_success
9107524R,train,jsn_predicted,heuristic,jsn_predicted_success
9108461L,train,jsn_predicted,heuristic,jsn_predicted_success
9108461R,train,jsn_predicted,heuristic,jsn_predicted_success
9108688R,train,jsn_predicted,heuristic,jsn_predicted_success
9108945L,train,jsn_predicted,heuristic,jsn_predicted_success
9109448L,train,jsn_predicted,heuristic,jsn_predicted_success
9109950L,train,jsn_predicted,heuristic,jsn_predicted_success
9109950R,train,jsn_predicted,heuristic,jsn_predicted_success
9110292L,train,jsn_predicted,heuristic,jsn_predicted_success
9110292R,train,jsn_predicted,heuristic,jsn_predicted_success
9111399L,train,jsn_predicted,heuristic,jsn_predicted_success
9111399R,train,jsn_predicted,heuristic,jsn_predicted_success
9112976L,train,jsn_predicted,heuristic,jsn_predicted_success
9112976R,train,jsn_predicted,heuristic,jsn_predicted_success
9113192L,train,jsn_predicted,heuristic,jsn_predicted_success
9113192R,train,jsn_predicted,heuristic,jsn_predicted_success
9113414L,train,jsn_predicted,heuristic,jsn_predicted_success
9113501L,train,jsn_predicted,heuristic,jsn_predicted_success
9113501R,train,jsn_predicted,heuristic,jsn_predicted_success
9114285L,train,jsn_predicted,heuristic,jsn_predicted_success
9114285R,train,jsn_predicted,heuristic,jsn_predicted_success
9114544L,train,jsn_predicted,heuristic,jsn_predicted_success
9114544R,train,jsn_predicted,heuristic,jsn_predicted_success
9115742L,train,jsn_predicted,heuristic,jsn_predicted_success
9115742R,train,jsn_predicted,heuristic,jsn_predicted_success
9115859L,train,jsn_predicted,heuristic,jsn_predicted_success
9115859R,train,jsn_predicted,heuristic,jsn_predicted_success
9116534R,train,jsn_predicted,heuristic,jsn_predicted_success
9116754L,train,jsn_predicted,heuristic,jsn_predicted_success
9117304L,train,jsn_predicted,heuristic,jsn_predicted_success
9117304R,train,jsn_predicted,heuristic,jsn_predicted_success
9119057L,train,jsn_predicted,heuristic,jsn_predicted_success
9119057R,train,jsn_predicted,heuristic,jsn_predicted_success
9119805L,train,jsn_predicted,heuristic,jsn_predicted_success
9119805R,train,jsn_predicted,heuristic,jsn_predicted_success
9119806L,train,jsn_predicted,heuristic,jsn_predicted_success
9119806R,train,jsn_predicted,heuristic,jsn_predicted_success
9120358R,train,jsn_predicted,heuristic,jsn_predicted_success
9120941R,train,jsn_predicted,heuristic,jsn_predicted_success
9121030L,train,jsn_predicted,heuristic,jsn_predicted_success
9121030R,train,jsn_predicted,heuristic,jsn_predicted_success
9122643R,train,jsn_predicted,heuristic,jsn_predicted_success
9123289L,train,jsn_predicted,heuristic,jsn_predicted_success
9123289R,train,jsn_predicted,heuristic,jsn_predicted_success
9124024R,train,jsn_predicted,heuristic,jsn_predicted_success
9125488L,train,jsn_predicted,heuristic,jsn_predicted_success
9125488R,train,jsn_predicted,heuristic,jsn_predicted_success
9125977L,train,jsn_predicted,heuristic,jsn_predicted_success
9125977R,train,jsn_predicted,heuristic,jsn_predicted_success
9126497L,train,jsn_predicted,heuristic,jsn_predicted_success
9126497R,train,jsn_predicted,heuristic,jsn_predicted_success
9128011L,train,jsn_predicted,heuristic,jsn_predicted_success
9128923L,train,jsn_predicted,heuristic,jsn_predicted_success
9129011L,train,jsn_predicted,heuristic,jsn_predicted_success
9129011R,train,jsn_predicted,heuristic,jsn_predicted_success
9129270L,train,jsn_predicted,heuristic,jsn_predicted_success
9129477L,train,jsn_predicted,heuristic,jsn_predicted_success
9129477R,train,jsn_predicted,heuristic,jsn_predicted_success
9131911L,train,jsn_predicted,heuristic,jsn_predicted_success
9131911R,train,jsn_predicted,heuristic,jsn_predicted_success
9132472L,train,jsn_predicted,heuristic,jsn_predicted_success
9132486L,train,jsn_predicted,heuristic,jsn_predicted_success
9132486R,train,jsn_predicted,heuristic,jsn_predicted_success
9133243L,train,jsn_predicted,heuristic,jsn_predicted_success
9133243R,train,jsn_predicted,heuristic,jsn_predicted_success
9133340R,train,jsn_predicted,heuristic,jsn_predicted_success
9133694L,train,jsn_predicted,heuristic,jsn_predicted_success
9133694R,train,jsn_predicted,heuristic,jsn_predicted_success
9135838L,train,jsn_predicted,heuristic,jsn_predicted_success
9136484L,train,jsn_predicted,heuristic,jsn_predicted_success
9136484R,train,jsn_predicted,heuristic,jsn_predicted_success
9137248L,train,jsn_predicted,heuristic,jsn_predicted_success
9137248R,train,jsn_predicted,heuristic,jsn_predicted_success
9140040L,train,jsn_predicted,heuristic,jsn_predicted_success
9140040R,train,jsn_predicted,heuristic,jsn_predicted_success
9141244L,train,jsn_predicted,heuristic,jsn_predicted_success
9141244R,train,jsn_predicted,heuristic,jsn_predicted_success
9142030L,train,jsn_predicted,heuristic,jsn_predicted_success
9142030R,train,jsn_predicted,heuristic,jsn_predicted_success
9142466L,train,jsn_predicted,heuristic,jsn_predicted_success
9142466R,train,jsn_predicted,heuristic,jsn_predicted_success
9142896L,train,jsn_predicted,heuristic,jsn_predicted_success
9143547L,train,jsn_predicted,heuristic,jsn_predicted_success
9143628L,train,jsn_predicted,heuristic,jsn_predicted_success
9144547L,train,jsn_predicted,heuristic,jsn_predicted_success
9144547R,train,jsn_predicted,heuristic,jsn_predicted_success
9147692L,train,jsn_predicted,heuristic,jsn_predicted_success
9152196R,train,jsn_predicted,heuristic,jsn_predicted_success
9152442L,train,jsn_predicted,heuristic,jsn_predicted_success
9152525L,train,jsn_predicted,heuristic,jsn_predicted_success
9152525R,train,jsn_predicted,heuristic,jsn_predicted_success
9152569L,train,jsn_predicted,heuristic,jsn_predicted_success
9152569R,train,jsn_predicted,heuristic,jsn_predicted_success
9152688L,train,jsn_predicted,heuristic,jsn_predicted_success
9152688R,train,jsn_predicted,heuristic,jsn_predicted_success
9153509L,train,jsn_predicted,heuristic,jsn_predicted_success
9153509R,train,jsn_predicted,heuristic,jsn_predicted_success
9153696R,train,jsn_predicted,heuristic,jsn_predicted_success
9154516L,train,jsn_predicted,heuristic,jsn_predicted_success
9154516R,train,jsn_predicted,heuristic,jsn_predicted_success
9155449L,train,jsn_predicted,heuristic,jsn_predicted_success
9155449R,train,jsn_predicted,heuristic,jsn_predicted_success
9155943L,train,jsn_predicted,heuristic,jsn_predicted_success
9155943R,train,jsn_predicted,heuristic,jsn_predicted_success
9156943L,train,jsn_predicted,heuristic,jsn_predicted_success
9156943R,train,jsn_predicted,heuristic,jsn_predicted_success
9157758L,train,jsn_predicted,heuristic,jsn_predicted_success
9158313L,train,jsn_predicted,heuristic,jsn_predicted_success
9158313R,train,jsn_predicted,heuristic,jsn_predicted_success
9159961L,train,jsn_predicted,heuristic,jsn_predicted_success
9160026L,train,jsn_predicted,heuristic,jsn_predicted_success
9160801L,train,jsn_predicted,heuristic,jsn_predicted_success
9161012R,train,jsn_predicted,heuristic,jsn_predicted_success
9162498L,train,jsn_predicted,heuristic,jsn_predicted_success
9162498R,train,jsn_predicted,heuristic,jsn_predicted_success
9162906R,train,jsn_predicted,heuristic,jsn_predicted_success
9163391L,train,jsn_predicted,heuristic,jsn_predicted_success
9163391R,train,jsn_predicted,heuristic,jsn_predicted_success
9164467L,train,jsn_predicted,heuristic,jsn_predicted_success
9164467R,train,jsn_predicted,heuristic,jsn_predicted_success
9165970L,train,jsn_predicted,heuristic,jsn_predicted_success
9166930L,train,jsn_predicted,heuristic,jsn_predicted_success
9167018L,train,jsn_predicted,heuristic,jsn_predicted_success
9167018R,train,jsn_predicted,heuristic,jsn_predicted_success
9167460L,train,jsn_predicted,heuristic,jsn_predicted_success
9167460R,train,jsn_predicted,heuristic,jsn_predicted_success
9167589L,train,jsn_predicted,heuristic,jsn_predicted_success
9167589R,train,jsn_predicted,heuristic,jsn_predicted_success
9168944L,train,jsn_predicted,heuristic,jsn_predicted_success
9168944R,train,jsn_predicted,heuristic,jsn_predicted_success
9170228L,train,jsn_predicted,heuristic,jsn_predicted_success
9170228R,train,jsn_predicted,heuristic,jsn_predicted_success
9170503L,train,jsn_predicted,heuristic,jsn_predicted_success
9170503R,train,jsn_predicted,heuristic,jsn_predicted_success
9170536L,train,jsn_predicted,heuristic,jsn_predicted_success
9170536R,train,jsn_predicted,heuristic,jsn_predicted_success
9172013R,train,jsn_predicted,heuristic,jsn_predicted_success
9172459L,train,jsn_predicted,heuristic,jsn_predicted_success
9173462L,train,jsn_predicted,heuristic,jsn_predicted_success
9173462R,train,jsn_predicted,heuristic,jsn_predicted_success
9176086L,train,jsn_predicted,heuristic,jsn_predicted_success
9176992L,train,jsn_predicted,heuristic,jsn_predicted_success
9177091L,train,jsn_predicted,heuristic,jsn_predicted_success
9177091R,train,jsn_predicted,heuristic,jsn_predicted_success
9177571L,train,jsn_predicted,heuristic,jsn_predicted_success
9177571R,train,jsn_predicted,heuristic,jsn_predicted_success
9178448R,train,jsn_predicted,heuristic,jsn_predicted_success
9179589L,train,jsn_predicted,heuristic,jsn_predicted_success
9179589R,train,jsn_predicted,heuristic,jsn_predicted_success
9180492L,train,jsn_predicted,heuristic,jsn_predicted_success
9180558R,train,jsn_predicted,heuristic,jsn_predicted_success
9182305L,train,jsn_predicted,heuristic,jsn_predicted_success
9182305R,train,jsn_predicted,heuristic,jsn_predicted_success
9184192L,train,jsn_predicted,heuristic,jsn_predicted_success
9184192R,train,jsn_predicted,heuristic,jsn_predicted_success
9184495L,train,jsn_predicted,heuristic,jsn_predicted_success
9184495R,train,jsn_predicted,heuristic,jsn_predicted_success
9184556L,train,jsn_predicted,heuristic,jsn_predicted_success
9184588L,train,jsn_predicted,heuristic,jsn_predicted_success
9185786L,train,jsn_predicted,heuristic,jsn_predicted_success
9185786R,train,jsn_predicted,heuristic,jsn_predicted_success
9187595L,train,jsn_predicted,heuristic,jsn_predicted_success
9189553L,train,jsn_predicted,heuristic,jsn_predicted_success
9189553R,train,jsn_predicted,heuristic,jsn_predicted_success
9191054L,train,jsn_predicted,heuristic,jsn_predicted_success
9191054R,train,jsn_predicted,heuristic,jsn_predicted_success
9191465L,train,jsn_predicted,heuristic,jsn_predicted_success
9191465R,train,jsn_predicted,heuristic,jsn_predicted_success
9192585L,train,jsn_predicted,heuristic,jsn_predicted_success
9192585R,train,jsn_predicted,heuristic,jsn_predicted_success
9193038L,train,jsn_predicted,heuristic,jsn_predicted_success
9193038R,train,jsn_predicted,heuristic,jsn_predicted_success
9193363L,train,jsn_predicted,heuristic,jsn_predicted_success
9193589L,train,jsn_predicted,heuristic,jsn_predicted_success
9193589R,train,jsn_predicted,heuristic,jsn_predicted_success
9195569L,train,jsn_predicted,heuristic,jsn_predicted_success
9197546L,train,jsn_predicted,heuristic,jsn_predicted_success
9197546R,train,jsn_predicted,heuristic,jsn_predicted_success
9200057L,train,jsn_predicted,heuristic,jsn_predicted_success
9200057R,train,jsn_predicted,heuristic,jsn_predicted_success
9200078L,train,jsn_predicted,heuristic,jsn_predicted_success
9200957L,train,jsn_predicted,heuristic,jsn_predicted_success
9202515R,train,jsn_predicted,heuristic,jsn_predicted_success
9203516L,train,jsn_predicted,heuristic,jsn_predicted_success
9203516R,train,jsn_predicted,heuristic,jsn_predicted_success
9204076R,train,jsn_predicted,heuristic,jsn_predicted_success
9207016L,train,jsn_predicted,heuristic,jsn_predicted_success
9207016R,train,jsn_predicted,heuristic,jsn_predicted_success
9208283R,train,jsn_predicted,heuristic,jsn_predicted_success
9208539L,train,jsn_predicted,heuristic,jsn_predicted_success
9208539R,train,jsn_predicted,heuristic,jsn_predicted_success
9209792L,train,jsn_predicted,heuristic,jsn_predicted_success
9209792R,train,jsn_predicted,heuristic,jsn_predicted_success
9211009L,train,jsn_predicted,heuristic,jsn_predicted_success
9211009R,train,jsn_predicted,heuristic,jsn_predicted_success
9211049L,train,jsn_predicted,heuristic,jsn_predicted_success
9211049R,train,jsn_predicted,heuristic,jsn_predicted_success
9211054L,train,jsn_predicted,heuristic,jsn_predicted_success
9211054R,train,jsn_predicted,heuristic,jsn_predicted_success
9211800L,train,jsn_predicted,heuristic,jsn_predicted_success
9211800R,train,jsn_predicted,heuristic,jsn_predicted_success
9213372R,train,jsn_predicted,heuristic,jsn_predicted_success
9213438L,train,jsn_predicted,heuristic,jsn_predicted_success
9213438R,train,jsn_predicted,heuristic,jsn_predicted_success
9214547R,train,jsn_predicted,heuristic,jsn_predicted_success
9216735L,train,jsn_predicted,heuristic,jsn_predicted_success
9217512L,train,jsn_predicted,heuristic,jsn_predicted_success
9217997R,train,jsn_predicted,heuristic,jsn_predicted_success
9218596L,train,jsn_predicted,heuristic,jsn_predicted_success
9218596R,train,jsn_predicted,heuristic,jsn_predicted_success
9219500L,train,jsn_predicted,heuristic,jsn_predicted_success
9219500R,train,jsn_predicted,heuristic,jsn_predicted_success
9220441L,train,jsn_predicted,heuristic,jsn_predicted_success
9220441R,train,jsn_predicted,heuristic,jsn_predicted_success
9220921L,train,jsn_predicted,heuristic,jsn_predicted_success
9221040R,train,jsn_predicted,heuristic,jsn_predicted_success
9221985L,train,jsn_predicted,heuristic,jsn_predicted_success
9221985R,train,jsn_predicted,heuristic,jsn_predicted_success
9222048L,train,jsn_predicted,heuristic,jsn_predicted_success
9222048R,train,jsn_predicted,heuristic,jsn_predicted_success
9223285L,train,jsn_predicted,heuristic,jsn_predicted_success
9223303L,train,jsn_predicted,heuristic,jsn_predicted_success
9223685L,train,jsn_predicted,heuristic,jsn_predicted_success
9223685R,train,jsn_predicted,heuristic,jsn_predicted_success
9224590L,train,jsn_predicted,heuristic,jsn_predicted_success
9224866L,train,jsn_predicted,heuristic,jsn_predicted_success
9224866R,train,jsn_predicted,heuristic,jsn_predicted_success
9224983R,train,jsn_predicted,heuristic,jsn_predicted_success
9225581L,train,jsn_predicted,heuristic,jsn_predicted_success
9225581R,train,jsn_predicted,heuristic,jsn_predicted_success
9225871L,train,jsn_predicted,heuristic,jsn_predicted_success
9225871R,train,jsn_predicted,heuristic,jsn_predicted_success
9226752R,train,jsn_predicted,heuristic,jsn_predicted_success
9226874L,train,jsn_predicted,heuristic,jsn_predicted_success
9226874R,train,jsn_predicted,heuristic,jsn_predicted_success
9227067R,train,jsn_predicted,heuristic,jsn_predicted_success
9227873L,train,jsn_predicted,heuristic,jsn_predicted_success
9227873R,train,jsn_predicted,heuristic,jsn_predicted_success
9228372L,train,jsn_predicted,heuristic,jsn_predicted_success
9228372R,train,jsn_predicted,heuristic,jsn_predicted_success
9230073R,train,jsn_predicted,heuristic,jsn_predicted_success
9230363L,train,jsn_predicted,heuristic,jsn_predicted_success
9230363R,train,jsn_predicted,heuristic,jsn_predicted_success
9231784L,train,jsn_predicted,heuristic,jsn_predicted_success
9231784R,train,jsn_predicted,heuristic,jsn_predicted_success
9233675L,train,jsn_predicted,heuristic,jsn_predicted_success
9234073R,train,jsn_predicted,heuristic,jsn_predicted_success
9234667L,train,jsn_predicted,heuristic,jsn_predicted_success
9235448L,train,jsn_predicted,heuristic,jsn_predicted_success
9235448R,train,jsn_predicted,heuristic,jsn_predicted_success
9236027L,train,jsn_predicted,heuristic,jsn_predicted_success
9236557L,train,jsn_predicted,heuristic,jsn_predicted_success
9236557R,train,jsn_predicted,heuristic,jsn_predicted_success
9237029L,train,jsn_predicted,heuristic,jsn_predicted_success
9237029R,train,jsn_predicted,heuristic,jsn_predicted_success
9237473L,train,jsn_predicted,heuristic,jsn_predicted_success
9237473R,train,jsn_predicted,heuristic,jsn_predicted_success
9238060L,train,jsn_predicted,heuristic,jsn_predicted_success
9238060R,train,jsn_predicted,heuristic,jsn_predicted_success
9239515L,train,jsn_predicted,heuristic,jsn_predicted_success
9239515R,train,jsn_predicted,heuristic,jsn_predicted_success
9239552L,train,jsn_predicted,heuristic,jsn_predicted_success
9240515L,train,jsn_predicted,heuristic,jsn_predicted_success
9240548L,train,jsn_predicted,heuristic,jsn_predicted_success
9240548R,train,jsn_predicted,heuristic,jsn_predicted_success
9240957R,train,jsn_predicted,heuristic,jsn_predicted_success
9241153L,train,jsn_predicted,heuristic,jsn_predicted_success
9241153R,train,jsn_predicted,heuristic,jsn_predicted_success
9241544R,train,jsn_predicted,heuristic,jsn_predicted_success
9241546L,train,jsn_predicted,heuristic,jsn_predicted_success
9241546R,train,jsn_predicted,heuristic,jsn_predicted_success
9242544L,train,jsn_predicted,heuristic,jsn_predicted_success
9242544R,train,jsn_predicted,heuristic,jsn_predicted_success
9242925L,train,jsn_predicted,heuristic,jsn_predicted_success
9242925R,train,jsn_predicted,heuristic,jsn_predicted_success
9243198L,train,jsn_predicted,heuristic,jsn_predicted_success
9243198R,train,jsn_predicted,heuristic,jsn_predicted_success
9244001L,train,jsn_predicted,heuristic,jsn_predicted_success
9244001R,train,jsn_predicted,heuristic,jsn_predicted_success
9244516L,train,jsn_predicted,heuristic,jsn_predicted_success
9245760L,train,jsn_predicted,heuristic,jsn_predicted_success
9245760R,train,jsn_predicted,heuristic,jsn_predicted_success
9245917L,train,jsn_predicted,heuristic,jsn_predicted_success
9245917R,train,jsn_predicted,heuristic,jsn_predicted_success
9246415L,train,jsn_predicted,heuristic,jsn_predicted_success
9246415R,train,jsn_predicted,heuristic,jsn_predicted_success
9246995R,train,jsn_predicted,heuristic,jsn_predicted_success
9247140R,train,jsn_predicted,heuristic,jsn_predicted_success
9248932L,train,jsn_predicted,heuristic,jsn_predicted_success
9248932R,train,jsn_predicted,heuristic,jsn_predicted_success
9249027L,train,jsn_predicted,heuristic,jsn_predicted_success
9249027R,train,jsn_predicted,heuristic,jsn_predicted_success
9250222L,train,jsn_predicted,heuristic,jsn_predicted_success
9250222R,train,jsn_predicted,heuristic,jsn_predicted_success
9250574L,train,jsn_predicted,heuristic,jsn_predicted_success
9250574R,train,jsn_predicted,heuristic,jsn_predicted_success
9250986L,train,jsn_predicted,heuristic,jsn_predicted_success
9250986R,train,jsn_predicted,heuristic,jsn_predicted_success
9252427L,train,jsn_predicted,heuristic,jsn_predicted_success
9252576L,train,jsn_predicted,heuristic,jsn_predicted_success
9252576R,train,jsn_predicted,heuristic,jsn_predicted_success
9254514L,train,jsn_predicted,heuristic,jsn_predicted_success
9254514R,train,jsn_predicted,heuristic,jsn_predicted_success
9254920L,train,jsn_predicted,heuristic,jsn_predicted_success
9254920R,train,jsn_predicted,heuristic,jsn_predicted_success
9256066L,train,jsn_predicted,heuristic,jsn_predicted_success
9256066R,train,jsn_predicted,heuristic,jsn_predicted_success
9256532L,train,jsn_predicted,heuristic,jsn_predicted_success
9257048R,train,jsn_predicted,heuristic,jsn_predicted_success
9257071L,train,jsn_predicted,heuristic,jsn_predicted_success
9257071R,train,jsn_predicted,heuristic,jsn_predicted_success
9258526L,train,jsn_predicted,heuristic,jsn_predicted_success
9258526R,train,jsn_predicted,heuristic,jsn_predicted_success
9258563L,train,jsn_predicted,heuristic,jsn_predicted_success
9258563R,train,jsn_predicted,heuristic,jsn_predicted_success
9258662L,train,jsn_predicted,heuristic,jsn_predicted_success
9258662R,train,jsn_predicted,heuristic,jsn_predicted_success
9258864L,train,jsn_predicted,heuristic,jsn_predicted_success
9258864R,train,jsn_predicted,heuristic,jsn_predicted_success
9259394L,train,jsn_predicted,heuristic,jsn_predicted_success
9259523L,train,jsn_predicted,heuristic,jsn_predicted_success
9259523R,train,jsn_predicted,heuristic,jsn_predicted_success
9260058L,train,jsn_predicted,heuristic,jsn_predicted_success
9260058R,train,jsn_predicted,heuristic,jsn_predicted_success
9260515L,train,jsn_predicted,heuristic,jsn_predicted_success
9260515R,train,jsn_predicted,heuristic,jsn_predicted_success
9263547L,train,jsn_predicted,heuristic,jsn_predicted_success
9263547R,train,jsn_predicted,heuristic,jsn_predicted_success
9264649R,train,jsn_predicted,heuristic,jsn_predicted_success
9265023R,train,jsn_predicted,heuristic,jsn_predicted_success
9265514L,train,jsn_predicted,heuristic,jsn_predicted_success
9265514R,train,jsn_predicted,heuristic,jsn_predicted_success
9266652L,train,jsn_predicted,heuristic,jsn_predicted_success
9266652R,train,jsn_predicted,heuristic,jsn_predicted_success
9266787L,train,jsn_predicted,heuristic,jsn_predicted_success
9267027L,train,jsn_predicted,heuristic,jsn_predicted_success
9267027R,train,jsn_predicted,heuristic,jsn_predicted_success
9267198L,train,jsn_predicted,heuristic,jsn_predicted_success
9267198R,train,jsn_predicted,heuristic,jsn_predicted_success
9268052L,train,jsn_predicted,heuristic,jsn_predicted_success
9268652L,train,jsn_predicted,heuristic,jsn_predicted_success
9268724L,train,jsn_predicted,heuristic,jsn_predicted_success
9269056L,train,jsn_predicted,heuristic,jsn_predicted_success
9269655L,train,jsn_predicted,heuristic,jsn_predicted_success
9269655R,train,jsn_predicted,heuristic,jsn_predicted_success
9269942R,train,jsn_predicted,heuristic,jsn_predicted_success
9270239L,train,jsn_predicted,heuristic,jsn_predicted_success
9270239R,train,jsn_predicted,heuristic,jsn_predicted_success
9271023L,train,jsn_predicted,heuristic,jsn_predicted_success
9271023R,train,jsn_predicted,heuristic,jsn_predicted_success
9272118L,train,jsn_predicted,heuristic,jsn_predicted_success
9272118R,train,jsn_predicted,heuristic,jsn_predicted_success
9272194L,train,jsn_predicted,heuristic,jsn_predicted_success
9272194R,train,jsn_predicted,heuristic,jsn_predicted_success
9272271L,train,jsn_predicted,heuristic,jsn_predicted_success
9272271R,train,jsn_predicted,heuristic,jsn_predicted_success
9272833L,train,jsn_predicted,heuristic,jsn_predicted_success
9272833R,train,jsn_predicted,heuristic,jsn_predicted_success
9273266L,train,jsn_predicted,heuristic,jsn_predicted_success
9273266R,train,jsn_predicted,heuristic,jsn_predicted_success
9274245L,train,jsn_predicted,heuristic,jsn_predicted_success
9274245R,train,jsn_predicted,heuristic,jsn_predicted_success
9275281L,train,jsn_predicted,heuristic,jsn_predicted_success
9276146L,train,jsn_predicted,heuristic,jsn_predicted_success
9276146R,train,jsn_predicted,heuristic,jsn_predicted_success
9276150L,train,jsn_predicted,heuristic,jsn_predicted_success
9276291L,train,jsn_predicted,heuristic,jsn_predicted_success
9276291R,train,jsn_predicted,heuristic,jsn_predicted_success
9278404L,train,jsn_predicted,heuristic,jsn_predicted_success
9279169L,train,jsn_predicted,heuristic,jsn_predicted_success
9279169R,train,jsn_predicted,heuristic,jsn_predicted_success
9279874L,train,jsn_predicted,heuristic,jsn_predicted_success
9279874R,train,jsn_predicted,heuristic,jsn_predicted_success
9280043L,train,jsn_predicted,heuristic,jsn_predicted_success
9280181L,train,jsn_predicted,heuristic,jsn_predicted_success
9280204L,train,jsn_predicted,heuristic,jsn_predicted_success
9280243L,train,jsn_predicted,heuristic,jsn_predicted_success
9280243R,train,jsn_predicted,heuristic,jsn_predicted_success
9280320R,train,jsn_predicted,heuristic,jsn_predicted_success
9281052L,train,jsn_predicted,heuristic,jsn_predicted_success
9282203L,train,jsn_predicted,heuristic,jsn_predicted_success
9282240R,train,jsn_predicted,heuristic,jsn_predicted_success
9282330L,train,jsn_predicted,heuristic,jsn_predicted_success
9282888L,train,jsn_predicted,heuristic,jsn_predicted_success
9282888R,train,jsn_predicted,heuristic,jsn_predicted_success
9287219L,train,jsn_predicted,heuristic,jsn_predicted_success
9287219R,train,jsn_predicted,heuristic,jsn_predicted_success
9288911L,train,jsn_predicted,heuristic,jsn_predicted_success
9289520L,train,jsn_predicted,heuristic,jsn_predicted_success
9289520R,train,jsn_predicted,heuristic,jsn_predicted_success
9290346L,train,jsn_predicted,heuristic,jsn_predicted_success
9290346R,train,jsn_predicted,heuristic,jsn_predicted_success
9290819L,train,jsn_predicted,heuristic,jsn_predicted_success
9290819R,train,jsn_predicted,heuristic,jsn_predicted_success
9291206L,train,jsn_predicted,heuristic,jsn_predicted_success
9291234L,train,jsn_predicted,heuristic,jsn_predicted_success
9291234R,train,jsn_predicted,heuristic,jsn_predicted_success
9291338L,train,jsn_predicted,heuristic,jsn_predicted_success
9291338R,train,jsn_predicted,heuristic,jsn_predicted_success
9291817L,train,jsn_predicted,heuristic,jsn_predicted_success
9291817R,train,jsn_predicted,heuristic,jsn_predicted_success
9293216R,train,jsn_predicted,heuristic,jsn_predicted_success
9293349L,train,jsn_predicted,heuristic,jsn_predicted_success
9293349R,train,jsn_predicted,heuristic,jsn_predicted_success
9294354L,train,jsn_predicted,heuristic,jsn_predicted_success
9294354R,train,jsn_predicted,heuristic,jsn_predicted_success
9295223R,train,jsn_predicted,heuristic,jsn_predicted_success
9295946L,train,jsn_predicted,heuristic,jsn_predicted_success
9297239R,train,jsn_predicted,heuristic,jsn_predicted_success
9297957L,train,jsn_predicted,heuristic,jsn_predicted_success
9297957R,train,jsn_predicted,heuristic,jsn_predicted_success
9298954L,train,jsn_predicted,heuristic,jsn_predicted_success
9298954R,train,jsn_predicted,heuristic,jsn_predicted_success
9299361L,train,jsn_predicted,heuristic,jsn_predicted_success
9299361R,train,jsn_predicted,heuristic,jsn_predicted_success
9299944L,train,jsn_predicted,heuristic,jsn_predicted_success
9300088L,train,jsn_predicted,heuristic,jsn_predicted_success
9300796L,train,jsn_predicted,heuristic,jsn_predicted_success
9300939L,train,jsn_predicted,heuristic,jsn_predicted_success
9301222L,train,jsn_predicted,heuristic,jsn_predicted_success
9301222R,train,jsn_predicted,heuristic,jsn_predicted_success
9302081L,train,jsn_predicted,heuristic,jsn_predicted_success
9302081R,train,jsn_predicted,heuristic,jsn_predicted_success
9302341L,train,jsn_predicted,heuristic,jsn_predicted_success
9302341R,train,jsn_predicted,heuristic,jsn_predicted_success
9302536L,train,jsn_predicted,heuristic,jsn_predicted_success
9302536R,train,jsn_predicted,heuristic,jsn_predicted_success
9303044L,train,jsn_predicted,heuristic,jsn_predicted_success
9303044R,train,jsn_predicted,heuristic,jsn_predicted_success
9303093L,train,jsn_predicted,heuristic,jsn_predicted_success
9303093R,train,jsn_predicted,heuristic,jsn_predicted_success
9303781L,train,jsn_predicted,heuristic,jsn_predicted_success
9303781R,train,jsn_predicted,heuristic,jsn_predicted_success
9304351L,train,jsn_predicted,heuristic,jsn_predicted_success
9304351R,train,jsn_predicted,heuristic,jsn_predicted_success
9304726L,train,jsn_predicted,heuristic,jsn_predicted_success
9304726R,train,jsn_predicted,heuristic,jsn_predicted_success
9305113L,train,jsn_predicted,heuristic,jsn_predicted_success
9305113R,train,jsn_predicted,heuristic,jsn_predicted_success
9306719L,train,jsn_predicted,heuristic,jsn_predicted_success
9306719R,train,jsn_predicted,heuristic,jsn_predicted_success
9307109L,train,jsn_predicted,heuristic,jsn_predicted_success
9307109R,train,jsn_predicted,heuristic,jsn_predicted_success
9307716L,train,jsn_predicted,heuristic,jsn_predicted_success
9307716R,train,jsn_predicted,heuristic,jsn_predicted_success
9307892L,train,jsn_predicted,heuristic,jsn_predicted_success
9307892R,train,jsn_predicted,heuristic,jsn_predicted_success
9308348L,train,jsn_predicted,heuristic,jsn_predicted_success
9308348R,train,jsn_predicted,heuristic,jsn_predicted_success
9308720L,train,jsn_predicted,heuristic,jsn_predicted_success
9308720R,train,jsn_predicted,heuristic,jsn_predicted_success
9310416L,train,jsn_predicted,heuristic,jsn_predicted_success
9310976R,train,jsn_predicted,heuristic,jsn_predicted_success
9311411L,train,jsn_predicted,heuristic,jsn_predicted_success
9311411R,train,jsn_predicted,heuristic,jsn_predicted_success
9312081R,train,jsn_predicted,heuristic,jsn_predicted_success
9312296L,train,jsn_predicted,heuristic,jsn_predicted_success
9312296R,train,jsn_predicted,heuristic,jsn_predicted_success
9312419L,train,jsn_predicted,heuristic,jsn_predicted_success
9312487L,train,jsn_predicted,heuristic,jsn_predicted_success
9312487R,train,jsn_predicted,heuristic,jsn_predicted_success
9314427L,train,jsn_predicted,heuristic,jsn_predicted_success
9314427R,train,jsn_predicted,heuristic,jsn_predicted_success
9315064L,train,jsn_predicted,heuristic,jsn_predicted_success
9315064R,train,jsn_predicted,heuristic,jsn_predicted_success
9316359L,train,jsn_predicted,heuristic,jsn_predicted_success
9316495R,train,jsn_predicted,heuristic,jsn_predicted_success
9316905L,train,jsn_predicted,heuristic,jsn_predicted_success
9317124R,train,jsn_predicted,heuristic,jsn_predicted_success
9317134L,train,jsn_predicted,heuristic,jsn_predicted_success
9318127L,train,jsn_predicted,heuristic,jsn_predicted_success
9318127R,train,jsn_predicted,heuristic,jsn_predicted_success
9319366L,train,jsn_predicted,heuristic,jsn_predicted_success
9319367L,train,jsn_predicted,heuristic,jsn_predicted_success
9321092R,train,jsn_predicted,heuristic,jsn_predicted_success
9321373L,train,jsn_predicted,heuristic,jsn_predicted_success
9321373R,train,jsn_predicted,heuristic,jsn_predicted_success
9321380L,train,jsn_predicted,heuristic,jsn_predicted_success
9322375L,train,jsn_predicted,heuristic,jsn_predicted_success
9322375R,train,jsn_predicted,heuristic,jsn_predicted_success
9323079L,train,jsn_predicted,heuristic,jsn_predicted_success
9324182L,train,jsn_predicted,heuristic,jsn_predicted_success
9324182R,train,jsn_predicted,heuristic,jsn_predicted_success
9324400L,train,jsn_predicted,heuristic,jsn_predicted_success
9325745L,train,jsn_predicted,heuristic,jsn_predicted_success
9325745R,train,jsn_predicted,heuristic,jsn_predicted_success
9326076R,train,jsn_predicted,heuristic,jsn_predicted_success
9326106L,train,jsn_predicted,heuristic,jsn_predicted_success
9326106R,train,jsn_predicted,heuristic,jsn_predicted_success
9326364L,train,jsn_predicted,heuristic,jsn_predicted_success
9326364R,train,jsn_predicted,heuristic,jsn_predicted_success
9327065L,train,jsn_predicted,heuristic,jsn_predicted_success
9328093R,train,jsn_predicted,heuristic,jsn_predicted_success
9328298R,train,jsn_predicted,heuristic,jsn_predicted_success
9328376L,train,jsn_predicted,heuristic,jsn_predicted_success
9328376R,train,jsn_predicted,heuristic,jsn_predicted_success
9329159L,train,jsn_predicted,heuristic,jsn_predicted_success
9329159R,train,jsn_predicted,heuristic,jsn_predicted_success
9329345R,train,jsn_predicted,heuristic,jsn_predicted_success
9329346L,train,jsn_predicted,heuristic,jsn_predicted_success
9329346R,train,jsn_predicted,heuristic,jsn_predicted_success
9330155L,train,jsn_predicted,heuristic,jsn_predicted_success
9330186L,train,jsn_predicted,heuristic,jsn_predicted_success
9330186R,train,jsn_predicted,heuristic,jsn_predicted_success
9330346L,train,jsn_predicted,heuristic,jsn_predicted_success
9330369L,train,jsn_predicted,heuristic,jsn_predicted_success
9332058R,train,jsn_predicted,heuristic,jsn_predicted_success
9332151R,train,jsn_predicted,heuristic,jsn_predicted_success
9332414L,train,jsn_predicted,heuristic,jsn_predicted_success
9333058L,train,jsn_predicted,heuristic,jsn_predicted_success
9333085L,train,jsn_predicted,heuristic,jsn_predicted_success
9333085R,train,jsn_predicted,heuristic,jsn_predicted_success
9335358L,train,jsn_predicted,heuristic,jsn_predicted_success
9336356L,train,jsn_predicted,heuristic,jsn_predicted_success
9336356R,train,jsn_predicted,heuristic,jsn_predicted_success
9339337L,train,jsn_predicted,heuristic,jsn_predicted_success
9339860L,train,jsn_predicted,heuristic,jsn_predicted_success
9339860R,train,jsn_predicted,heuristic,jsn_predicted_success
9340139L,train,jsn_predicted,heuristic,jsn_predicted_success
9340171L,train,jsn_predicted,heuristic,jsn_predicted_success
9340171R,train,jsn_predicted,heuristic,jsn_predicted_success
9343449L,train,jsn_predicted,heuristic,jsn_predicted_success
9345249L,train,jsn_predicted,heuristic,jsn_predicted_success
9345249R,train,jsn_predicted,heuristic,jsn_predicted_success
9345493L,train,jsn_predicted,heuristic,jsn_predicted_success
9346033L,train,jsn_predicted,heuristic,jsn_predicted_success
9346033R,train,jsn_predicted,heuristic,jsn_predicted_success
9346398L,train,jsn_predicted,heuristic,jsn_predicted_success
9346398R,train,jsn_predicted,heuristic,jsn_predicted_success
9346709L,train,jsn_predicted,heuristic,jsn_predicted_success
9346843L,train,jsn_predicted,heuristic,jsn_predicted_success
9346843R,train,jsn_predicted,heuristic,jsn_predicted_success
9347321L,train,jsn_predicted,heuristic,jsn_predicted_success
9347441L,train,jsn_predicted,heuristic,jsn_predicted_success
9347441R,train,jsn_predicted,heuristic,jsn_predicted_success
9349241L,train,jsn_predicted,heuristic,jsn_predicted_success
9349241R,train,jsn_predicted,heuristic,jsn_predicted_success
9351436R,train,jsn_predicted,heuristic,jsn_predicted_success
9351479R,train,jsn_predicted,heuristic,jsn_predicted_success
9353397L,train,jsn_predicted,heuristic,jsn_predicted_success
9353397R,train,jsn_predicted,heuristic,jsn_predicted_success
9353670L,train,jsn_predicted,heuristic,jsn_predicted_success
9353670R,train,jsn_predicted,heuristic,jsn_predicted_success
9354236L,train,jsn_predicted,heuristic,jsn_predicted_success
9354236R,train,jsn_predicted,heuristic,jsn_predicted_success
9355016L,train,jsn_predicted,heuristic,jsn_predicted_success
9355016R,train,jsn_predicted,heuristic,jsn_predicted_success
9355112L,train,jsn_predicted,heuristic,jsn_predicted_success
9355112R,train,jsn_predicted,heuristic,jsn_predicted_success
9355236L,train,jsn_predicted,heuristic,jsn_predicted_success
9355236R,train,jsn_predicted,heuristic,jsn_predicted_success
9355390L,train,jsn_predicted,heuristic,jsn_predicted_success
9355390R,train,jsn_predicted,heuristic,jsn_predicted_success
9355648L,train,jsn_predicted,heuristic,jsn_predicted_success
9356305L,train,jsn_predicted,heuristic,jsn_predicted_success
9356305R,train,jsn_predicted,heuristic,jsn_predicted_success
9356765L,train,jsn_predicted,heuristic,jsn_predicted_success
9356765R,train,jsn_predicted,heuristic,jsn_predicted_success
9357301L,train,jsn_predicted,heuristic,jsn_predicted_success
9357301R,train,jsn_predicted,heuristic,jsn_predicted_success
9358131L,train,jsn_predicted,heuristic,jsn_predicted_success
9359987L,train,jsn_predicted,heuristic,jsn_predicted_success
9359987R,train,jsn_predicted,heuristic,jsn_predicted_success
9360132L,train,jsn_predicted,heuristic,jsn_predicted_success
9360132R,train,jsn_predicted,heuristic,jsn_predicted_success
9361302L,train,jsn_predicted,heuristic,jsn_predicted_success
9362450L,train,jsn_predicted,heuristic,jsn_predicted_success
9362450R,train,jsn_predicted,heuristic,jsn_predicted_success
9362660L,train,jsn_predicted,heuristic,jsn_predicted_success
9363262L,train,jsn_predicted,heuristic,jsn_predicted_success
9363262R,train,jsn_predicted,heuristic,jsn_predicted_success
9365655R,train,jsn_predicted,heuristic,jsn_predicted_success
9368106L,train,jsn_predicted,heuristic,jsn_predicted_success
9368106R,train,jsn_predicted,heuristic,jsn_predicted_success
9368252L,train,jsn_predicted,heuristic,jsn_predicted_success
9368252R,train,jsn_predicted,heuristic,jsn_predicted_success
9368286L,train,jsn_predicted,heuristic,jsn_predicted_success
9368839L,train,jsn_predicted,heuristic,jsn_predicted_success
9368839R,train,jsn_predicted,heuristic,jsn_predicted_success
9369259L,train,jsn_predicted,heuristic,jsn_predicted_success
9369259R,train,jsn_predicted,heuristic,jsn_predicted_success
9369375R,train,jsn_predicted,heuristic,jsn_predicted_success
9369982R,train,jsn_predicted,heuristic,jsn_predicted_success
9370237L,train,jsn_predicted,heuristic,jsn_predicted_success
9371267L,train,jsn_predicted,heuristic,jsn_predicted_success
9372030L,train,jsn_predicted,heuristic,jsn_predicted_success
9372030R,train,jsn_predicted,heuristic,jsn_predicted_success
9372977L,train,jsn_predicted,heuristic,jsn_predicted_success
9372977R,train,jsn_predicted,heuristic,jsn_predicted_success
9373065L,train,jsn_predicted,heuristic,jsn_predicted_success
9373076L,train,jsn_predicted,heuristic,jsn_predicted_success
9373076R,train,jsn_predicted,heuristic,jsn_predicted_success
9376021L,train,jsn_predicted,heuristic,jsn_predicted_success
9376021R,train,jsn_predicted,heuristic,jsn_predicted_success
9378093L,train,jsn_predicted,heuristic,jsn_predicted_success
9378093R,train,jsn_predicted,heuristic,jsn_predicted_success
9381081L,train,jsn_predicted,heuristic,jsn_predicted_success
9381081R,train,jsn_predicted,heuristic,jsn_predicted_success
9382139L,train,jsn_predicted,heuristic,jsn_predicted_success
9382139R,train,jsn_predicted,heuristic,jsn_predicted_success
9382501L,train,jsn_predicted,heuristic,jsn_predicted_success
9382992L,train,jsn_predicted,heuristic,jsn_predicted_success
9382992R,train,jsn_predicted,heuristic,jsn_predicted_success
9383004L,train,jsn_predicted,heuristic,jsn_predicted_success
9383004R,train,jsn_predicted,heuristic,jsn_predicted_success
9383072R,train,jsn_predicted,heuristic,jsn_predicted_success
9385984L,train,jsn_predicted,heuristic,jsn_predicted_success
9385984R,train,jsn_predicted,heuristic,jsn_predicted_success
9386991L,train,jsn_predicted,heuristic,jsn_predicted_success
9386991R,train,jsn_predicted,heuristic,jsn_predicted_success
9387992L,train,jsn_predicted,heuristic,jsn_predicted_success
9387992R,train,jsn_predicted,heuristic,jsn_predicted_success
9388978L,train,jsn_predicted,heuristic,jsn_predicted_success
9388978R,train,jsn_predicted,heuristic,jsn_predicted_success
9389183L,train,jsn_predicted,heuristic,jsn_predicted_success
9389183R,train,jsn_predicted,heuristic,jsn_predicted_success
9389965L,train,jsn_predicted,heuristic,jsn_predicted_success
9389965R,train,jsn_predicted,heuristic,jsn_predicted_success
9391051R,train,jsn_predicted,heuristic,jsn_predicted_success
9391967L,train,jsn_predicted,heuristic,jsn_predicted_success
9391967R,train,jsn_predicted,heuristic,jsn_predicted_success
9393241R,train,jsn_predicted,heuristic,jsn_predicted_success
9394136R,train,jsn_predicted,heuristic,jsn_predicted_success
9395121L,train,jsn_predicted,heuristic,jsn_predicted_success
9395262L,train,jsn_predicted,heuristic,jsn_predicted_success
9395262R,train,jsn_predicted,heuristic,jsn_predicted_success
9395992L,train,jsn_predicted,heuristic,jsn_predicted_success
9395992R,train,jsn_predicted,heuristic,jsn_predicted_success
9397976L,train,jsn_predicted,heuristic,jsn_predicted_success
9397976R,train,jsn_predicted,heuristic,jsn_predicted_success
9398062L,train,jsn_predicted,heuristic,jsn_predicted_success
9398079L,train,jsn_predicted,heuristic,jsn_predicted_success
9398079R,train,jsn_predicted,heuristic,jsn_predicted_success
9400081L,train,jsn_predicted,heuristic,jsn_predicted_success
9400081R,train,jsn_predicted,heuristic,jsn_predicted_success
9400975L,train,jsn_predicted,heuristic,jsn_predicted_success
9401050L,train,jsn_predicted,heuristic,jsn_predicted_success
9401050R,train,jsn_predicted,heuristic,jsn_predicted_success
9401956L,train,jsn_predicted,heuristic,jsn_predicted_success
9401956R,train,jsn_predicted,heuristic,jsn_predicted_success
9402055R,train,jsn_predicted,heuristic,jsn_predicted_success
9402960R,train,jsn_predicted,heuristic,jsn_predicted_success
9403165R,train,jsn_predicted,heuristic,jsn_predicted_success
9405118L,train,jsn_predicted,heuristic,jsn_predicted_success
9405118R,train,jsn_predicted,heuristic,jsn_predicted_success
9406109R,train,jsn_predicted,heuristic,jsn_predicted_success
9407138L,train,jsn_predicted,heuristic,jsn_predicted_success
9407138R,train,jsn_predicted,heuristic,jsn_predicted_success
9407340L,train,jsn_predicted,heuristic,jsn_predicted_success
9407340R,train,jsn_predicted,heuristic,jsn_predicted_success
9407587L,train,jsn_predicted,heuristic,jsn_predicted_success
9407587R,train,jsn_predicted,heuristic,jsn_predicted_success
9409941L,train,jsn_predicted,heuristic,jsn_predicted_success
9410021L,train,jsn_predicted,heuristic,jsn_predicted_success
9410021R,train,jsn_predicted,heuristic,jsn_predicted_success
9411118L,train,jsn_predicted,heuristic,jsn_predicted_success
9411555R,train,jsn_predicted,heuristic,jsn_predicted_success
9412037R,train,jsn_predicted,heuristic,jsn_predicted_success
9412123R,train,jsn_predicted,heuristic,jsn_predicted_success
9413039L,train,jsn_predicted,heuristic,jsn_predicted_success
9413319L,train,jsn_predicted,heuristic,jsn_predicted_success
9413319R,train,jsn_predicted,heuristic,jsn_predicted_success
9413377L,train,jsn_predicted,heuristic,jsn_predicted_success
9413377R,train,jsn_predicted,heuristic,jsn_predicted_success
9413676R,train,jsn_predicted,heuristic,jsn_predicted_success
9416063L,train,jsn_predicted,heuristic,jsn_predicted_success
9416063R,train,jsn_predicted,heuristic,jsn_predicted_success
9416308L,train,jsn_predicted,heuristic,jsn_predicted_success
9416308R,train,jsn_predicted,heuristic,jsn_predicted_success
9416423L,train,jsn_predicted,heuristic,jsn_predicted_success
9416423R,train,jsn_predicted,heuristic,jsn_predicted_success
9417006L,train,jsn_predicted,heuristic,jsn_predicted_success
9417006R,train,jsn_predicted,heuristic,jsn_predicted_success
9417104L,train,jsn_predicted,heuristic,jsn_predicted_success
9417104R,train,jsn_predicted,heuristic,jsn_predicted_success
9417349L,train,jsn_predicted,heuristic,jsn_predicted_success
9417349R,train,jsn_predicted,heuristic,jsn_predicted_success
9418298R,train,jsn_predicted,heuristic,jsn_predicted_success
9419379L,train,jsn_predicted,heuristic,jsn_predicted_success
9419379R,train,jsn_predicted,heuristic,jsn_predicted_success
9420978L,train,jsn_predicted,heuristic,jsn_predicted_success
9422008L,train,jsn_predicted,heuristic,jsn_predicted_success
9422008R,train,jsn_predicted,heuristic,jsn_predicted_success
9422393L,train,jsn_predicted,heuristic,jsn_predicted_success
9422393R,train,jsn_predicted,heuristic,jsn_predicted_success
9423086L,train,jsn_predicted,heuristic,jsn_predicted_success
9423358L,train,jsn_predicted,heuristic,jsn_predicted_success
9425004R,train,jsn_predicted,heuristic,jsn_predicted_success
9425032R,train,jsn_predicted,heuristic,jsn_predicted_success
9425661R,train,jsn_predicted,heuristic,jsn_predicted_success
9425737R,train,jsn_predicted,heuristic,jsn_predicted_success
9426339L,train,jsn_predicted,heuristic,jsn_predicted_success
9426339R,train,jsn_predicted,heuristic,jsn_predicted_success
9427002L,train,jsn_predicted,heuristic,jsn_predicted_success
9427002R,train,jsn_predicted,heuristic,jsn_predicted_success
9427182L,train,jsn_predicted,heuristic,jsn_predicted_success
9427182R,train,jsn_predicted,heuristic,jsn_predicted_success
9429319L,train,jsn_predicted,heuristic,jsn_predicted_success
9430147L,train,jsn_predicted,heuristic,jsn_predicted_success
9430888R,train,jsn_predicted,heuristic,jsn_predicted_success
9431280L,train,jsn_predicted,heuristic,jsn_predicted_success
9431345L,train,jsn_predicted,heuristic,jsn_predicted_success
9431345R,train,jsn_predicted,heuristic,jsn_predicted_success
9432102L,train,jsn_predicted,heuristic,jsn_predicted_success
9432102R,train,jsn_predicted,heuristic,jsn_predicted_success
9432327R,train,jsn_predicted,heuristic,jsn_predicted_success
9432389L,train,jsn_predicted,heuristic,jsn_predicted_success
9432585L,train,jsn_predicted,heuristic,jsn_predicted_success
9433383L,train,jsn_predicted,heuristic,jsn_predicted_success
9433383R,train,jsn_predicted,heuristic,jsn_predicted_success
9434318L,train,jsn_predicted,heuristic,jsn_predicted_success
9434318R,train,jsn_predicted,heuristic,jsn_predicted_success
9435250L,train,jsn_predicted,heuristic,jsn_predicted_success
9435250R,train,jsn_predicted,heuristic,jsn_predicted_success
9435600L,train,jsn_predicted,heuristic,jsn_predicted_success
9435600R,train,jsn_predicted,heuristic,jsn_predicted_success
9435855L,train,jsn_predicted,heuristic,jsn_predicted_success
9435855R,train,jsn_predicted,heuristic,jsn_predicted_success
9436187L,train,jsn_predicted,heuristic,jsn_predicted_success
9436187R,train,jsn_predicted,heuristic,jsn_predicted_success
9436383L,train,jsn_predicted,heuristic,jsn_predicted_success
9436383R,train,jsn_predicted,heuristic,jsn_predicted_success
9438149R,train,jsn_predicted,heuristic,jsn_predicted_success
9438337R,train,jsn_predicted,heuristic,jsn_predicted_success
9439411R,train,jsn_predicted,heuristic,jsn_predicted_success
9439881L,train,jsn_predicted,heuristic,jsn_predicted_success
9439881R,train,jsn_predicted,heuristic,jsn_predicted_success
9440005L,train,jsn_predicted,heuristic,jsn_predicted_success
9440883R,train,jsn_predicted,heuristic,jsn_predicted_success
9441307R,train,jsn_predicted,heuristic,jsn_predicted_success
9442298R,train,jsn_predicted,heuristic,jsn_predicted_success
9443135L,train,jsn_predicted,heuristic,jsn_predicted_success
9443223L,train,jsn_predicted,heuristic,jsn_predicted_success
9443223R,train,jsn_predicted,heuristic,jsn_predicted_success
9444132L,train,jsn_predicted,heuristic,jsn_predicted_success
9444295L,train,jsn_predicted,heuristic,jsn_predicted_success
9444295R,train,jsn_predicted,heuristic,jsn_predicted_success
9444883L,train,jsn_predicted,heuristic,jsn_predicted_success
9444883R,train,jsn_predicted,heuristic,jsn_predicted_success
9445264L,train,jsn_predicted,heuristic,jsn_predicted_success
9445264R,train,jsn_predicted,heuristic,jsn_predicted_success
9446883L,train,jsn_predicted,heuristic,jsn_predicted_success
9446883R,train,jsn_predicted,heuristic,jsn_predicted_success
9447378R,train,jsn_predicted,heuristic,jsn_predicted_success
9448099L,train,jsn_predicted,heuristic,jsn_predicted_success
9448099R,train,jsn_predicted,heuristic,jsn_predicted_success
9448563L,train,jsn_predicted,heuristic,jsn_predicted_success
9449288L,train,jsn_predicted,heuristic,jsn_predicted_success
9449288R,train,jsn_predicted,heuristic,jsn_predicted_success
9449412R,train,jsn_predicted,heuristic,jsn_predicted_success
9450119L,train,jsn_predicted,heuristic,jsn_predicted_success
9450119R,train,jsn_predicted,heuristic,jsn_predicted_success
9450291L,train,jsn_predicted,heuristic,jsn_predicted_success
9450291R,train,jsn_predicted,heuristic,jsn_predicted_success
9450853L,train,jsn_predicted,heuristic,jsn_predicted_success
9450853R,train,jsn_predicted,heuristic,jsn_predicted_success
9451217L,train,jsn_predicted,heuristic,jsn_predicted_success
9451217R,train,jsn_predicted,heuristic,jsn_predicted_success
9451281R,train,jsn_predicted,heuristic,jsn_predicted_success
9452269L,train,jsn_predicted,heuristic,jsn_predicted_success
9452269R,train,jsn_predicted,heuristic,jsn_predicted_success
9452628L,train,jsn_predicted,heuristic,jsn_predicted_success
9452628R,train,jsn_predicted,heuristic,jsn_predicted_success
9453107L,train,jsn_predicted,heuristic,jsn_predicted_success
9453107R,train,jsn_predicted,heuristic,jsn_predicted_success
9453364L,train,jsn_predicted,heuristic,jsn_predicted_success
9454100L,train,jsn_predicted,heuristic,jsn_predicted_success
9454100R,train,jsn_predicted,heuristic,jsn_predicted_success
9454308L,train,jsn_predicted,heuristic,jsn_predicted_success
9454413L,train,jsn_predicted,heuristic,jsn_predicted_success
9454413R,train,jsn_predicted,heuristic,jsn_predicted_success
9455238L,train,jsn_predicted,heuristic,jsn_predicted_success
9455238R,train,jsn_predicted,heuristic,jsn_predicted_success
9455270L,train,jsn_predicted,heuristic,jsn_predicted_success
9455361L,train,jsn_predicted,heuristic,jsn_predicted_success
9455361R,train,jsn_predicted,heuristic,jsn_predicted_success
9455502L,train,jsn_predicted,heuristic,jsn_predicted_success
9455502R,train,jsn_predicted,heuristic,jsn_predicted_success
9456266L,train,jsn_predicted,heuristic,jsn_predicted_success
9456266R,train,jsn_predicted,heuristic,jsn_predicted_success
9456499L,train,jsn_predicted,heuristic,jsn_predicted_success
9456499R,train,jsn_predicted,heuristic,jsn_predicted_success
9456548L,train,jsn_predicted,heuristic,jsn_predicted_success
9457863R,train,jsn_predicted,heuristic,jsn_predicted_success
9458093R,train,jsn_predicted,heuristic,jsn_predicted_success
9458237L,train,jsn_predicted,heuristic,jsn_predicted_success
9458237R,train,jsn_predicted,heuristic,jsn_predicted_success
9458286L,train,jsn_predicted,heuristic,jsn_predicted_success
9458286R,train,jsn_predicted,heuristic,jsn_predicted_success
9458391L,train,jsn_predicted,heuristic,jsn_predicted_success
9458391R,train,jsn_predicted,heuristic,jsn_predicted_success
9459116L,train,jsn_predicted,heuristic,jsn_predicted_success
9459743R,train,jsn_predicted,heuristic,jsn_predicted_success
9460377L,train,jsn_predicted,heuristic,jsn_predicted_success
9461271L,train,jsn_predicted,heuristic,jsn_predicted_success
9461271R,train,jsn_predicted,heuristic,jsn_predicted_success
9461329L,train,jsn_predicted,heuristic,jsn_predicted_success
9461826L,train,jsn_predicted,heuristic,jsn_predicted_success
9461826R,train,jsn_predicted,heuristic,jsn_predicted_success
9461885R,train,jsn_predicted,heuristic,jsn_predicted_success
9463233L,train,jsn_predicted,heuristic,jsn_predicted_success
9463233R,train,jsn_predicted,heuristic,jsn_predicted_success
9463778L,train,jsn_predicted,heuristic,jsn_predicted_success
9463778R,train,jsn_predicted,heuristic,jsn_predicted_success
9465131L,train,jsn_predicted,heuristic,jsn_predicted_success
9465162L,train,jsn_predicted,heuristic,jsn_predicted_success
9465162R,train,jsn_predicted,heuristic,jsn_predicted_success
9465265L,train,jsn_predicted,heuristic,jsn_predicted_success
9465321L,train,jsn_predicted,heuristic,jsn_predicted_success
9466897L,train,jsn_predicted,heuristic,jsn_predicted_success
9466897R,train,jsn_predicted,heuristic,jsn_predicted_success
9467124L,train,jsn_predicted,heuristic,jsn_predicted_success
9467563L,train,jsn_predicted,heuristic,jsn_predicted_success
9467563R,train,jsn_predicted,heuristic,jsn_predicted_success
9468292L,train,jsn_predicted,heuristic,jsn_predicted_success
9468412L,train,jsn_predicted,heuristic,jsn_predicted_success
9468412R,train,jsn_predicted,heuristic,jsn_predicted_success
9469155L,train,jsn_predicted,heuristic,jsn_predicted_success
9470120R,train,jsn_predicted,heuristic,jsn_predicted_success
9470267L,train,jsn_predicted,heuristic,jsn_predicted_success
9470267R,train,jsn_predicted,heuristic,jsn_predicted_success
9470299L,train,jsn_predicted,heuristic,jsn_predicted_success
9470299R,train,jsn_predicted,heuristic,jsn_predicted_success
9471214R,train,jsn_predicted,heuristic,jsn_predicted_success
9472128R,train,jsn_predicted,heuristic,jsn_predicted_success
9473335L,train,jsn_predicted,heuristic,jsn_predicted_success
9473335R,train,jsn_predicted,heuristic,jsn_predicted_success
9474248L,train,jsn_predicted,heuristic,jsn_predicted_success
9474270L,train,jsn_predicted,heuristic,jsn_predicted_success
9474270R,train,jsn_predicted,heuristic,jsn_predicted_success
9474901L,train,jsn_predicted,heuristic,jsn_predicted_success
9474901R,train,jsn_predicted,heuristic,jsn_predicted_success
9475264R,train,jsn_predicted,heuristic,jsn_predicted_success
9475284L,train,jsn_predicted,heuristic,jsn_predicted_success
9476354L,train,jsn_predicted,heuristic,jsn_predicted_success
9476354R,train,jsn_predicted,heuristic,jsn_predicted_success
9477175L,train,jsn_predicted,heuristic,jsn_predicted_success
9477358L,train,jsn_predicted,heuristic,jsn_predicted_success
9477362L,train,jsn_predicted,heuristic,jsn_predicted_success
9477362R,train,jsn_predicted,heuristic,jsn_predicted_success
9478184R,train,jsn_predicted,heuristic,jsn_predicted_success
9478377L,train,jsn_predicted,heuristic,jsn_predicted_success
9478377R,train,jsn_predicted,heuristic,jsn_predicted_success
9479394L,train,jsn_predicted,heuristic,jsn_predicted_success
9479394R,train,jsn_predicted,heuristic,jsn_predicted_success
9480215L,train,jsn_predicted,heuristic,jsn_predicted_success
9480338R,train,jsn_predicted,heuristic,jsn_predicted_success
9483335R,train,jsn_predicted,heuristic,jsn_predicted_success
9483766L,train,jsn_predicted,heuristic,jsn_predicted_success
9483766R,train,jsn_predicted,heuristic,jsn_predicted_success
9484468L,train,jsn_predicted,heuristic,jsn_predicted_success
9484468R,train,jsn_predicted,heuristic,jsn_predicted_success
9485448L,train,jsn_predicted,heuristic,jsn_predicted_success
9485448R,train,jsn_predicted,heuristic,jsn_predicted_success
9487462L,train,jsn_predicted,heuristic,jsn_predicted_success
9487864L,train,jsn_predicted,heuristic,jsn_predicted_success
9487864R,train,jsn_predicted,heuristic,jsn_predicted_success
9488595R,train,jsn_predicted,heuristic,jsn_predicted_success
9488861L,train,jsn_predicted,heuristic,jsn_predicted_success
9488861R,train,jsn_predicted,heuristic,jsn_predicted_success
9488882R,train,jsn_predicted,heuristic,jsn_predicted_success
9490756L,train,jsn_predicted,heuristic,jsn_predicted_success
9490756R,train,jsn_predicted,heuristic,jsn_predicted_success
9492362L,train,jsn_predicted,heuristic,jsn_predicted_success
9492362R,train,jsn_predicted,heuristic,jsn_predicted_success
9492863R,train,jsn_predicted,heuristic,jsn_predicted_success
9492880L,train,jsn_predicted,heuristic,jsn_predicted_success
9492880R,train,jsn_predicted,heuristic,jsn_predicted_success
9494408L,train,jsn_predicted,heuristic,jsn_predicted_success
9494408R,train,jsn_predicted,heuristic,jsn_predicted_success
9494867L,train,jsn_predicted,heuristic,jsn_predicted_success
9495409L,train,jsn_predicted,heuristic,jsn_predicted_success
9495409R,train,jsn_predicted,heuristic,jsn_predicted_success
9496386L,train,jsn_predicted,heuristic,jsn_predicted_success
9496633L,train,jsn_predicted,heuristic,jsn_predicted_success
9496633R,train,jsn_predicted,heuristic,jsn_predicted_success
9498839L,train,jsn_predicted,heuristic,jsn_predicted_success
9498839R,train,jsn_predicted,heuristic,jsn_predicted_success
9499370L,train,jsn_predicted,heuristic,jsn_predicted_success
9500410L,train,jsn_predicted,heuristic,jsn_predicted_success
9500884L,train,jsn_predicted,heuristic,jsn_predicted_success
9500884R,train,jsn_predicted,heuristic,jsn_predicted_success
9501226R,train,jsn_predicted,heuristic,jsn_predicted_success
9501342L,train,jsn_predicted,heuristic,jsn_predicted_success
9501342R,train,jsn_predicted,heuristic,jsn_predicted_success
9501369L,train,jsn_predicted,heuristic,jsn_predicted_success
9501369R,train,jsn_predicted,heuristic,jsn_predicted_success
9501860L,train,jsn_predicted,heuristic,jsn_predicted_success
9501860R,train,jsn_predicted,heuristic,jsn_predicted_success
9501871L,train,jsn_predicted,heuristic,jsn_predicted_success
9501871R,train,jsn_predicted,heuristic,jsn_predicted_success
9502364L,train,jsn_predicted,heuristic,jsn_predicted_success
9502364R,train,jsn_predicted,heuristic,jsn_predicted_success
9502727L,train,jsn_predicted,heuristic,jsn_predicted_success
9502938R,train,jsn_predicted,heuristic,jsn_predicted_success
9503137L,train,jsn_predicted,heuristic,jsn_predicted_success
9503137R,train,jsn_predicted,heuristic,jsn_predicted_success
9503396L,train,jsn_predicted,heuristic,jsn_predicted_success
9503396R,train,jsn_predicted,heuristic,jsn_predicted_success
9503429L,train,jsn_predicted,heuristic,jsn_predicted_success
9503429R,train,jsn_predicted,heuristic,jsn_predicted_success
9503723L,train,jsn_predicted,heuristic,jsn_predicted_success
9503723R,train,jsn_predicted,heuristic,jsn_predicted_success
9506155L,train,jsn_predicted,heuristic,jsn_predicted_success
9507296R,train,jsn_predicted,heuristic,jsn_predicted_success
9507791R,train,jsn_predicted,heuristic,jsn_predicted_success
9508788L,train,jsn_predicted,heuristic,jsn_predicted_success
9508788R,train,jsn_predicted,heuristic,jsn_predicted_success
9508858R,train,jsn_predicted,heuristic,jsn_predicted_success
9509294R,train,jsn_predicted,heuristic,jsn_predicted_success
9509373L,train,jsn_predicted,heuristic,jsn_predicted_success
9509373R,train,jsn_predicted,heuristic,jsn_predicted_success
9510900L,train,jsn_predicted,heuristic,jsn_predicted_success
9510900R,train,jsn_predicted,heuristic,jsn_predicted_success
9510943R,train,jsn_predicted,heuristic,jsn_predicted_success
9511898L,train,jsn_predicted,heuristic,jsn_predicted_success
9511898R,train,jsn_predicted,heuristic,jsn_predicted_success
9512848R,train,jsn_predicted,heuristic,jsn_predicted_success
9513374L,train,jsn_predicted,heuristic,jsn_predicted_success
9513374R,train,jsn_predicted,heuristic,jsn_predicted_success
9513843L,train,jsn_predicted,heuristic,jsn_predicted_success
9513843R,train,jsn_predicted,heuristic,jsn_predicted_success
9515853L,train,jsn_predicted,heuristic,jsn_predicted_success
9515853R,train,jsn_predicted,heuristic,jsn_predicted_success
9516323L,train,jsn_predicted,heuristic,jsn_predicted_success
9516323R,train,jsn_predicted,heuristic,jsn_predicted_success
9516844L,train,jsn_predicted,heuristic,jsn_predicted_success
9517311L,train,jsn_predicted,heuristic,jsn_predicted_success
9518827L,train,jsn_predicted,heuristic,jsn_predicted_success
9518827R,train,jsn_predicted,heuristic,jsn_predicted_success
9518910L,train,jsn_predicted,heuristic,jsn_predicted_success
9518910R,train,jsn_predicted,heuristic,jsn_predicted_success
9519044L,train,jsn_predicted,heuristic,jsn_predicted_success
9519268L,train,jsn_predicted,heuristic,jsn_predicted_success
9521956L,train,jsn_predicted,heuristic,jsn_predicted_success
9521956R,train,jsn_predicted,heuristic,jsn_predicted_success
9522950L,train,jsn_predicted,heuristic,jsn_predicted_success
9523742L,train,jsn_predicted,heuristic,jsn_predicted_success
9524398L,train,jsn_predicted,heuristic,jsn_predicted_success
9524744R,train,jsn_predicted,heuristic,jsn_predicted_success
9525435L,train,jsn_predicted,heuristic,jsn_predicted_success
9525435R,train,jsn_predicted,heuristic,jsn_predicted_success
9525846L,train,jsn_predicted,heuristic,jsn_predicted_success
9525846R,train,jsn_predicted,heuristic,jsn_predicted_success
9526247R,train,jsn_predicted,heuristic,jsn_predicted_success
9526432L,train,jsn_predicted,heuristic,jsn_predicted_success
9526432R,train,jsn_predicted,heuristic,jsn_predicted_success
9526875L,train,jsn_predicted,heuristic,jsn_predicted_success
9526875R,train,jsn_predicted,heuristic,jsn_predicted_success
9528158L,train,jsn_predicted,heuristic,jsn_predicted_success
9528158R,train,jsn_predicted,heuristic,jsn_predicted_success
9528886L,train,jsn_predicted,heuristic,jsn_predicted_success
9528886R,train,jsn_predicted,heuristic,jsn_predicted_success
9531421L,train,jsn_predicted,heuristic,jsn_predicted_success
9531421R,train,jsn_predicted,heuristic,jsn_predicted_success
9531528R,train,jsn_predicted,heuristic,jsn_predicted_success
9531657L,train,jsn_predicted,heuristic,jsn_predicted_success
9531657R,train,jsn_predicted,heuristic,jsn_predicted_success
9532382L,train,jsn_predicted,heuristic,jsn_predicted_success
9532382R,train,jsn_predicted,heuristic,jsn_predicted_success
9532533L,train,jsn_predicted,heuristic,jsn_predicted_success
9532533R,train,jsn_predicted,heuristic,jsn_predicted_success
9532617L,train,jsn_predicted,heuristic,jsn_predicted_success
9533049L,train,jsn_predicted,heuristic,jsn_predicted_success
9533049R,train,jsn_predicted,heuristic,jsn_predicted_success
9533157L,train,jsn_predicted,heuristic,jsn_predicted_success
9533157R,train,jsn_predicted,heuristic,jsn_predicted_success
9533386L,train,jsn_predicted,heuristic,jsn_predicted_success
9533386R,train,jsn_predicted,heuristic,jsn_predicted_success
9533617L,train,jsn_predicted,heuristic,jsn_predicted_success
9533617R,train,jsn_predicted,heuristic,jsn_predicted_success
9533664L,train,jsn_predicted,heuristic,jsn_predicted_success
9533664R,train,jsn_predicted,heuristic,jsn_predicted_success
9534036L,train,jsn_predicted,heuristic,jsn_predicted_success
9534072L,train,jsn_predicted,heuristic,jsn_predicted_success
9534424L,train,jsn_predicted,heuristic,jsn_predicted_success
9534424R,train,jsn_predicted,heuristic,jsn_predicted_success
9534908L,train,jsn_predicted,heuristic,jsn_predicted_success
9535384L,train,jsn_predicted,heuristic,jsn_predicted_success
9535384R,train,jsn_predicted,heuristic,jsn_predicted_success
9535610L,train,jsn_predicted,heuristic,jsn_predicted_success
9535610R,train,jsn_predicted,heuristic,jsn_predicted_success
9536410L,train,jsn_predicted,heuristic,jsn_predicted_success
9536440L,train,jsn_predicted,heuristic,jsn_predicted_success
9537888L,train,jsn_predicted,heuristic,jsn_predicted_success
9537888R,train,jsn_predicted,heuristic,jsn_predicted_success
9537961L,train,jsn_predicted,heuristic,jsn_predicted_success
9537961R,train,jsn_predicted,heuristic,jsn_predicted_success
9538092L,train,jsn_predicted,heuristic,jsn_predicted_success
9538599L,train,jsn_predicted,heuristic,jsn_predicted_success
9539850L,train,jsn_predicted,heuristic,jsn_predicted_success
9539850R,train,jsn_predicted,heuristic,jsn_predicted_success
9540406L,train,jsn_predicted,heuristic,jsn_predicted_success
9540406R,train,jsn_predicted,heuristic,jsn_predicted_success
9541155L,train,jsn_predicted,heuristic,jsn_predicted_success
9541155R,train,jsn_predicted,heuristic,jsn_predicted_success
9541406L,train,jsn_predicted,heuristic,jsn_predicted_success
9541406R,train,jsn_predicted,heuristic,jsn_predicted_success
9542855L,train,jsn_predicted,heuristic,jsn_predicted_success
9542889L,train,jsn_predicted,heuristic,jsn_predicted_success
9542889R,train,jsn_predicted,heuristic,jsn_predicted_success
9543020L,train,jsn_predicted,heuristic,jsn_predicted_success
9543020R,train,jsn_predicted,heuristic,jsn_predicted_success
9543407L,train,jsn_predicted,heuristic,jsn_predicted_success
9543407R,train,jsn_predicted,heuristic,jsn_predicted_success
9544159L,train,jsn_predicted,heuristic,jsn_predicted_success
9544159R,train,jsn_predicted,heuristic,jsn_predicted_success
9545340L,train,jsn_predicted,heuristic,jsn_predicted_success
9545340R,train,jsn_predicted,heuristic,jsn_predicted_success
9546108R,train,jsn_predicted,heuristic,jsn_predicted_success
9546159L,train,jsn_predicted,heuristic,jsn_predicted_success
9546159R,train,jsn_predicted,heuristic,jsn_predicted_success
9547154R,train,jsn_predicted,heuristic,jsn_predicted_success
9547559L,train,jsn_predicted,heuristic,jsn_predicted_success
9547559R,train,jsn_predicted,heuristic,jsn_predicted_success
9547611L,train,jsn_predicted,heuristic,jsn_predicted_success
9548159L,train,jsn_predicted,heuristic,jsn_predicted_success
9548815R,train,jsn_predicted,heuristic,jsn_predicted_success
9549162L,train,jsn_predicted,heuristic,jsn_predicted_success
9549162R,train,jsn_predicted,heuristic,jsn_predicted_success
9549330R,train,jsn_predicted,heuristic,jsn_predicted_success
9549644L,train,jsn_predicted,heuristic,jsn_predicted_success
9549644R,train,jsn_predicted,heuristic,jsn_predicted_success
9549906L,train,jsn_predicted,heuristic,jsn_predicted_success
9549906R,train,jsn_predicted,heuristic,jsn_predicted_success
9551114L,train,jsn_predicted,heuristic,jsn_predicted_success
9551360R,train,jsn_predicted,heuristic,jsn_predicted_success
9551556L,train,jsn_predicted,heuristic,jsn_predicted_success
9551668R,train,jsn_predicted,heuristic,jsn_predicted_success
9553355L,train,jsn_predicted,heuristic,jsn_predicted_success
9553355R,train,jsn_predicted,heuristic,jsn_predicted_success
9553908L,train,jsn_predicted,heuristic,jsn_predicted_success
9553908R,train,jsn_predicted,heuristic,jsn_predicted_success
9554395R,train,jsn_predicted,heuristic,jsn_predicted_success
9555149R,train,jsn_predicted,heuristic,jsn_predicted_success
9555914R,train,jsn_predicted,heuristic,jsn_predicted_success
9556110L,train,jsn_predicted,heuristic,jsn_predicted_success
9556110R,train,jsn_predicted,heuristic,jsn_predicted_success
9556150L,train,jsn_predicted,heuristic,jsn_predicted_success
9556150R,train,jsn_predicted,heuristic,jsn_predicted_success
9556561L,train,jsn_predicted,heuristic,jsn_predicted_success
9556561R,train,jsn_predicted,heuristic,jsn_predicted_success
9558136L,train,jsn_predicted,heuristic,jsn_predicted_success
9558611R,train,jsn_predicted,heuristic,jsn_predicted_success
9558648L,train,jsn_predicted,heuristic,jsn_predicted_success
9558648R,train,jsn_predicted,heuristic,jsn_predicted_success
9561824R,train,jsn_predicted,heuristic,jsn_predicted_success
9562160L,train,jsn_predicted,heuristic,jsn_predicted_success
9562160R,train,jsn_predicted,heuristic,jsn_predicted_success
9563400L,train,jsn_predicted,heuristic,jsn_predicted_success
9563400R,train,jsn_predicted,heuristic,jsn_predicted_success
9563885L,train,jsn_predicted,heuristic,jsn_predicted_success
9563885R,train,jsn_predicted,heuristic,jsn_predicted_success
9564036L,train,jsn_predicted,heuristic,jsn_predicted_success
9564036R,train,jsn_predicted,heuristic,jsn_predicted_success
9564189R,train,jsn_predicted,heuristic,jsn_predicted_success
9564245L,train,jsn_predicted,heuristic,jsn_predicted_success
9564245R,train,jsn_predicted,heuristic,jsn_predicted_success
9564491R,train,jsn_predicted,heuristic,jsn_predicted_success
9564520L,train,jsn_predicted,heuristic,jsn_predicted_success
9565007L,train,jsn_predicted,heuristic,jsn_predicted_success
9566215L,train,jsn_predicted,heuristic,jsn_predicted_success
9566215R,train,jsn_predicted,heuristic,jsn_predicted_success
9566632L,train,jsn_predicted,heuristic,jsn_predicted_success
9566781L,train,jsn_predicted,heuristic,jsn_predicted_success
9567019L,train,jsn_predicted,heuristic,jsn_predicted_success
9568130L,train,jsn_predicted,heuristic,jsn_predicted_success
9568130R,train,jsn_predicted,heuristic,jsn_predicted_success
9568160R,train,jsn_predicted,heuristic,jsn_predicted_success
9568618L,train,jsn_predicted,heuristic,jsn_predicted_success
9568938R,train,jsn_predicted,heuristic,jsn_predicted_success
9569020L,train,jsn_predicted,heuristic,jsn_predicted_success
9569175L,train,jsn_predicted,heuristic,jsn_predicted_success
9569243L,train,jsn_predicted,heuristic,jsn_predicted_success
9569243R,train,jsn_predicted,heuristic,jsn_predicted_success
9569430R,train,jsn_predicted,heuristic,jsn_predicted_success
9569715R,train,jsn_predicted,heuristic,jsn_predicted_success
9570194L,train,jsn_predicted,heuristic,jsn_predicted_success
9570194R,train,jsn_predicted,heuristic,jsn_predicted_success
9570708L,train,jsn_predicted,heuristic,jsn_predicted_success
9570708R,train,jsn_predicted,heuristic,jsn_predicted_success
9570733L,train,jsn_predicted,heuristic,jsn_predicted_success
9570733R,train,jsn_predicted,heuristic,jsn_predicted_success
9571939L,train,jsn_predicted,heuristic,jsn_predicted_success
9571939R,train,jsn_predicted,heuristic,jsn_predicted_success
9573142L,train,jsn_predicted,heuristic,jsn_predicted_success
9573142R,train,jsn_predicted,heuristic,jsn_predicted_success
9573716L,train,jsn_predicted,heuristic,jsn_predicted_success
9573716R,train,jsn_predicted,heuristic,jsn_predicted_success
9573727L,train,jsn_predicted,heuristic,jsn_predicted_success
9573727R,train,jsn_predicted,heuristic,jsn_predicted_success
9575193L,train,jsn_predicted,heuristic,jsn_predicted_success
9575193R,train,jsn_predicted,heuristic,jsn_predicted_success
9575273L,train,jsn_predicted,heuristic,jsn_predicted_success
9575435L,train,jsn_predicted,heuristic,jsn_predicted_success
9575435R,train,jsn_predicted,heuristic,jsn_predicted_success
9576182L,train,jsn_predicted,heuristic,jsn_predicted_success
9576572L,train,jsn_predicted,heuristic,jsn_predicted_success
9576572R,train,jsn_predicted,heuristic,jsn_predicted_success
9577425L,train,jsn_predicted,heuristic,jsn_predicted_success
9577425R,train,jsn_predicted,heuristic,jsn_predicted_success
9578253L,train,jsn_predicted,heuristic,jsn_predicted_success
9578253R,train,jsn_predicted,heuristic,jsn_predicted_success
9578728L,train,jsn_predicted,heuristic,jsn_predicted_success
9578728R,train,jsn_predicted,heuristic,jsn_predicted_success
9578931L,train,jsn_predicted,heuristic,jsn_predicted_success
9578931R,train,jsn_predicted,heuristic,jsn_predicted_success
9579220L,train,jsn_predicted,heuristic,jsn_predicted_success
9579220R,train,jsn_predicted,heuristic,jsn_predicted_success
9580736L,train,jsn_predicted,heuristic,jsn_predicted_success
9580736R,train,jsn_predicted,heuristic,jsn_predicted_success
9581241L,train,jsn_predicted,heuristic,jsn_predicted_success
9582125L,train,jsn_predicted,heuristic,jsn_predicted_success
9582125R,train,jsn_predicted,heuristic,jsn_predicted_success
9582261L,train,jsn_predicted,heuristic,jsn_predicted_success
9582261R,train,jsn_predicted,heuristic,jsn_predicted_success
9582925L,train,jsn_predicted,heuristic,jsn_predicted_success
9582925R,train,jsn_predicted,heuristic,jsn_predicted_success
9583127L,train,jsn_predicted,heuristic,jsn_predicted_success
9583127R,train,jsn_predicted,heuristic,jsn_predicted_success
9584428L,train,jsn_predicted,heuristic,jsn_predicted_success
9584428R,train,jsn_predicted,heuristic,jsn_predicted_success
9584716L,train,jsn_predicted,heuristic,jsn_predicted_success
9584716R,train,jsn_predicted,heuristic,jsn_predicted_success
9585736L,train,jsn_predicted,heuristic,jsn_predicted_success
9585736R,train,jsn_predicted,heuristic,jsn_predicted_success
9588488L,train,jsn_predicted,heuristic,jsn_predicted_success
9588488R,train,jsn_predicted,heuristic,jsn_predicted_success
9589653L,train,jsn_predicted,heuristic,jsn_predicted_success
9590002L,train,jsn_predicted,heuristic,jsn_predicted_success
9590002R,train,jsn_predicted,heuristic,jsn_predicted_success
9590486R,train,jsn_predicted,heuristic,jsn_predicted_success
9590699L,train,jsn_predicted,heuristic,jsn_predicted_success
9590699R,train,jsn_predicted,heuristic,jsn_predicted_success
9592478L,train,jsn_predicted,heuristic,jsn_predicted_success
9592478R,train,jsn_predicted,heuristic,jsn_predicted_success
9594253L,train,jsn_predicted,heuristic,jsn_predicted_success
9594253R,train,jsn_predicted,heuristic,jsn_predicted_success
9594608R,train,jsn_predicted,heuristic,jsn_predicted_success
9596422R,train,jsn_predicted,heuristic,jsn_predicted_success
9597250L,train,jsn_predicted,heuristic,jsn_predicted_success
9597417L,train,jsn_predicted,heuristic,jsn_predicted_success
9597417R,train,jsn_predicted,heuristic,jsn_predicted_success
9597645R,train,jsn_predicted,heuristic,jsn_predicted_success
9597688L,train,jsn_predicted,heuristic,jsn_predicted_success
9597990L,train,jsn_predicted,heuristic,jsn_predicted_success
9598245R,train,jsn_predicted,heuristic,jsn_predicted_success
9598640L,train,jsn_predicted,heuristic,jsn_predicted_success
9598640R,train,jsn_predicted,heuristic,jsn_predicted_success
9599680L,train,jsn_predicted,heuristic,jsn_predicted_success
9599680R,train,jsn_predicted,heuristic,jsn_predicted_success
9600713L,train,jsn_predicted,heuristic,jsn_predicted_success
9601155L,train,jsn_predicted,heuristic,jsn_predicted_success
9601155R,train,jsn_predicted,heuristic,jsn_predicted_success
9601162R,train,jsn_predicted,heuristic,jsn_predicted_success
9601644L,train,jsn_predicted,heuristic,jsn_predicted_success
9601644R,train,jsn_predicted,heuristic,jsn_predicted_success
9602642L,train,jsn_predicted,heuristic,jsn_predicted_success
9602642R,train,jsn_predicted,heuristic,jsn_predicted_success
9606177R,train,jsn_predicted,heuristic,jsn_predicted_success
9606218L,train,jsn_predicted,heuristic,jsn_predicted_success
9606218R,train,jsn_predicted,heuristic,jsn_predicted_success
9606490R,train,jsn_predicted,heuristic,jsn_predicted_success
9606711L,train,jsn_predicted,heuristic,jsn_predicted_success
9607954L,train,jsn_predicted,heuristic,jsn_predicted_success
9607954R,train,jsn_predicted,heuristic,jsn_predicted_success
9608137L,train,jsn_predicted,heuristic,jsn_predicted_success
9608137R,train,jsn_predicted,heuristic,jsn_predicted_success
9608695R,train,jsn_predicted,heuristic,jsn_predicted_success
9608703L,train,jsn_predicted,heuristic,jsn_predicted_success
9608703R,train,jsn_predicted,heuristic,jsn_predicted_success
9609253L,train,jsn_predicted,heuristic,jsn_predicted_success
9609253R,train,jsn_predicted,heuristic,jsn_predicted_success
9609444L,train,jsn_predicted,heuristic,jsn_predicted_success
9609444R,train,jsn_predicted,heuristic,jsn_predicted_success
9609632L,train,jsn_predicted,heuristic,jsn_predicted_success
9609632R,train,jsn_predicted,heuristic,jsn_predicted_success
9609732L,train,jsn_predicted,heuristic,jsn_predicted_success
9611953R,train,jsn_predicted,heuristic,jsn_predicted_success
9613237L,train,jsn_predicted,heuristic,jsn_predicted_success
9613942L,train,jsn_predicted,heuristic,jsn_predicted_success
9613942R,train,jsn_predicted,heuristic,jsn_predicted_success
9614227L,train,jsn_predicted,heuristic,jsn_predicted_success
9614227R,train,jsn_predicted,heuristic,jsn_predicted_success
9614429R,train,jsn_predicted,heuristic,jsn_predicted_success
9614515L,train,jsn_predicted,heuristic,jsn_predicted_success
9614618L,train,jsn_predicted,heuristic,jsn_predicted_success
9614618R,train,jsn_predicted,heuristic,jsn_predicted_success
9615227L,train,jsn_predicted,heuristic,jsn_predicted_success
9615227R,train,jsn_predicted,heuristic,jsn_predicted_success
9617608R,train,jsn_predicted,heuristic,jsn_predicted_success
9618226L,train,jsn_predicted,heuristic,jsn_predicted_success
9618226R,train,jsn_predicted,heuristic,jsn_predicted_success
9618669L,train,jsn_predicted,heuristic,jsn_predicted_success
9618669R,train,jsn_predicted,heuristic,jsn_predicted_success
9618924L,train,jsn_predicted,heuristic,jsn_predicted_success
9618924R,train,jsn_predicted,heuristic,jsn_predicted_success
9619157L,train,jsn_predicted,heuristic,jsn_predicted_success
9619157R,train,jsn_predicted,heuristic,jsn_predicted_success
9619216L,train,jsn_predicted,heuristic,jsn_predicted_success
9619227L,train,jsn_predicted,heuristic,jsn_predicted_success
9619227R,train,jsn_predicted,heuristic,jsn_predicted_success
9619405L,train,jsn_predicted,heuristic,jsn_predicted_success
9619405R,train,jsn_predicted,heuristic,jsn_predicted_success
9620398L,train,jsn_predicted,heuristic,jsn_predicted_success
9621198L,train,jsn_predicted,heuristic,jsn_predicted_success
9621393L,train,jsn_predicted,heuristic,jsn_predicted_success
9621393R,train,jsn_predicted,heuristic,jsn_predicted_success
9621716L,train,jsn_predicted,heuristic,jsn_predicted_success
9621886L,train,jsn_predicted,heuristic,jsn_predicted_success
9622185L,train,jsn_predicted,heuristic,jsn_predicted_success
9622185R,train,jsn_predicted,heuristic,jsn_predicted_success
9622390R,train,jsn_predicted,heuristic,jsn_predicted_success
9623679L,train,jsn_predicted,heuristic,jsn_predicted_success
9624154R,train,jsn_predicted,heuristic,jsn_predicted_success
9624954L,train,jsn_predicted,heuristic,jsn_predicted_success
9624954R,train,jsn_predicted,heuristic,jsn_predicted_success
9626171L,train,jsn_predicted,heuristic,jsn_predicted_success
9626171R,train,jsn_predicted,heuristic,jsn_predicted_success
9626869R,train,jsn_predicted,heuristic,jsn_predicted_success
9627197L,train,jsn_predicted,heuristic,jsn_predicted_success
9627716L,train,jsn_predicted,heuristic,jsn_predicted_success
9627893L,train,jsn_predicted,heuristic,jsn_predicted_success
9627893R,train,jsn_predicted,heuristic,jsn_predicted_success
9628081L,train,jsn_predicted,heuristic,jsn_predicted_success
9628716L,train,jsn_predicted,heuristic,jsn_predicted_success
9628716R,train,jsn_predicted,heuristic,jsn_predicted_success
9629197L,train,jsn_predicted,heuristic,jsn_predicted_success
9629197R,train,jsn_predicted,heuristic,jsn_predicted_success
9629713L,train,jsn_predicted,heuristic,jsn_predicted_success
9629713R,train,jsn_predicted,heuristic,jsn_predicted_success
9630153R,train,jsn_predicted,heuristic,jsn_predicted_success
9630432L,train,jsn_predicted,heuristic,jsn_predicted_success
9630432R,train,jsn_predicted,heuristic,jsn_predicted_success
9634669L,train,jsn_predicted,heuristic,jsn_predicted_success
9634669R,train,jsn_predicted,heuristic,jsn_predicted_success
9635644L,train,jsn_predicted,heuristic,jsn_predicted_success
9636064L,train,jsn_predicted,heuristic,jsn_predicted_success
9636690L,train,jsn_predicted,heuristic,jsn_predicted_success
9636690R,train,jsn_predicted,heuristic,jsn_predicted_success
9637053R,train,jsn_predicted,heuristic,jsn_predicted_success
9637159L,train,jsn_predicted,heuristic,jsn_predicted_success
9637159R,train,jsn_predicted,heuristic,jsn_predicted_success
9637170L,train,jsn_predicted,heuristic,jsn_predicted_success
9637170R,train,jsn_predicted,heuristic,jsn_predicted_success
9637393R,train,jsn_predicted,heuristic,jsn_predicted_success
9637641L,train,jsn_predicted,heuristic,jsn_predicted_success
9637641R,train,jsn_predicted,heuristic,jsn_predicted_success
9638666L,train,jsn_predicted,heuristic,jsn_predicted_success
9638666R,train,jsn_predicted,heuristic,jsn_predicted_success
9639148L,train,jsn_predicted,heuristic,jsn_predicted_success
9639148R,train,jsn_predicted,heuristic,jsn_predicted_success
9639388R,train,jsn_predicted,heuristic,jsn_predicted_success
9641083R,train,jsn_predicted,heuristic,jsn_predicted_success
9641381L,train,jsn_predicted,heuristic,jsn_predicted_success
9641381R,train,jsn_predicted,heuristic,jsn_predicted_success
9641700L,train,jsn_predicted,heuristic,jsn_predicted_success
9641700R,train,jsn_predicted,heuristic,jsn_predicted_success
9641901L,train,jsn_predicted,heuristic,jsn_predicted_success
9641901R,train,jsn_predicted,heuristic,jsn_predicted_success
9642695R,train,jsn_predicted,heuristic,jsn_predicted_success
9642894L,train,jsn_predicted,heuristic,jsn_predicted_success
9643032L,train,jsn_predicted,heuristic,jsn_predicted_success
9643032R,train,jsn_predicted,heuristic,jsn_predicted_success
9643222L,train,jsn_predicted,heuristic,jsn_predicted_success
9643222R,train,jsn_predicted,heuristic,jsn_predicted_success
9644950L,train,jsn_predicted,heuristic,jsn_predicted_success
9644950R,train,jsn_predicted,heuristic,jsn_predicted_success
9645082R,train,jsn_predicted,heuristic,jsn_predicted_success
9645116R,train,jsn_predicted,heuristic,jsn_predicted_success
9645577L,train,jsn_predicted,heuristic,jsn_predicted_success
9646196R,train,jsn_predicted,heuristic,jsn_predicted_success
9646610R,train,jsn_predicted,heuristic,jsn_predicted_success
9646705L,train,jsn_predicted,heuristic,jsn_predicted_success
9646705R,train,jsn_predicted,heuristic,jsn_predicted_success
9649392L,train,jsn_predicted,heuristic,jsn_predicted_success
9649392R,train,jsn_predicted,heuristic,jsn_predicted_success
9649418L,train,jsn_predicted,heuristic,jsn_predicted_success
9649418R,train,jsn_predicted,heuristic,jsn_predicted_success
9649566L,train,jsn_predicted,heuristic,jsn_predicted_success
9649566R,train,jsn_predicted,heuristic,jsn_predicted_success
9650570L,train,jsn_predicted,heuristic,jsn_predicted_success
9650570R,train,jsn_predicted,heuristic,jsn_predicted_success
9651397L,train,jsn_predicted,heuristic,jsn_predicted_success
9651690R,train,jsn_predicted,heuristic,jsn_predicted_success
9651895L,train,jsn_predicted,heuristic,jsn_predicted_success
9652396L,train,jsn_predicted,heuristic,jsn_predicted_success
9652396R,train,jsn_predicted,heuristic,jsn_predicted_success
9652894R,train,jsn_predicted,heuristic,jsn_predicted_success
9653152R,train,jsn_predicted,heuristic,jsn_predicted_success
9653214L,train,jsn_predicted,heuristic,jsn_predicted_success
9653214R,train,jsn_predicted,heuristic,jsn_predicted_success
9653659R,train,jsn_predicted,heuristic,jsn_predicted_success
9654072L,train,jsn_predicted,heuristic,jsn_predicted_success
9654072R,train,jsn_predicted,heuristic,jsn_predicted_success
9654218L,train,jsn_predicted,heuristic,jsn_predicted_success
9654218R,train,jsn_predicted,heuristic,jsn_predicted_success
9655142L,train,jsn_predicted,heuristic,jsn_predicted_success
9655592L,train,jsn_predicted,heuristic,jsn_predicted_success
9655592R,train,jsn_predicted,heuristic,jsn_predicted_success
9655910L,train,jsn_predicted,heuristic,jsn_predicted_success
9655910R,train,jsn_predicted,heuristic,jsn_predicted_success
9656390L,train,jsn_predicted,heuristic,jsn_predicted_success
9656559L,train,jsn_predicted,heuristic,jsn_predicted_success
9656912L,train,jsn_predicted,heuristic,jsn_predicted_success
9656912R,train,jsn_predicted,heuristic,jsn_predicted_success
9657071L,train,jsn_predicted,heuristic,jsn_predicted_success
9657071R,train,jsn_predicted,heuristic,jsn_predicted_success
9657654L,train,jsn_predicted,heuristic,jsn_predicted_success
9658152L,train,jsn_predicted,heuristic,jsn_predicted_success
9658923R,train,jsn_predicted,heuristic,jsn_predicted_success
9659659R,train,jsn_predicted,heuristic,jsn_predicted_success
9659701L,train,jsn_predicted,heuristic,jsn_predicted_success
9659701R,train,jsn_predicted,heuristic,jsn_predicted_success
9660607L,train,jsn_predicted,heuristic,jsn_predicted_success
9661214L,train,jsn_predicted,heuristic,jsn_predicted_success
9661214R,train,jsn_predicted,heuristic,jsn_predicted_success
9662427R,train,jsn_predicted,heuristic,jsn_predicted_success
9662703L,train,jsn_predicted,heuristic,jsn_predicted_success
9662703R,train,jsn_predicted,heuristic,jsn_predicted_success
9663968L,train,jsn_predicted,heuristic,jsn_predicted_success
9663968R,train,jsn_predicted,heuristic,jsn_predicted_success
9664670L,train,jsn_predicted,heuristic,jsn_predicted_success
9664670R,train,jsn_predicted,heuristic,jsn_predicted_success
9664863L,train,jsn_predicted,heuristic,jsn_predicted_success
9664863R,train,jsn_predicted,heuristic,jsn_predicted_success
9664932L,train,jsn_predicted,heuristic,jsn_predicted_success
9664932R,train,jsn_predicted,heuristic,jsn_predicted_success
9665234L,train,jsn_predicted,heuristic,jsn_predicted_success
9665672R,train,jsn_predicted,heuristic,jsn_predicted_success
9665973R,train,jsn_predicted,heuristic,jsn_predicted_success
9666440L,train,jsn_predicted,heuristic,jsn_predicted_success
9666440R,train,jsn_predicted,heuristic,jsn_predicted_success
9666715L,train,jsn_predicted,heuristic,jsn_predicted_success
9666971R,train,jsn_predicted,heuristic,jsn_predicted_success
9667694R,train,jsn_predicted,heuristic,jsn_predicted_success
9668126R,train,jsn_predicted,heuristic,jsn_predicted_success
9668142L,train,jsn_predicted,heuristic,jsn_predicted_success
9668142R,train,jsn_predicted,heuristic,jsn_predicted_success
9668197L,train,jsn_predicted,heuristic,jsn_predicted_success
9668197R,train,jsn_predicted,heuristic,jsn_predicted_success
9668982L,train,jsn_predicted,heuristic,jsn_predicted_success
9668982R,train,jsn_predicted,heuristic,jsn_predicted_success
9669990L,train,jsn_predicted,heuristic,jsn_predicted_success
9670760L,train,jsn_predicted,heuristic,jsn_predicted_success
9670897L,train,jsn_predicted,heuristic,jsn_predicted_success
9670897R,train,jsn_predicted,heuristic,jsn_predicted_success
9671436L,train,jsn_predicted,heuristic,jsn_predicted_success
9671436R,train,jsn_predicted,heuristic,jsn_predicted_success
9674667L,train,jsn_predicted,heuristic,jsn_predicted_success
9674667R,train,jsn_predicted,heuristic,jsn_predicted_success
9676041L,train,jsn_predicted,heuristic,jsn_predicted_success
9676775L,train,jsn_predicted,heuristic,jsn_predicted_success
9676775R,train,jsn_predicted,heuristic,jsn_predicted_success
9676793L,train,jsn_predicted,heuristic,jsn_predicted_success
9676793R,train,jsn_predicted,heuristic,jsn_predicted_success
9676996L,train,jsn_predicted,heuristic,jsn_predicted_success
9677236L,train,jsn_predicted,heuristic,jsn_predicted_success
9677236R,train,jsn_predicted,heuristic,jsn_predicted_success
9677286L,train,jsn_predicted,heuristic,jsn_predicted_success
9677286R,train,jsn_predicted,heuristic,jsn_predicted_success
9677587L,train,jsn_predicted,heuristic,jsn_predicted_success
9677587R,train,jsn_predicted,heuristic,jsn_predicted_success
9678997L,train,jsn_predicted,heuristic,jsn_predicted_success
9678997R,train,jsn_predicted,heuristic,jsn_predicted_success
9679111L,train,jsn_predicted,heuristic,jsn_predicted_success
9679111R,train,jsn_predicted,heuristic,jsn_predicted_success
9679181R,train,jsn_predicted,heuristic,jsn_predicted_success
9679243L,train,jsn_predicted,heuristic,jsn_predicted_success
9679705L,train,jsn_predicted,heuristic,jsn_predicted_success
9680194L,train,jsn_predicted,heuristic,jsn_predicted_success
9682706L,train,jsn_predicted,heuristic,jsn_predicted_success
9682706R,train,jsn_predicted,heuristic,jsn_predicted_success
9683366L,train,jsn_predicted,heuristic,jsn_predicted_success
9683366R,train,jsn_predicted,heuristic,jsn_predicted_success
9684366L,train,jsn_predicted,heuristic,jsn_predicted_success
9684366R,train,jsn_predicted,heuristic,jsn_predicted_success
9684605L,train,jsn_predicted,heuristic,jsn_predicted_success
9684605R,train,jsn_predicted,heuristic,jsn_predicted_success
9685238L,train,jsn_predicted,heuristic,jsn_predicted_success
9685238R,train,jsn_predicted,heuristic,jsn_predicted_success
9686617L,train,jsn_predicted,heuristic,jsn_predicted_success
9686617R,train,jsn_predicted,heuristic,jsn_predicted_success
9686777R,train,jsn_predicted,heuristic,jsn_predicted_success
9686834L,train,jsn_predicted,heuristic,jsn_predicted_success
9686834R,train,jsn_predicted,heuristic,jsn_predicted_success
9686908L,train,jsn_predicted,heuristic,jsn_predicted_success
9686908R,train,jsn_predicted,heuristic,jsn_predicted_success
9687273L,train,jsn_predicted,heuristic,jsn_predicted_success
9689906R,train,jsn_predicted,heuristic,jsn_predicted_success
9690910L,train,jsn_predicted,heuristic,jsn_predicted_success
9690910R,train,jsn_predicted,heuristic,jsn_predicted_success
9691359L,train,jsn_predicted,heuristic,jsn_predicted_success
9691359R,train,jsn_predicted,heuristic,jsn_predicted_success
9692163L,train,jsn_predicted,heuristic,jsn_predicted_success
9692604L,train,jsn_predicted,heuristic,jsn_predicted_success
9692604R,train,jsn_predicted,heuristic,jsn_predicted_success
9692923R,train,jsn_predicted,heuristic,jsn_predicted_success
9693364R,train,jsn_predicted,heuristic,jsn_predicted_success
9693599L,train,jsn_predicted,heuristic,jsn_predicted_success
9693599R,train,jsn_predicted,heuristic,jsn_predicted_success
9694101L,train,jsn_predicted,heuristic,jsn_predicted_success
9694101R,train,jsn_predicted,heuristic,jsn_predicted_success
9695317L,train,jsn_predicted,heuristic,jsn_predicted_success
9695317R,train,jsn_predicted,heuristic,jsn_predicted_success
9695621L,train,jsn_predicted,heuristic,jsn_predicted_success
9695881L,train,jsn_predicted,heuristic,jsn_predicted_success
9695881R,train,jsn_predicted,heuristic,jsn_predicted_success
9695948L,train,jsn_predicted,heuristic,jsn_predicted_success
9695948R,train,jsn_predicted,heuristic,jsn_predicted_success
9696350R,train,jsn_predicted,heuristic,jsn_predicted_success
9696897L,train,jsn_predicted,heuristic,jsn_predicted_success
9696897R,train,jsn_predicted,heuristic,jsn_predicted_success
9697904L,train,jsn_predicted,heuristic,jsn_predicted_success
9697904R,train,jsn_predicted,heuristic,jsn_predicted_success
9699340L,train,jsn_predicted,heuristic,jsn_predicted_success
9699340R,train,jsn_predicted,heuristic,jsn_predicted_success
9699399L,train,jsn_predicted,heuristic,jsn_predicted_success
9699399R,train,jsn_predicted,heuristic,jsn_predicted_success
9700163R,train,jsn_predicted,heuristic,jsn_predicted_success
9700908L,train,jsn_predicted,heuristic,jsn_predicted_success
9700908R,train,jsn_predicted,heuristic,jsn_predicted_success
9701362R,train,jsn_predicted,heuristic,jsn_predicted_success
9701645L,train,jsn_predicted,heuristic,jsn_predicted_success
9701645R,train,jsn_predicted,heuristic,jsn_predicted_success
9702644L,train,jsn_predicted,heuristic,jsn_predicted_success
9703327L,train,jsn_predicted,heuristic,jsn_predicted_success
9703469L,train,jsn_predicted,heuristic,jsn_predicted_success
9703469R,train,jsn_predicted,heuristic,jsn_predicted_success
9703829L,train,jsn_predicted,heuristic,jsn_predicted_success
9703829R,train,jsn_predicted,heuristic,jsn_predicted_success
9703978L,train,jsn_predicted,heuristic,jsn_predicted_success
9703978R,train,jsn_predicted,heuristic,jsn_predicted_success
9704911L,train,jsn_predicted,heuristic,jsn_predicted_success
9704911R,train,jsn_predicted,heuristic,jsn_predicted_success
9706842L,train,jsn_predicted,heuristic,jsn_predicted_success
9706842R,train,jsn_predicted,heuristic,jsn_predicted_success
9706954L,train,jsn_predicted,heuristic,jsn_predicted_success
9706954R,train,jsn_predicted,heuristic,jsn_predicted_success
9707911L,train,jsn_predicted,heuristic,jsn_predicted_success
9707911R,train,jsn_predicted,heuristic,jsn_predicted_success
9708416L,train,jsn_predicted,heuristic,jsn_predicted_success
9708416R,train,jsn_predicted,heuristic,jsn_predicted_success
9709164L,train,jsn_predicted,heuristic,jsn_predicted_success
9709164R,train,jsn_predicted,heuristic,jsn_predicted_success
9710415L,train,jsn_predicted,heuristic,jsn_predicted_success
9710415R,train,jsn_predicted,heuristic,jsn_predicted_success
9710976R,train,jsn_predicted,heuristic,jsn_predicted_success
9713153R,train,jsn_predicted,heuristic,jsn_predicted_success
9714513L,train,jsn_predicted,heuristic,jsn_predicted_success
9714958L,train,jsn_predicted,heuristic,jsn_predicted_success
9715480L,train,jsn_predicted,heuristic,jsn_predicted_success
9715626R,train,jsn_predicted,heuristic,jsn_predicted_success
9715892L,train,jsn_predicted,heuristic,jsn_predicted_success
9716943L,train,jsn_predicted,heuristic,jsn_predicted_success
9717685L,train,jsn_predicted,heuristic,jsn_predicted_success
9717685R,train,jsn_predicted,heuristic,jsn_predicted_success
9717977L,train,jsn_predicted,heuristic,jsn_predicted_success
9717977R,train,jsn_predicted,heuristic,jsn_predicted_success
9718167L,train,jsn_predicted,heuristic,jsn_predicted_success
9721284R,train,jsn_predicted,heuristic,jsn_predicted_success
9723032L,train,jsn_predicted,heuristic,jsn_predicted_success
9723032R,train,jsn_predicted,heuristic,jsn_predicted_success
9724475L,train,jsn_predicted,heuristic,jsn_predicted_success
9724475R,train,jsn_predicted,heuristic,jsn_predicted_success
9724907L,train,jsn_predicted,heuristic,jsn_predicted_success
9725279L,train,jsn_predicted,heuristic,jsn_predicted_success
9725914L,train,jsn_predicted,heuristic,jsn_predicted_success
9725914R,train,jsn_predicted,heuristic,jsn_predicted_success
9727418R,train,jsn_predicted,heuristic,jsn_predicted_success
9728026R,train,jsn_predicted,heuristic,jsn_predicted_success
9728546R,train,jsn_predicted,heuristic,jsn_predicted_success
9728920R,train,jsn_predicted,heuristic,jsn_predicted_success
9729215L,train,jsn_predicted,heuristic,jsn_predicted_success
9729215R,train,jsn_predicted,heuristic,jsn_predicted_success
9729553L,train,jsn_predicted,heuristic,jsn_predicted_success
9729553R,train,jsn_predicted,heuristic,jsn_predicted_success
9730028L,train,jsn_predicted,heuristic,jsn_predicted_success
9730028R,train,jsn_predicted,heuristic,jsn_predicted_success
9730488L,train,jsn_predicted,heuristic,jsn_predicted_success
9732234L,train,jsn_predicted,heuristic,jsn_predicted_success
9732234R,train,jsn_predicted,heuristic,jsn_predicted_success
9732727L,train,jsn_predicted,heuristic,jsn_predicted_success
9734179L,train,jsn_predicted,heuristic,jsn_predicted_success
9735805R,train,jsn_predicted,heuristic,jsn_predicted_success
9737043L,train,jsn_predicted,heuristic,jsn_predicted_success
9737043R,train,jsn_predicted,heuristic,jsn_predicted_success
9737302L,train,jsn_predicted,heuristic,jsn_predicted_success
9738052L,train,jsn_predicted,heuristic,jsn_predicted_success
9738052R,train,jsn_predicted,heuristic,jsn_predicted_success
9739273L,train,jsn_predicted,heuristic,jsn_predicted_success
9740738L,train,jsn_predicted,heuristic,jsn_predicted_success
9740738R,train,jsn_predicted,heuristic,jsn_predicted_success
9741448L,train,jsn_predicted,heuristic,jsn_predicted_success
9742563R,train,jsn_predicted,heuristic,jsn_predicted_success
9742871L,train,jsn_predicted,heuristic,jsn_predicted_success
9743577L,train,jsn_predicted,heuristic,jsn_predicted_success
9744568L,train,jsn_predicted,heuristic,jsn_predicted_success
9744568R,train,jsn_predicted,heuristic,jsn_predicted_success
9745242L,train,jsn_predicted,heuristic,jsn_predicted_success
9745242R,train,jsn_predicted,heuristic,jsn_predicted_success
9745368L,train,jsn_predicted,heuristic,jsn_predicted_success
9746416L,train,jsn_predicted,heuristic,jsn_predicted_success
9746585L,train,jsn_predicted,heuristic,jsn_predicted_success
9746894L,train,jsn_predicted,heuristic,jsn_predicted_success
9747255L,train,jsn_predicted,heuristic,jsn_predicted_success
9747255R,train,jsn_predicted,heuristic,jsn_predicted_success
9747379L,train,jsn_predicted,heuristic,jsn_predicted_success
9747379R,train,jsn_predicted,heuristic,jsn_predicted_success
9747589L,train,jsn_predicted,heuristic,jsn_predicted_success
9747589R,train,jsn_predicted,heuristic,jsn_predicted_success
9748081L,train,jsn_predicted,heuristic,jsn_predicted_success
9748081R,train,jsn_predicted,heuristic,jsn_predicted_success
9748094L,train,jsn_predicted,heuristic,jsn_predicted_success
9748587R,train,jsn_predicted,heuristic,jsn_predicted_success
9751625L,train,jsn_predicted,heuristic,jsn_predicted_success
9752000L,train,jsn_predicted,heuristic,jsn_predicted_success
9752000R,train,jsn_predicted,heuristic,jsn_predicted_success
9753414R,train,jsn_predicted,heuristic,jsn_predicted_success
9753871L,train,jsn_predicted,heuristic,jsn_predicted_success
9753871R,train,jsn_predicted,heuristic,jsn_predicted_success
9754338L,train,jsn_predicted,heuristic,jsn_predicted_success
9754338R,train,jsn_predicted,heuristic,jsn_predicted_success
9754894L,train,jsn_predicted,heuristic,jsn_predicted_success
9754894R,train,jsn_predicted,heuristic,jsn_predicted_success
9754907L,train,jsn_predicted,heuristic,jsn_predicted_success
9754907R,train,jsn_predicted,heuristic,jsn_predicted_success
9755372L,train,jsn_predicted,heuristic,jsn_predicted_success
9755372R,train,jsn_predicted,heuristic,jsn_predicted_success
9756932L,train,jsn_predicted,heuristic,jsn_predicted_success
9757487L,train,jsn_predicted,heuristic,jsn_predicted_success
9757487R,train,jsn_predicted,heuristic,jsn_predicted_success
9759382L,train,jsn_predicted,heuristic,jsn_predicted_success
9759382R,train,jsn_predicted,heuristic,jsn_predicted_success
9759454L,train,jsn_predicted,heuristic,jsn_predicted_success
9759454R,train,jsn_predicted,heuristic,jsn_predicted_success
9759956L,train,jsn_predicted,heuristic,jsn_predicted_success
9761200L,train,jsn_predicted,heuristic,jsn_predicted_success
9761200R,train,jsn_predicted,heuristic,jsn_predicted_success
9762412L,train,jsn_predicted,heuristic,jsn_predicted_success
9762412R,train,jsn_predicted,heuristic,jsn_predicted_success
9762677R,train,jsn_predicted,heuristic,jsn_predicted_success
9762713L,train,jsn_predicted,heuristic,jsn_predicted_success
9762713R,train,jsn_predicted,heuristic,jsn_predicted_success
9763898L,train,jsn_predicted,heuristic,jsn_predicted_success
9763898R,train,jsn_predicted,heuristic,jsn_predicted_success
9764454R,train,jsn_predicted,heuristic,jsn_predicted_success
9764947R,train,jsn_predicted,heuristic,jsn_predicted_success
9765419L,train,jsn_predicted,heuristic,jsn_predicted_success
9765419R,train,jsn_predicted,heuristic,jsn_predicted_success
9765432L,train,jsn_predicted,heuristic,jsn_predicted_success
9766449L,train,jsn_predicted,heuristic,jsn_predicted_success
9766449R,train,jsn_predicted,heuristic,jsn_predicted_success
9767651L,train,jsn_predicted,heuristic,jsn_predicted_success
9767651R,train,jsn_predicted,heuristic,jsn_predicted_success
9767980R,train,jsn_predicted,heuristic,jsn_predicted_success
9768869R,train,jsn_predicted,heuristic,jsn_predicted_success
9770003L,train,jsn_predicted,heuristic,jsn_predicted_success
9770003R,train,jsn_predicted,heuristic,jsn_predicted_success
9770617L,train,jsn_predicted,heuristic,jsn_predicted_success
9770617R,train,jsn_predicted,heuristic,jsn_predicted_success
9771115L,train,jsn_predicted,heuristic,jsn_predicted_success
9771115R,train,jsn_predicted,heuristic,jsn_predicted_success
9771214R,train,jsn_predicted,heuristic,jsn_predicted_success
9771624L,train,jsn_predicted,heuristic,jsn_predicted_success
9771624R,train,jsn_predicted,heuristic,jsn_predicted_success
9773633L,train,jsn_predicted,heuristic,jsn_predicted_success
9773633R,train,jsn_predicted,heuristic,jsn_predicted_success
9775475L,train,jsn_predicted,heuristic,jsn_predicted_success
9775475R,train,jsn_predicted,heuristic,jsn_predicted_success
9776525R,train,jsn_predicted,heuristic,jsn_predicted_success
9776644L,train,jsn_predicted,heuristic,jsn_predicted_success
9777014L,train,jsn_predicted,heuristic,jsn_predicted_success
9780165L,train,jsn_predicted,heuristic,jsn_predicted_success
9780165R,train,jsn_predicted,heuristic,jsn_predicted_success
9781279L,train,jsn_predicted,heuristic,jsn_predicted_success
9781555L,train,jsn_predicted,heuristic,jsn_predicted_success
9781555R,train,jsn_predicted,heuristic,jsn_predicted_success
9782690L,train,jsn_predicted,heuristic,jsn_predicted_success
9782690R,train,jsn_predicted,heuristic,jsn_predicted_success
9785604R,train,jsn_predicted,heuristic,jsn_predicted_success
9785684R,train,jsn_predicted,heuristic,jsn_predicted_success
9785978R,train,jsn_predicted,heuristic,jsn_predicted_success
9786191R,train,jsn_predicted,heuristic,jsn_predicted_success
9787204R,train,jsn_predicted,heuristic,jsn_predicted_success
9787305L,train,jsn_predicted,heuristic,jsn_predicted_success
9787305R,train,jsn_predicted,heuristic,jsn_predicted_success
9787576L,train,jsn_predicted,heuristic,jsn_predicted_success
9787693L,train,jsn_predicted,heuristic,jsn_predicted_success
9788503L,train,jsn_predicted,heuristic,jsn_predicted_success
9788503R,train,jsn_predicted,heuristic,jsn_predicted_success
9788608L,train,jsn_predicted,heuristic,jsn_predicted_success
9788979L,train,jsn_predicted,heuristic,jsn_predicted_success
9788979R,train,jsn_predicted,heuristic,jsn_predicted_success
9789297L,train,jsn_predicted,heuristic,jsn_predicted_success
9789297R,train,jsn_predicted,heuristic,jsn_predicted_success
9789504L,train,jsn_predicted,heuristic,jsn_predicted_success
9789504R,train,jsn_predicted,heuristic,jsn_predicted_success
9789712L,train,jsn_predicted,heuristic,jsn_predicted_success
9789767L,train,jsn_predicted,heuristic,jsn_predicted_success
9789767R,train,jsn_predicted,heuristic,jsn_predicted_success
9790287L,train,jsn_predicted,heuristic,jsn_predicted_success
9790287R,train,jsn_predicted,heuristic,jsn_predicted_success
9791525L,train,jsn_predicted,heuristic,jsn_predicted_success
9791525R,train,jsn_predicted,heuristic,jsn_predicted_success
9794140L,train,jsn_predicted,heuristic,jsn_predicted_success
9794140R,train,jsn_predicted,heuristic,jsn_predicted_success
9794269L,train,jsn_predicted,heuristic,jsn_predicted_success
9794269R,train,jsn_predicted,heuristic,jsn_predicted_success
9794849L,train,jsn_predicted,heuristic,jsn_predicted_success
9794849R,train,jsn_predicted,heuristic,jsn_predicted_success
9795183L,train,jsn_predicted,heuristic,jsn_predicted_success
9795183R,train,jsn_predicted,heuristic,jsn_predicted_success
9795559L,train,jsn_predicted,heuristic,jsn_predicted_success
9797352R,train,jsn_predicted,heuristic,jsn_predicted_success
9798131L,train,jsn_predicted,heuristic,jsn_predicted_success
9798131R,train,jsn_predicted,heuristic,jsn_predicted_success
9798351R,train,jsn_predicted,heuristic,jsn_predicted_success
9798668L,train,jsn_predicted,heuristic,jsn_predicted_success
9798668R,train,jsn_predicted,heuristic,jsn_predicted_success
9800154L,train,jsn_predicted,heuristic,jsn_predicted_success
9800154R,train,jsn_predicted,heuristic,jsn_predicted_success
9800893L,train,jsn_predicted,heuristic,jsn_predicted_success
9800893R,train,jsn_predicted,heuristic,jsn_predicted_success
9801130L,train,jsn_predicted,heuristic,jsn_predicted_success
9801130R,train,jsn_predicted,heuristic,jsn_predicted_success
9802372L,train,jsn_predicted,heuristic,jsn_predicted_success
9802372R,train,jsn_predicted,heuristic,jsn_predicted_success
9802822L,train,jsn_predicted,heuristic,jsn_predicted_success
9802822R,train,jsn_predicted,heuristic,jsn_predicted_success
9803621L,train,jsn_predicted,heuristic,jsn_predicted_success
9803621R,train,jsn_predicted,heuristic,jsn_predicted_success
9805234L,train,jsn_predicted,heuristic,jsn_predicted_success
9805234R,train,jsn_predicted,heuristic,jsn_predicted_success
9805321L,train,jsn_predicted,heuristic,jsn_predicted_success
9805321R,train,jsn_predicted,heuristic,jsn_predicted_success
9805639L,train,jsn_predicted,heuristic,jsn_predicted_success
9805639R,train,jsn_predicted,heuristic,jsn_predicted_success
9806950L,train,jsn_predicted,heuristic,jsn_predicted_success
9806950R,train,jsn_predicted,heuristic,jsn_predicted_success
9808689L,train,jsn_predicted,heuristic,jsn_predicted_success
9808689R,train,jsn_predicted,heuristic,jsn_predicted_success
9809342L,train,jsn_predicted,heuristic,jsn_predicted_success
9809342R,train,jsn_predicted,heuristic,jsn_predicted_success
9811200L,train,jsn_predicted,heuristic,jsn_predicted_success
9811940L,train,jsn_predicted,heuristic,jsn_predicted_success
9812166L,train,jsn_predicted,heuristic,jsn_predicted_success
9812166R,train,jsn_predicted,heuristic,jsn_predicted_success
9812739L,train,jsn_predicted,heuristic,jsn_predicted_success
9812739R,train,jsn_predicted,heuristic,jsn_predicted_success
9813353L,train,jsn_predicted,heuristic,jsn_predicted_success
9813353R,train,jsn_predicted,heuristic,jsn_predicted_success
9813851L,train,jsn_predicted,heuristic,jsn_predicted_success
9813851R,train,jsn_predicted,heuristic,jsn_predicted_success
9815467L,train,jsn_predicted,heuristic,jsn_predicted_success
9815467R,train,jsn_predicted,heuristic,jsn_predicted_success
9815779L,train,jsn_predicted,heuristic,jsn_predicted_success
9815779R,train,jsn_predicted,heuristic,jsn_predicted_success
9816138R,train,jsn_predicted,heuristic,jsn_predicted_success
9816968L,train,jsn_predicted,heuristic,jsn_predicted_success
9817141L,train,jsn_predicted,heuristic,jsn_predicted_success
9817141R,train,jsn_predicted,heuristic,jsn_predicted_success
9817618L,train,jsn_predicted,heuristic,jsn_predicted_success
9817618R,train,jsn_predicted,heuristic,jsn_predicted_success
9819149L,train,jsn_predicted,heuristic,jsn_predicted_success
9819149R,train,jsn_predicted,heuristic,jsn_predicted_success
9820271L,train,jsn_predicted,heuristic,jsn_predicted_success
9821982L,train,jsn_predicted,heuristic,jsn_predicted_success
9824703R,train,jsn_predicted,heuristic,jsn_predicted_success
9825282L,train,jsn_predicted,heuristic,jsn_predicted_success
9825282R,train,jsn_predicted,heuristic,jsn_predicted_success
9825783R,train,jsn_predicted,heuristic,jsn_predicted_success
9828044L,train,jsn_predicted,heuristic,jsn_predicted_success
9828044R,train,jsn_predicted,heuristic,jsn_predicted_success
9828518R,train,jsn_predicted,heuristic,jsn_predicted_success
9829221L,train,jsn_predicted,heuristic,jsn_predicted_success
9829221R,train,jsn_predicted,heuristic,jsn_predicted_success
9830316L,train,jsn_predicted,heuristic,jsn_predicted_success
9832457L,train,jsn_predicted,heuristic,jsn_predicted_success
9832457R,train,jsn_predicted,heuristic,jsn_predicted_success
9833489R,train,jsn_predicted,heuristic,jsn_predicted_success
9833782R,train,jsn_predicted,heuristic,jsn_predicted_success
9833809R,train,jsn_predicted,heuristic,jsn_predicted_success
9833835L,train,jsn_predicted,heuristic,jsn_predicted_success
9833835R,train,jsn_predicted,heuristic,jsn_predicted_success
9834533L,train,jsn_predicted,heuristic,jsn_predicted_success
9834533R,train,jsn_predicted,heuristic,jsn_predicted_success
9834806L,train,jsn_predicted,heuristic,jsn_predicted_success
9834806R,train,jsn_predicted,heuristic,jsn_predicted_success
9835291L,train,jsn_predicted,heuristic,jsn_predicted_success
9835291R,train,jsn_predicted,heuristic,jsn_predicted_success
9836062L,train,jsn_predicted,heuristic,jsn_predicted_success
9836062R,train,jsn_predicted,heuristic,jsn_predicted_success
9836330L,train,jsn_predicted,heuristic,jsn_predicted_success
9836547L,train,jsn_predicted,heuristic,jsn_predicted_success
9836547R,train,jsn_predicted,heuristic,jsn_predicted_success
9836553L,train,jsn_predicted,heuristic,jsn_predicted_success
9836553R,train,jsn_predicted,heuristic,jsn_predicted_success
9836853L,train,jsn_predicted,heuristic,jsn_predicted_success
9837054L,train,jsn_predicted,heuristic,jsn_predicted_success
9837054R,train,jsn_predicted,heuristic,jsn_predicted_success
9837324L,train,jsn_predicted,heuristic,jsn_predicted_success
9837324R,train,jsn_predicted,heuristic,jsn_predicted_success
9837774L,train,jsn_predicted,heuristic,jsn_predicted_success
9837774R,train,jsn_predicted,heuristic,jsn_predicted_success
9837987L,train,jsn_predicted,heuristic,jsn_predicted_success
9841058L,train,jsn_predicted,heuristic,jsn_predicted_success
9841058R,train,jsn_predicted,heuristic,jsn_predicted_success
9841269L,train,jsn_predicted,heuristic,jsn_predicted_success
9841269R,train,jsn_predicted,heuristic,jsn_predicted_success
9841364L,train,jsn_predicted,heuristic,jsn_predicted_success
9841364R,train,jsn_predicted,heuristic,jsn_predicted_success
9841815L,train,jsn_predicted,heuristic,jsn_predicted_success
9841838L,train,jsn_predicted,heuristic,jsn_predicted_success
9843822L,train,jsn_predicted,heuristic,jsn_predicted_success
9844581L,train,jsn_predicted,heuristic,jsn_predicted_success
9846783L,train,jsn_predicted,heuristic,jsn_predicted_success
9846783R,train,jsn_predicted,heuristic,jsn_predicted_success
9846846L,train,jsn_predicted,heuristic,jsn_predicted_success
9847480L,train,jsn_predicted,heuristic,jsn_predicted_success
9847480R,train,jsn_predicted,heuristic,jsn_predicted_success
9848263L,train,jsn_predicted,heuristic,jsn_predicted_success
9849852L,train,jsn_predicted,heuristic,jsn_predicted_success
9850237L,train,jsn_predicted,heuristic,jsn_predicted_success
9850237R,train,jsn_predicted,heuristic,jsn_predicted_success
9850845L,train,jsn_predicted,heuristic,jsn_predicted_success
9850845R,train,jsn_predicted,heuristic,jsn_predicted_success
9851631L,train,jsn_predicted,heuristic,jsn_predicted_success
9851631R,train,jsn_predicted,heuristic,jsn_predicted_success
9853065L,train,jsn_predicted,heuristic,jsn_predicted_success
9853065R,train,jsn_predicted,heuristic,jsn_predicted_success
9853267L,train,jsn_predicted,heuristic,jsn_predicted_success
9853267R,train,jsn_predicted,heuristic,jsn_predicted_success
9853562L,train,jsn_predicted,heuristic,jsn_predicted_success
9854226L,train,jsn_predicted,heuristic,jsn_predicted_success
9854226R,train,jsn_predicted,heuristic,jsn_predicted_success
9854269L,train,jsn_predicted,heuristic,jsn_predicted_success
9854269R,train,jsn_predicted,heuristic,jsn_predicted_success
9854620L,train,jsn_predicted,heuristic,jsn_predicted_success
9854620R,train,jsn_predicted,heuristic,jsn_predicted_success
9854837L,train,jsn_predicted,heuristic,jsn_predicted_success
9854837R,train,jsn_predicted,heuristic,jsn_predicted_success
9855059R,train,jsn_predicted,heuristic,jsn_predicted_success
9855117R,train,jsn_predicted,heuristic,jsn_predicted_success
9855149R,train,jsn_predicted,heuristic,jsn_predicted_success
9856561R,train,jsn_predicted,heuristic,jsn_predicted_success
9856744L,train,jsn_predicted,heuristic,jsn_predicted_success
9856744R,train,jsn_predicted,heuristic,jsn_predicted_success
9857351L,train,jsn_predicted,heuristic,jsn_predicted_success
9857351R,train,jsn_predicted,heuristic,jsn_predicted_success
9860637L,train,jsn_predicted,heuristic,jsn_predicted_success
9860739L,train,jsn_predicted,heuristic,jsn_predicted_success
9860739R,train,jsn_predicted,heuristic,jsn_predicted_success
9861303L,train,jsn_predicted,heuristic,jsn_predicted_success
9861560L,train,jsn_predicted,heuristic,jsn_predicted_success
9861560R,train,jsn_predicted,heuristic,jsn_predicted_success
9861699R,train,jsn_predicted,heuristic,jsn_predicted_success
9862541L,train,jsn_predicted,heuristic,jsn_predicted_success
9862541R,train,jsn_predicted,heuristic,jsn_predicted_success
9862725L,train,jsn_predicted,heuristic,jsn_predicted_success
9862725R,train,jsn_predicted,heuristic,jsn_predicted_success
9862741L,train,jsn_predicted,heuristic,jsn_predicted_success
9862741R,train,jsn_predicted,heuristic,jsn_predicted_success
9862772L,train,jsn_predicted,heuristic,jsn_predicted_success
9862772R,train,jsn_predicted,heuristic,jsn_predicted_success
9863321L,train,jsn_predicted,heuristic,jsn_predicted_success
9863321R,train,jsn_predicted,heuristic,jsn_predicted_success
9863737L,train,jsn_predicted,heuristic,jsn_predicted_success
9864266L,train,jsn_predicted,heuristic,jsn_predicted_success
9865771L,train,jsn_predicted,heuristic,jsn_predicted_success
9865771R,train,jsn_predicted,heuristic,jsn_predicted_success
9866291R,train,jsn_predicted,heuristic,jsn_predicted_success
9866764L,train,jsn_predicted,heuristic,jsn_predicted_success
9866764R,train,jsn_predicted,heuristic,jsn_predicted_success
9867611L,train,jsn_predicted,heuristic,jsn_predicted_success
9867611R,train,jsn_predicted,heuristic,jsn_predicted_success
9867760R,train,jsn_predicted,heuristic,jsn_predicted_success
9868006L,train,jsn_predicted,heuristic,jsn_predicted_success
9868006R,train,jsn_predicted,heuristic,jsn_predicted_success
9869252L,train,jsn_predicted,heuristic,jsn_predicted_success
9869252R,train,jsn_predicted,heuristic,jsn_predicted_success
9871097L,train,jsn_predicted,heuristic,jsn_predicted_success
9871097R,train,jsn_predicted,heuristic,jsn_predicted_success
9871786L,train,jsn_predicted,heuristic,jsn_predicted_success
9871786R,train,jsn_predicted,heuristic,jsn_predicted_success
9872535L,train,jsn_predicted,heuristic,jsn_predicted_success
9872535R,train,jsn_predicted,heuristic,jsn_predicted_success
9872789L,train,jsn_predicted,heuristic,jsn_predicted_success
9872789R,train,jsn_predicted,heuristic,jsn_predicted_success
9872828R,train,jsn_predicted,heuristic,jsn_predicted_success
9873057L,train,jsn_predicted,heuristic,jsn_predicted_success
9873057R,train,jsn_predicted,heuristic,jsn_predicted_success
9873103L,train,jsn_predicted,heuristic,jsn_predicted_success
9873103R,train,jsn_predicted,heuristic,jsn_predicted_success
9874784L,train,jsn_predicted,heuristic,jsn_predicted_success
9875794R,train,jsn_predicted,heuristic,jsn_predicted_success
9876530L,train,jsn_predicted,heuristic,jsn_predicted_success
9876530R,train,jsn_predicted,heuristic,jsn_predicted_success
9876792L,train,jsn_predicted,heuristic,jsn_predicted_success
9876792R,train,jsn_predicted,heuristic,jsn_predicted_success
9877295L,train,jsn_predicted,heuristic,jsn_predicted_success
9877295R,train,jsn_predicted,heuristic,jsn_predicted_success
9878114L,train,jsn_predicted,heuristic,jsn_predicted_success
9878114R,train,jsn_predicted,heuristic,jsn_predicted_success
9878614L,train,jsn_predicted,heuristic,jsn_predicted_success
9878614R,train,jsn_predicted,heuristic,jsn_predicted_success
9878765L,train,jsn_predicted,heuristic,jsn_predicted_success
9878765R,train,jsn_predicted,heuristic,jsn_predicted_success
9878786L,train,jsn_predicted,heuristic,jsn_predicted_success
9878786R,train,jsn_predicted,heuristic,jsn_predicted_success
9879069L,train,jsn_predicted,heuristic,jsn_predicted_success
9879069R,train,jsn_predicted,heuristic,jsn_predicted_success
9880782L,train,jsn_predicted,heuristic,jsn_predicted_success
9880782R,train,jsn_predicted,heuristic,jsn_predicted_success
9881756L,train,jsn_predicted,heuristic,jsn_predicted_success
9881756R,train,jsn_predicted,heuristic,jsn_predicted_success
9882788L,train,jsn_predicted,heuristic,jsn_predicted_success
9884710L,train,jsn_predicted,heuristic,jsn_predicted_success
9884710R,train,jsn_predicted,heuristic,jsn_predicted_success
9885303R,train,jsn_predicted,heuristic,jsn_predicted_success
9886696R,train,jsn_predicted,heuristic,jsn_predicted_success
9888515L,train,jsn_predicted,heuristic,jsn_predicted_success
9888561L,train,jsn_predicted,heuristic,jsn_predicted_success
9888561R,train,jsn_predicted,heuristic,jsn_predicted_success
9888600L,train,jsn_predicted,heuristic,jsn_predicted_success
9888600R,train,jsn_predicted,heuristic,jsn_predicted_success
9889523L,train,jsn_predicted,heuristic,jsn_predicted_success
9889793L,train,jsn_predicted,heuristic,jsn_predicted_success
9889793R,train,jsn_predicted,heuristic,jsn_predicted_success
9890264L,train,jsn_predicted,heuristic,jsn_predicted_success
9890414L,train,jsn_predicted,heuristic,jsn_predicted_success
9890414R,train,jsn_predicted,heuristic,jsn_predicted_success
9891264R,train,jsn_predicted,heuristic,jsn_predicted_success
9891421L,train,jsn_predicted,heuristic,jsn_predicted_success
9891421R,train,jsn_predicted,heuristic,jsn_predicted_success
9892241L,train,jsn_predicted,heuristic,jsn_predicted_success
9892241R,train,jsn_predicted,heuristic,jsn_predicted_success
9892270L,train,jsn_predicted,heuristic,jsn_predicted_success
9892736L,train,jsn_predicted,heuristic,jsn_predicted_success
9892736R,train,jsn_predicted,heuristic,jsn_predicted_success
9893482R,train,jsn_predicted,heuristic,jsn_predicted_success
9893793L,train,jsn_predicted,heuristic,jsn_predicted_success
9893793R,train,jsn_predicted,heuristic,jsn_predicted_success
9894048L,train,jsn_predicted,heuristic,jsn_predicted_success
9894048R,train,jsn_predicted,heuristic,jsn_predicted_success
9894184R,train,jsn_predicted,heuristic,jsn_predicted_success
9894795L,train,jsn_predicted,heuristic,jsn_predicted_success
9894795R,train,jsn_predicted,heuristic,jsn_predicted_success
9895178L,train,jsn_predicted,heuristic,jsn_predicted_success
9895178R,train,jsn_predicted,heuristic,jsn_predicted_success
9895750R,train,jsn_predicted,heuristic,jsn_predicted_success
9896242R,train,jsn_predicted,heuristic,jsn_predicted_success
9896710L,train,jsn_predicted,heuristic,jsn_predicted_success
9896710R,train,jsn_predicted,heuristic,jsn_predicted_success
9896743R,train,jsn_predicted,heuristic,jsn_predicted_success
9897170L,train,jsn_predicted,heuristic,jsn_predicted_success
9897279L,train,jsn_predicted,heuristic,jsn_predicted_success
9897279R,train,jsn_predicted,heuristic,jsn_predicted_success
9898582L,train,jsn_predicted,heuristic,jsn_predicted_success
9898582R,train,jsn_predicted,heuristic,jsn_predicted_success
9898713L,train,jsn_predicted,heuristic,jsn_predicted_success
9898713R,train,jsn_predicted,heuristic,jsn_predicted_success
9900208L,train,jsn_predicted,heuristic,jsn_predicted_success
9900208R,train,jsn_predicted,heuristic,jsn_predicted_success
9900967L,train,jsn_predicted,heuristic,jsn_predicted_success
9900967R,train,jsn_predicted,heuristic,jsn_predicted_success
9901158L,train,jsn_predicted,heuristic,jsn_predicted_success
9901199L,train,jsn_predicted,heuristic,jsn_predicted_success
9901199R,train,jsn_predicted,heuristic,jsn_predicted_success
9902235L,train,jsn_predicted,heuristic,jsn_predicted_success
9902576L,train,jsn_predicted,heuristic,jsn_predicted_success
9902900R,train,jsn_predicted,heuristic,jsn_predicted_success
9903020L,train,jsn_predicted,heuristic,jsn_predicted_success
9904667L,train,jsn_predicted,heuristic,jsn_predicted_success
9904667R,train,jsn_predicted,heuristic,jsn_predicted_success
9905766L,train,jsn_predicted,heuristic,jsn_predicted_success
9905766R,train,jsn_predicted,heuristic,jsn_predicted_success
9906491L,train,jsn_predicted,heuristic,jsn_predicted_success
9906491R,train,jsn_predicted,heuristic,jsn_predicted_success
9907090L,train,jsn_predicted,heuristic,jsn_predicted_success
9907767R,train,jsn_predicted,heuristic,jsn_predicted_success
9908665L,train,jsn_predicted,heuristic,jsn_predicted_success
9908665R,train,jsn_predicted,heuristic,jsn_predicted_success
9909311L,train,jsn_predicted,heuristic,jsn_predicted_success
9909311R,train,jsn_predicted,heuristic,jsn_predicted_success
9909790L,train,jsn_predicted,heuristic,jsn_predicted_success
9909861L,train,jsn_predicted,heuristic,jsn_predicted_success
9909861R,train,jsn_predicted,heuristic,jsn_predicted_success
9910268L,train,jsn_predicted,heuristic,jsn_predicted_success
9910391L,train,jsn_predicted,heuristic,jsn_predicted_success
9911082L,train,jsn_predicted,heuristic,jsn_predicted_success
9911082R,train,jsn_predicted,heuristic,jsn_predicted_success
9911237L,train,jsn_predicted,heuristic,jsn_predicted_success
9911237R,train,jsn_predicted,heuristic,jsn_predicted_success
9911265L,train,jsn_predicted,heuristic,jsn_predicted_success
9911575L,train,jsn_predicted,heuristic,jsn_predicted_success
9912228L,train,jsn_predicted,heuristic,jsn_predicted_success
9912275R,train,jsn_predicted,heuristic,jsn_predicted_success
9913590L,train,jsn_predicted,heuristic,jsn_predicted_success
9913590R,train,jsn_predicted,heuristic,jsn_predicted_success
9914231L,train,jsn_predicted,heuristic,jsn_predicted_success
9914231R,train,jsn_predicted,heuristic,jsn_predicted_success
9914944R,train,jsn_predicted,heuristic,jsn_predicted_success
9915540L,train,jsn_predicted,heuristic,jsn_predicted_success
9915540R,train,jsn_predicted,heuristic,jsn_predicted_success
9916249L,train,jsn_predicted,heuristic,jsn_predicted_success
9916249R,train,jsn_predicted,heuristic,jsn_predicted_success
9916274L,train,jsn_predicted,heuristic,jsn_predicted_success
9916274R,train,jsn_predicted,heuristic,jsn_predicted_success
9917505L,train,jsn_predicted,heuristic,jsn_predicted_success
9918304L,train,jsn_predicted,heuristic,jsn_predicted_success
9919499L,train,jsn_predicted,heuristic,jsn_predicted_success
9921353R,train,jsn_predicted,heuristic,jsn_predicted_success
9921586L,train,jsn_predicted,heuristic,jsn_predicted_success
9921811L,train,jsn_predicted,heuristic,jsn_predicted_success
9923099L,train,jsn_predicted,heuristic,jsn_predicted_success
9923099R,train,jsn_predicted,heuristic,jsn_predicted_success
9923837L,train,jsn_predicted,heuristic,jsn_predicted_success
9923837R,train,jsn_predicted,heuristic,jsn_predicted_success
9924324L,train,jsn_predicted,heuristic,jsn_predicted_success
9924324R,train,jsn_predicted,heuristic,jsn_predicted_success
9925376L,train,jsn_predicted,heuristic,jsn_predicted_success
9925376R,train,jsn_predicted,heuristic,jsn_predicted_success
9926617L,train,jsn_predicted,heuristic,jsn_predicted_success
9927318R,train,jsn_predicted,heuristic,jsn_predicted_success
9928844L,train,jsn_predicted,heuristic,jsn_predicted_success
9929413L,train,jsn_predicted,heuristic,jsn_predicted_success
9929413R,train,jsn_predicted,heuristic,jsn_predicted_success
9929823R,train,jsn_predicted,heuristic,jsn_predicted_success
9930368L,train,jsn_predicted,heuristic,jsn_predicted_success
9930368R,train,jsn_predicted,heuristic,jsn_predicted_success
9930620R,train,jsn_predicted,heuristic,jsn_predicted_success
9930863L,train,jsn_predicted,heuristic,jsn_predicted_success
9931342L,train,jsn_predicted,heuristic,jsn_predicted_success
9931342R,train,jsn_predicted,heuristic,jsn_predicted_success
9931370L,train,jsn_predicted,heuristic,jsn_predicted_success
9931370R,train,jsn_predicted,heuristic,jsn_predicted_success
9932578L,train,jsn_predicted,heuristic,jsn_predicted_success
9932750L,train,jsn_predicted,heuristic,jsn_predicted_success
9932750R,train,jsn_predicted,heuristic,jsn_predicted_success
9933085L,train,jsn_predicted,heuristic,jsn_predicted_success
9933085R,train,jsn_predicted,heuristic,jsn_predicted_success
9933955L,train,jsn_predicted,heuristic,jsn_predicted_success
9933955R,train,jsn_predicted,heuristic,jsn_predicted_success
9934310L,train,jsn_predicted,heuristic,jsn_predicted_success
9934310R,train,jsn_predicted,heuristic,jsn_predicted_success
9934795L,train,jsn_predicted,heuristic,jsn_predicted_success
9934795R,train,jsn_predicted,heuristic,jsn_predicted_success
9935439L,train,jsn_predicted,heuristic,jsn_predicted_success
9935439R,train,jsn_predicted,heuristic,jsn_predicted_success
9935643L,train,jsn_predicted,heuristic,jsn_predicted_success
9935643R,train,jsn_predicted,heuristic,jsn_predicted_success
9940058L,train,jsn_predicted,heuristic,jsn_predicted_success
9940058R,train,jsn_predicted,heuristic,jsn_predicted_success
9941323R,train,jsn_predicted,heuristic,jsn_predicted_success
9941446L,train,jsn_predicted,heuristic,jsn_predicted_success
9941446R,train,jsn_predicted,heuristic,jsn_predicted_success
9942030L,train,jsn_predicted,heuristic,jsn_predicted_success
9942030R,train,jsn_predicted,heuristic,jsn_predicted_success
9942553L,train,jsn_predicted,heuristic,jsn_predicted_success
9942867L,train,jsn_predicted,heuristic,jsn_predicted_success
9942867R,train,jsn_predicted,heuristic,jsn_predicted_success
9944030L,train,jsn_predicted,heuristic,jsn_predicted_success
9944714L,train,jsn_predicted,heuristic,jsn_predicted_success
9944714R,train,jsn_predicted,heuristic,jsn_predicted_success
9946473L,train,jsn_predicted,heuristic,jsn_predicted_success
9946473R,train,jsn_predicted,heuristic,jsn_predicted_success
9947321L,train,jsn_predicted,heuristic,jsn_predicted_success
9947497L,train,jsn_predicted,heuristic,jsn_predicted_success
9947497R,train,jsn_predicted,heuristic,jsn_predicted_success
9947742L,train,jsn_predicted,heuristic,jsn_predicted_success
9947742R,train,jsn_predicted,heuristic,jsn_predicted_success
9948016R,train,jsn_predicted,heuristic,jsn_predicted_success
9948298L,train,jsn_predicted,heuristic,jsn_predicted_success
9948322L,train,jsn_predicted,heuristic,jsn_predicted_success
9948792R,train,jsn_predicted,heuristic,jsn_predicted_success
9949011L,train,jsn_predicted,heuristic,jsn_predicted_success
9949011R,train,jsn_predicted,heuristic,jsn_predicted_success
9949194L,train,jsn_predicted,heuristic,jsn_predicted_success
9950320L,train,jsn_predicted,heuristic,jsn_predicted_success
9950320R,train,jsn_predicted,heuristic,jsn_predicted_success
9951122L,train,jsn_predicted,heuristic,jsn_predicted_success
9951122R,train,jsn_predicted,heuristic,jsn_predicted_success
9951821L,train,jsn_predicted,heuristic,jsn_predicted_success
9951877L,train,jsn_predicted,heuristic,jsn_predicted_success
9951877R,train,jsn_predicted,heuristic,jsn_predicted_success
9952042L,train,jsn_predicted,heuristic,jsn_predicted_success
9952042R,train,jsn_predicted,heuristic,jsn_predicted_success
9952108L,train,jsn_predicted,heuristic,jsn_predicted_success
9953183R,train,jsn_predicted,heuristic,jsn_predicted_success
9953518L,train,jsn_predicted,heuristic,jsn_predicted_success
9953518R,train,jsn_predicted,heuristic,jsn_predicted_success
9953820L,train,jsn_predicted,heuristic,jsn_predicted_success
9954184L,train,jsn_predicted,heuristic,jsn_predicted_success
9954184R,train,jsn_predicted,heuristic,jsn_predicted_success
9955443L,train,jsn_predicted,heuristic,jsn_predicted_success
9955443R,train,jsn_predicted,heuristic,jsn_predicted_success
9955666L,train,jsn_predicted,heuristic,jsn_predicted_success
9955666R,train,jsn_predicted,heuristic,jsn_predicted_success
9955820L,train,jsn_predicted,heuristic,jsn_predicted_success
9956170L,train,jsn_predicted,heuristic,jsn_predicted_success
9956170R,train,jsn_predicted,heuristic,jsn_predicted_success
9958526L,train,jsn_predicted,heuristic,jsn_predicted_success
9958526R,train,jsn_predicted,heuristic,jsn_predicted_success
9958736L,train,jsn_predicted,heuristic,jsn_predicted_success
9958736R,train,jsn_predicted,heuristic,jsn_predicted_success
9959640R,train,jsn_predicted,heuristic,jsn_predicted_success
9960832R,train,jsn_predicted,heuristic,jsn_predicted_success
9962045L,train,jsn_predicted,heuristic,jsn_predicted_success
9962045R,train,jsn_predicted,heuristic,jsn_predicted_success
9964826R,train,jsn_predicted,heuristic,jsn_predicted_success
9966825R,train,jsn_predicted,heuristic,jsn_predicted_success
9967719R,train,jsn_predicted,heuristic,jsn_predicted_success
9967932L,train,jsn_predicted,heuristic,jsn_predicted_success
9967932R,train,jsn_predicted,heuristic,jsn_predicted_success
9968036L,train,jsn_predicted,heuristic,jsn_predicted_success
9968036R,train,jsn_predicted,heuristic,jsn_predicted_success
9968950L,train,jsn_predicted,heuristic,jsn_predicted_success
9968950R,train,jsn_predicted,heuristic,jsn_predicted_success
9970928L,train,jsn_predicted,heuristic,jsn_predicted_success
9970928R,train,jsn_predicted,heuristic,jsn_predicted_success
9973322R,train,jsn_predicted,heuristic,jsn_predicted_success
9973569R,train,jsn_predicted,heuristic,jsn_predicted_success
9974327L,train,jsn_predicted,heuristic,jsn_predicted_success
9974327R,train,jsn_predicted,heuristic,jsn_predicted_success
9974776L,train,jsn_predicted,heuristic,jsn_predicted_success
9978813R,train,jsn_predicted,heuristic,jsn_predicted_success
9979265L,train,jsn_predicted,heuristic,jsn_predicted_success
9979306L,train,jsn_predicted,heuristic,jsn_predicted_success
9979306R,train,jsn_predicted,heuristic,jsn_predicted_success
9980274L,train,jsn_predicted,heuristic,jsn_predicted_success
9980274R,train,jsn_predicted,heuristic,jsn_predicted_success
9980704R,train,jsn_predicted,heuristic,jsn_predicted_success
9980752L,train,jsn_predicted,heuristic,jsn_predicted_success
9980752R,train,jsn_predicted,heuristic,jsn_predicted_success
9980800L,train,jsn_predicted,heuristic,jsn_predicted_success
9980800R,train,jsn_predicted,heuristic,jsn_predicted_success
9982251L,train,jsn_predicted,heuristic,jsn_predicted_success
9982251R,train,jsn_predicted,heuristic,jsn_predicted_success
9983246R,train,jsn_predicted,heuristic,jsn_predicted_success
9983309R,train,jsn_predicted,heuristic,jsn_predicted_success
9983798L,train,jsn_predicted,heuristic,jsn_predicted_success
9983798R,train,jsn_predicted,heuristic,jsn_predicted_success
9986838L,train,jsn_predicted,heuristic,jsn_predicted_success
9986838R,train,jsn_predicted,heuristic,jsn_predicted_success
9988186L,train,jsn_predicted,heuristic,jsn_predicted_success
9988186R,train,jsn_predicted,heuristic,jsn_predicted_success
9988421R,train,jsn_predicted,heuristic,jsn_predicted_success
9989700L,train,jsn_predicted,heuristic,jsn_predicted_success
9990192L,train,jsn_predicted,heuristic,jsn_predicted_success
9990192R,train,jsn_predicted,heuristic,jsn_predicted_success
9990355L,train,jsn_predicted,heuristic,jsn_predicted_success
9990355R,train,jsn_predicted,heuristic,jsn_predicted_success
9990698L,train,jsn_predicted,heuristic,jsn_predicted_success
9993261R,train,jsn_predicted,heuristic,jsn_predicted_success
9995338R,train,jsn_predicted,heuristic,jsn_predicted_success
9996284L,train,jsn_predicted,heuristic,jsn_predicted_success
9996284R,train,jsn_predicted,heuristic,jsn_predicted_success
9996345L,train,jsn_predicted,heuristic,jsn_predicted_success
9997610L,train,jsn_predicted,heuristic,jsn_predicted_success
9082901L,train,jsn_predicted,heuristic,jsn_predicted_success
9083113L,train,jsn_predicted,heuristic,jsn_predicted_success
9084244R,train,jsn_predicted,heuristic,jsn_predicted_success
9085290R,train,jsn_predicted,heuristic,jsn_predicted_success
9085892L,train,jsn_predicted,heuristic,jsn_predicted_success
9087863L,train,jsn_predicted,heuristic,jsn_predicted_success
9088142L,train,jsn_predicted,heuristic,jsn_predicted_success
9088142R,train,jsn_predicted,heuristic,jsn_predicted_success
9090740R,train,jsn_predicted,heuristic,jsn_predicted_success
9092247L,train,jsn_predicted,heuristic,jsn_predicted_success
9092247R,train,jsn_predicted,heuristic,jsn_predicted_success
9094841L,train,jsn_predicted,heuristic,jsn_predicted_success
9095103R,train,jsn_predicted,heuristic,jsn_predicted_success
9096851R,train,jsn_predicted,heuristic,jsn_predicted_success
9101270L,train,jsn_predicted,heuristic,jsn_predicted_success
9101951L,train,jsn_predicted,heuristic,jsn_predicted_success
9101951R,train,jsn_predicted,heuristic,jsn_predicted_success
9102297L,train,jsn_predicted,heuristic,jsn_predicted_success
9102297R,train,jsn_predicted,heuristic,jsn_predicted_success
9103449L,train,jsn_predicted,heuristic,jsn_predicted_success
9104043L,train,jsn_predicted,heuristic,jsn_predicted_success
9106688R,train,jsn_predicted,heuristic,jsn_predicted_success
9108945R,train,jsn_predicted,heuristic,jsn_predicted_success
9113674L,train,jsn_predicted,heuristic,jsn_predicted_success
9113674R,train,jsn_predicted,heuristic,jsn_predicted_success
9113782L,train,jsn_predicted,heuristic,jsn_predicted_success
9113782R,train,jsn_predicted,heuristic,jsn_predicted_success
9115525L,train,jsn_predicted,heuristic,jsn_predicted_success
9116057L,train,jsn_predicted,heuristic,jsn_predicted_success
9116057R,train,jsn_predicted,heuristic,jsn_predicted_success
9120358L,train,jsn_predicted,heuristic,jsn_predicted_success
9120519L,train,jsn_predicted,heuristic,jsn_predicted_success
9120519R,train,jsn_predicted,heuristic,jsn_predicted_success
9121285R,train,jsn_predicted,heuristic,jsn_predicted_success
9124024L,train,jsn_predicted,heuristic,jsn_predicted_success
9131496L,train,jsn_predicted,heuristic,jsn_predicted_success
9131496R,train,jsn_predicted,heuristic,jsn_predicted_success
9133464L,train,jsn_predicted,heuristic,jsn_predicted_success
9133464R,train,jsn_predicted,heuristic,jsn_predicted_success
9134955R,train,jsn_predicted,heuristic,jsn_predicted_success
9135752L,train,jsn_predicted,heuristic,jsn_predicted_success
9137556L,train,jsn_predicted,heuristic,jsn_predicted_success
9137556R,train,jsn_predicted,heuristic,jsn_predicted_success
9138467L,train,jsn_predicted,heuristic,jsn_predicted_success
9138467R,train,jsn_predicted,heuristic,jsn_predicted_success
9138965L,train,jsn_predicted,heuristic,jsn_predicted_success
9143312L,train,jsn_predicted,heuristic,jsn_predicted_success
9143628R,train,jsn_predicted,heuristic,jsn_predicted_success
9147692R,train,jsn_predicted,heuristic,jsn_predicted_success
9150875L,train,jsn_predicted,heuristic,jsn_predicted_success
9150875R,train,jsn_predicted,heuristic,jsn_predicted_success
9150876R,train,jsn_predicted,heuristic,jsn_predicted_success
9152442R,train,jsn_predicted,heuristic,jsn_predicted_success
9153013L,train,jsn_predicted,heuristic,jsn_predicted_success
9153013R,train,jsn_predicted,heuristic,jsn_predicted_success
9153696L,train,jsn_predicted,heuristic,jsn_predicted_success
9153792L,train,jsn_predicted,heuristic,jsn_predicted_success
9153792R,train,jsn_predicted,heuristic,jsn_predicted_success
9156448L,train,jsn_predicted,heuristic,jsn_predicted_success
9156694L,train,jsn_predicted,heuristic,jsn_predicted_success
9159961R,train,jsn_predicted,heuristic,jsn_predicted_success
9160026R,train,jsn_predicted,heuristic,jsn_predicted_success
9160270L,train,jsn_predicted,heuristic,jsn_predicted_success
9160270R,train,jsn_predicted,heuristic,jsn_predicted_success
9161012L,train,jsn_predicted,heuristic,jsn_predicted_success
9161024L,train,jsn_predicted,heuristic,jsn_predicted_success
9162906L,train,jsn_predicted,heuristic,jsn_predicted_success
9164965L,train,jsn_predicted,heuristic,jsn_predicted_success
9164965R,train,jsn_predicted,heuristic,jsn_predicted_success
9165970R,train,jsn_predicted,heuristic,jsn_predicted_success
9166930R,train,jsn_predicted,heuristic,jsn_predicted_success
9167541R,train,jsn_predicted,heuristic,jsn_predicted_success
9168012L,train,jsn_predicted,heuristic,jsn_predicted_success
9168012R,train,jsn_predicted,heuristic,jsn_predicted_success
9168023L,train,jsn_predicted,heuristic,jsn_predicted_success
9168023R,train,jsn_predicted,heuristic,jsn_predicted_success
9168534L,train,jsn_predicted,heuristic,jsn_predicted_success
9169022R,train,jsn_predicted,heuristic,jsn_predicted_success
9171457L,train,jsn_predicted,heuristic,jsn_predicted_success
9171457R,train,jsn_predicted,heuristic,jsn_predicted_success
9171580L,train,jsn_predicted,heuristic,jsn_predicted_success
9172013L,train,jsn_predicted,heuristic,jsn_predicted_success
9173013R,train,jsn_predicted,heuristic,jsn_predicted_success
9173587L,train,jsn_predicted,heuristic,jsn_predicted_success
9176441R,train,jsn_predicted,heuristic,jsn_predicted_success
9178212L,train,jsn_predicted,heuristic,jsn_predicted_success
9178581L,train,jsn_predicted,heuristic,jsn_predicted_success
9178780L,train,jsn_predicted,heuristic,jsn_predicted_success
9178840L,train,jsn_predicted,heuristic,jsn_predicted_success
9178936R,train,jsn_predicted,heuristic,jsn_predicted_success
9180492R,train,jsn_predicted,heuristic,jsn_predicted_success
9184790L,train,jsn_predicted,heuristic,jsn_predicted_success
9184790R,train,jsn_predicted,heuristic,jsn_predicted_success
9187064L,train,jsn_predicted,heuristic,jsn_predicted_success
9189823L,train,jsn_predicted,heuristic,jsn_predicted_success
9193363R,train,jsn_predicted,heuristic,jsn_predicted_success
9195569R,train,jsn_predicted,heuristic,jsn_predicted_success
9197064L,train,jsn_predicted,heuristic,jsn_predicted_success
9197064R,train,jsn_predicted,heuristic,jsn_predicted_success
9197492L,train,jsn_predicted,heuristic,jsn_predicted_success
9200078R,train,jsn_predicted,heuristic,jsn_predicted_success
9200458L,train,jsn_predicted,heuristic,jsn_predicted_success
9200458R,train,jsn_predicted,heuristic,jsn_predicted_success
9201052L,train,jsn_predicted,heuristic,jsn_predicted_success
9201052R,train,jsn_predicted,heuristic,jsn_predicted_success
9202047R,train,jsn_predicted,heuristic,jsn_predicted_success
9202515L,train,jsn_predicted,heuristic,jsn_predicted_success
9203057R,train,jsn_predicted,heuristic,jsn_predicted_success
9203957L,train,jsn_predicted,heuristic,jsn_predicted_success
9204055L,train,jsn_predicted,heuristic,jsn_predicted_success
9204538R,train,jsn_predicted,heuristic,jsn_predicted_success
9208283L,train,jsn_predicted,heuristic,jsn_predicted_success
9209896L,train,jsn_predicted,heuristic,jsn_predicted_success
9210505R,train,jsn_predicted,heuristic,jsn_predicted_success
9211751L,train,jsn_predicted,heuristic,jsn_predicted_success
9211751R,train,jsn_predicted,heuristic,jsn_predicted_success
9212530R,train,jsn_predicted,heuristic,jsn_predicted_success
9213372L,train,jsn_predicted,heuristic,jsn_predicted_success
9213753L,train,jsn_predicted,heuristic,jsn_predicted_success
9213753R,train,jsn_predicted,heuristic,jsn_predicted_success
9216735R,train,jsn_predicted,heuristic,jsn_predicted_success
9217260R,train,jsn_predicted,heuristic,jsn_predicted_success
9217911R,train,jsn_predicted,heuristic,jsn_predicted_success
9217997L,train,jsn_predicted,heuristic,jsn_predicted_success
9218438L,train,jsn_predicted,heuristic,jsn_predicted_success
9218438R,train,jsn_predicted,heuristic,jsn_predicted_success
9218916R,train,jsn_predicted,heuristic,jsn_predicted_success
9219596L,train,jsn_predicted,heuristic,jsn_predicted_success
9219596R,train,jsn_predicted,heuristic,jsn_predicted_success
9220921R,train,jsn_predicted,heuristic,jsn_predicted_success
9223040L,train,jsn_predicted,heuristic,jsn_predicted_success
9223040R,train,jsn_predicted,heuristic,jsn_predicted_success
9223285R,train,jsn_predicted,heuristic,jsn_predicted_success
9223303R,train,jsn_predicted,heuristic,jsn_predicted_success
9223590L,train,jsn_predicted,heuristic,jsn_predicted_success
9223980L,train,jsn_predicted,heuristic,jsn_predicted_success
9223980R,train,jsn_predicted,heuristic,jsn_predicted_success
9224012R,train,jsn_predicted,heuristic,jsn_predicted_success
9224590R,train,jsn_predicted,heuristic,jsn_predicted_success
9224983L,train,jsn_predicted,heuristic,jsn_predicted_success
9225792L,train,jsn_predicted,heuristic,jsn_predicted_success
9225792R,train,jsn_predicted,heuristic,jsn_predicted_success
9225984L,train,jsn_predicted,heuristic,jsn_predicted_success
9226514L,train,jsn_predicted,heuristic,jsn_predicted_success
9226514R,train,jsn_predicted,heuristic,jsn_predicted_success
9226589L,train,jsn_predicted,heuristic,jsn_predicted_success
9227067L,train,jsn_predicted,heuristic,jsn_predicted_success
9229585L,train,jsn_predicted,heuristic,jsn_predicted_success
9230284R,train,jsn_predicted,heuristic,jsn_predicted_success
9233675R,train,jsn_predicted,heuristic,jsn_predicted_success
9234073L,train,jsn_predicted,heuristic,jsn_predicted_success
9234555L,train,jsn_predicted,heuristic,jsn_predicted_success
9234667R,train,jsn_predicted,heuristic,jsn_predicted_success
9236027R,train,jsn_predicted,heuristic,jsn_predicted_success
9240045R,train,jsn_predicted,heuristic,jsn_predicted_success
9240515R,train,jsn_predicted,heuristic,jsn_predicted_success
9241014L,train,jsn_predicted,heuristic,jsn_predicted_success
9241544L,train,jsn_predicted,heuristic,jsn_predicted_success
9244516R,train,jsn_predicted,heuristic,jsn_predicted_success
9245519R,train,jsn_predicted,heuristic,jsn_predicted_success
9245539L,train,jsn_predicted,heuristic,jsn_predicted_success
9245539R,train,jsn_predicted,heuristic,jsn_predicted_success
9246995L,train,jsn_predicted,heuristic,jsn_predicted_success
9247140L,train,jsn_predicted,heuristic,jsn_predicted_success
9250129L,train,jsn_predicted,heuristic,jsn_predicted_success
9251077R,train,jsn_predicted,heuristic,jsn_predicted_success
9251127L,train,jsn_predicted,heuristic,jsn_predicted_success
9251127R,train,jsn_predicted,heuristic,jsn_predicted_success
9251736R,train,jsn_predicted,heuristic,jsn_predicted_success
9253390L,train,jsn_predicted,heuristic,jsn_predicted_success
9253390R,train,jsn_predicted,heuristic,jsn_predicted_success
9253530L,train,jsn_predicted,heuristic,jsn_predicted_success
9254853L,train,jsn_predicted,heuristic,jsn_predicted_success
9255884L,train,jsn_predicted,heuristic,jsn_predicted_success
9258051L,train,jsn_predicted,heuristic,jsn_predicted_success
9258051R,train,jsn_predicted,heuristic,jsn_predicted_success
9258219L,train,jsn_predicted,heuristic,jsn_predicted_success
9262149L,train,jsn_predicted,heuristic,jsn_predicted_success
9264046L,train,jsn_predicted,heuristic,jsn_predicted_success
9264649L,train,jsn_predicted,heuristic,jsn_predicted_success
9265023L,train,jsn_predicted,heuristic,jsn_predicted_success
9266027R,train,jsn_predicted,heuristic,jsn_predicted_success
9267508L,train,jsn_predicted,heuristic,jsn_predicted_success
9267508R,train,jsn_predicted,heuristic,jsn_predicted_success
9268052R,train,jsn_predicted,heuristic,jsn_predicted_success
9268233L,train,jsn_predicted,heuristic,jsn_predicted_success
9268233R,train,jsn_predicted,heuristic,jsn_predicted_success
9268652R,train,jsn_predicted,heuristic,jsn_predicted_success
9268724R,train,jsn_predicted,heuristic,jsn_predicted_success
9269056R,train,jsn_predicted,heuristic,jsn_predicted_success
9269510L,train,jsn_predicted,heuristic,jsn_predicted_success
9270077L,train,jsn_predicted,heuristic,jsn_predicted_success
9270566R,train,jsn_predicted,heuristic,jsn_predicted_success
9272198L,train,jsn_predicted,heuristic,jsn_predicted_success
9272198R,train,jsn_predicted,heuristic,jsn_predicted_success
9272247L,train,jsn_predicted,heuristic,jsn_predicted_success
9273128L,train,jsn_predicted,heuristic,jsn_predicted_success
9273362L,train,jsn_predicted,heuristic,jsn_predicted_success
9273362R,train,jsn_predicted,heuristic,jsn_predicted_success
9273764L,train,jsn_predicted,heuristic,jsn_predicted_success
9274208R,train,jsn_predicted,heuristic,jsn_predicted_success
9275258L,train,jsn_predicted,heuristic,jsn_predicted_success
9275258R,train,jsn_predicted,heuristic,jsn_predicted_success
9275281R,train,jsn_predicted,heuristic,jsn_predicted_success
9276849R,train,jsn_predicted,heuristic,jsn_predicted_success
9278158L,train,jsn_predicted,heuristic,jsn_predicted_success
9278158R,train,jsn_predicted,heuristic,jsn_predicted_success
9280320L,train,jsn_predicted,heuristic,jsn_predicted_success
9281202R,train,jsn_predicted,heuristic,jsn_predicted_success
9282182L,train,jsn_predicted,heuristic,jsn_predicted_success
9282182R,train,jsn_predicted,heuristic,jsn_predicted_success
9282203R,train,jsn_predicted,heuristic,jsn_predicted_success
9282240L,train,jsn_predicted,heuristic,jsn_predicted_success
9282330R,train,jsn_predicted,heuristic,jsn_predicted_success
9282772L,train,jsn_predicted,heuristic,jsn_predicted_success
9282772R,train,jsn_predicted,heuristic,jsn_predicted_success
9288217L,train,jsn_predicted,heuristic,jsn_predicted_success
9289020L,train,jsn_predicted,heuristic,jsn_predicted_success
9290079L,train,jsn_predicted,heuristic,jsn_predicted_success
9293213R,train,jsn_predicted,heuristic,jsn_predicted_success
9295223L,train,jsn_predicted,heuristic,jsn_predicted_success
9297239L,train,jsn_predicted,heuristic,jsn_predicted_success
9297373L,train,jsn_predicted,heuristic,jsn_predicted_success
9297373R,train,jsn_predicted,heuristic,jsn_predicted_success
9298541R,train,jsn_predicted,heuristic,jsn_predicted_success
9299340L,train,jsn_predicted,heuristic,jsn_predicted_success
9300939R,train,jsn_predicted,heuristic,jsn_predicted_success
9302260R,train,jsn_predicted,heuristic,jsn_predicted_success
9303539R,train,jsn_predicted,heuristic,jsn_predicted_success
9306384L,train,jsn_predicted,heuristic,jsn_predicted_success
9306384R,train,jsn_predicted,heuristic,jsn_predicted_success
9308482L,train,jsn_predicted,heuristic,jsn_predicted_success
9309098L,train,jsn_predicted,heuristic,jsn_predicted_success
9309342L,train,jsn_predicted,heuristic,jsn_predicted_success
9309342R,train,jsn_predicted,heuristic,jsn_predicted_success
9310086R,train,jsn_predicted,heuristic,jsn_predicted_success
9310332R,train,jsn_predicted,heuristic,jsn_predicted_success
9310416R,train,jsn_predicted,heuristic,jsn_predicted_success
9310472R,train,jsn_predicted,heuristic,jsn_predicted_success
9310976L,train,jsn_predicted,heuristic,jsn_predicted_success
9312081L,train,jsn_predicted,heuristic,jsn_predicted_success
9312419R,train,jsn_predicted,heuristic,jsn_predicted_success
9313331R,train,jsn_predicted,heuristic,jsn_predicted_success
9314101L,train,jsn_predicted,heuristic,jsn_predicted_success
9314305R,train,jsn_predicted,heuristic,jsn_predicted_success
9314340L,train,jsn_predicted,heuristic,jsn_predicted_success
9316495L,train,jsn_predicted,heuristic,jsn_predicted_success
9318509L,train,jsn_predicted,heuristic,jsn_predicted_success
9318509R,train,jsn_predicted,heuristic,jsn_predicted_success
9319366R,train,jsn_predicted,heuristic,jsn_predicted_success
9321092L,train,jsn_predicted,heuristic,jsn_predicted_success
9322401L,train,jsn_predicted,heuristic,jsn_predicted_success
9322401R,train,jsn_predicted,heuristic,jsn_predicted_success
9322437L,train,jsn_predicted,heuristic,jsn_predicted_success
9322437R,train,jsn_predicted,heuristic,jsn_predicted_success
9324211L,train,jsn_predicted,heuristic,jsn_predicted_success
9324372L,train,jsn_predicted,heuristic,jsn_predicted_success
9324372R,train,jsn_predicted,heuristic,jsn_predicted_success
9326076L,train,jsn_predicted,heuristic,jsn_predicted_success
9326434L,train,jsn_predicted,heuristic,jsn_predicted_success
9326434R,train,jsn_predicted,heuristic,jsn_predicted_success
9327829L,train,jsn_predicted,heuristic,jsn_predicted_success
9327829R,train,jsn_predicted,heuristic,jsn_predicted_success
9327968R,train,jsn_predicted,heuristic,jsn_predicted_success
9328093L,train,jsn_predicted,heuristic,jsn_predicted_success
9328154L,train,jsn_predicted,heuristic,jsn_predicted_success
9329345L,train,jsn_predicted,heuristic,jsn_predicted_success
9329729L,train,jsn_predicted,heuristic,jsn_predicted_success
9329729R,train,jsn_predicted,heuristic,jsn_predicted_success
9330147L,train,jsn_predicted,heuristic,jsn_predicted_success
9331053R,train,jsn_predicted,heuristic,jsn_predicted_success
9332085L,train,jsn_predicted,heuristic,jsn_predicted_success
9333574L,train,jsn_predicted,heuristic,jsn_predicted_success
9333574R,train,jsn_predicted,heuristic,jsn_predicted_success
9336746R,train,jsn_predicted,heuristic,jsn_predicted_success
9338059R,train,jsn_predicted,heuristic,jsn_predicted_success
9339252R,train,jsn_predicted,heuristic,jsn_predicted_success
9339337R,train,jsn_predicted,heuristic,jsn_predicted_success
9340335L,train,jsn_predicted,heuristic,jsn_predicted_success
9341240L,train,jsn_predicted,heuristic,jsn_predicted_success
9341535L,train,jsn_predicted,heuristic,jsn_predicted_success
9341903L,train,jsn_predicted,heuristic,jsn_predicted_success
9341903R,train,jsn_predicted,heuristic,jsn_predicted_success
9345493R,train,jsn_predicted,heuristic,jsn_predicted_success
9346242R,train,jsn_predicted,heuristic,jsn_predicted_success
9351245L,train,jsn_predicted,heuristic,jsn_predicted_success
9351436L,train,jsn_predicted,heuristic,jsn_predicted_success
9353703L,train,jsn_predicted,heuristic,jsn_predicted_success
9355257L,train,jsn_predicted,heuristic,jsn_predicted_success
9355257R,train,jsn_predicted,heuristic,jsn_predicted_success
9357383R,train,jsn_predicted,heuristic,jsn_predicted_success
9357990L,train,jsn_predicted,heuristic,jsn_predicted_success
9358131R,train,jsn_predicted,heuristic,jsn_predicted_success
9359678L,train,jsn_predicted,heuristic,jsn_predicted_success
9361281L,train,jsn_predicted,heuristic,jsn_predicted_success
9361281R,train,jsn_predicted,heuristic,jsn_predicted_success
9361302R,train,jsn_predicted,heuristic,jsn_predicted_success
9362264L,train,jsn_predicted,heuristic,jsn_predicted_success
9362264R,train,jsn_predicted,heuristic,jsn_predicted_success
9364232L,train,jsn_predicted,heuristic,jsn_predicted_success
9364232R,train,jsn_predicted,heuristic,jsn_predicted_success
9365269R,train,jsn_predicted,heuristic,jsn_predicted_success
9366809R,train,jsn_predicted,heuristic,jsn_predicted_success
9367389L,train,jsn_predicted,heuristic,jsn_predicted_success
9368084L,train,jsn_predicted,heuristic,jsn_predicted_success
9368084R,train,jsn_predicted,heuristic,jsn_predicted_success
9369286L,train,jsn_predicted,heuristic,jsn_predicted_success
9369690L,train,jsn_predicted,heuristic,jsn_predicted_success
9369690R,train,jsn_predicted,heuristic,jsn_predicted_success
9370180L,train,jsn_predicted,heuristic,jsn_predicted_success
9370237R,train,jsn_predicted,heuristic,jsn_predicted_success
9371094L,train,jsn_predicted,heuristic,jsn_predicted_success
9371094R,train,jsn_predicted,heuristic,jsn_predicted_success
9372474R,train,jsn_predicted,heuristic,jsn_predicted_success
9373065R,train,jsn_predicted,heuristic,jsn_predicted_success
9373786L,train,jsn_predicted,heuristic,jsn_predicted_success
9373786R,train,jsn_predicted,heuristic,jsn_predicted_success
9374235L,train,jsn_predicted,heuristic,jsn_predicted_success
9375122L,train,jsn_predicted,heuristic,jsn_predicted_success
9375122R,train,jsn_predicted,heuristic,jsn_predicted_success
9375317L,train,jsn_predicted,heuristic,jsn_predicted_success
9378009R,train,jsn_predicted,heuristic,jsn_predicted_success
9381181R,train,jsn_predicted,heuristic,jsn_predicted_success
9381777R,train,jsn_predicted,heuristic,jsn_predicted_success
9382501R,train,jsn_predicted,heuristic,jsn_predicted_success
9382719L,train,jsn_predicted,heuristic,jsn_predicted_success
9382772L,train,jsn_predicted,heuristic,jsn_predicted_success
9383072L,train,jsn_predicted,heuristic,jsn_predicted_success
9384900R,train,jsn_predicted,heuristic,jsn_predicted_success
9386858L,train,jsn_predicted,heuristic,jsn_predicted_success
9387130L,train,jsn_predicted,heuristic,jsn_predicted_success
9388265R,train,jsn_predicted,heuristic,jsn_predicted_success
9389941L,train,jsn_predicted,heuristic,jsn_predicted_success
9389941R,train,jsn_predicted,heuristic,jsn_predicted_success
9390312L,train,jsn_predicted,heuristic,jsn_predicted_success
9391051L,train,jsn_predicted,heuristic,jsn_predicted_success
9391984L,train,jsn_predicted,heuristic,jsn_predicted_success
9393127L,train,jsn_predicted,heuristic,jsn_predicted_success
9393171L,train,jsn_predicted,heuristic,jsn_predicted_success
9393171R,train,jsn_predicted,heuristic,jsn_predicted_success
9393208L,train,jsn_predicted,heuristic,jsn_predicted_success
9394203L,train,jsn_predicted,heuristic,jsn_predicted_success
9395178L,train,jsn_predicted,heuristic,jsn_predicted_success
9395235L,train,jsn_predicted,heuristic,jsn_predicted_success
9396994L,train,jsn_predicted,heuristic,jsn_predicted_success
9399698R,train,jsn_predicted,heuristic,jsn_predicted_success
9399980L,train,jsn_predicted,heuristic,jsn_predicted_success
9399980R,train,jsn_predicted,heuristic,jsn_predicted_success
9400975R,train,jsn_predicted,heuristic,jsn_predicted_success
9402055L,train,jsn_predicted,heuristic,jsn_predicted_success
9402139R,train,jsn_predicted,heuristic,jsn_predicted_success
9402367R,train,jsn_predicted,heuristic,jsn_predicted_success
9403946L,train,jsn_predicted,heuristic,jsn_predicted_success
9405933L,train,jsn_predicted,heuristic,jsn_predicted_success
9405933R,train,jsn_predicted,heuristic,jsn_predicted_success
9406109L,train,jsn_predicted,heuristic,jsn_predicted_success
9407018L,train,jsn_predicted,heuristic,jsn_predicted_success
9407018R,train,jsn_predicted,heuristic,jsn_predicted_success
9408506L,train,jsn_predicted,heuristic,jsn_predicted_success
9409501L,train,jsn_predicted,heuristic,jsn_predicted_success
9409550L,train,jsn_predicted,heuristic,jsn_predicted_success
9409941R,train,jsn_predicted,heuristic,jsn_predicted_success
9411979L,train,jsn_predicted,heuristic,jsn_predicted_success
9411979R,train,jsn_predicted,heuristic,jsn_predicted_success
9412037L,train,jsn_predicted,heuristic,jsn_predicted_success
9412123L,train,jsn_predicted,heuristic,jsn_predicted_success
9413676L,train,jsn_predicted,heuristic,jsn_predicted_success
9414488L,train,jsn_predicted,heuristic,jsn_predicted_success
9415301L,train,jsn_predicted,heuristic,jsn_predicted_success
9416381L,train,jsn_predicted,heuristic,jsn_predicted_success
9416851L,train,jsn_predicted,heuristic,jsn_predicted_success
9416851R,train,jsn_predicted,heuristic,jsn_predicted_success
9417063L,train,jsn_predicted,heuristic,jsn_predicted_success
9417307R,train,jsn_predicted,heuristic,jsn_predicted_success
9417841L,train,jsn_predicted,heuristic,jsn_predicted_success
9417841R,train,jsn_predicted,heuristic,jsn_predicted_success
9420706L,train,jsn_predicted,heuristic,jsn_predicted_success
9420706R,train,jsn_predicted,heuristic,jsn_predicted_success
9423086R,train,jsn_predicted,heuristic,jsn_predicted_success
9425183L,train,jsn_predicted,heuristic,jsn_predicted_success
9425737L,train,jsn_predicted,heuristic,jsn_predicted_success
9429115L,train,jsn_predicted,heuristic,jsn_predicted_success
9429115R,train,jsn_predicted,heuristic,jsn_predicted_success
9431322L,train,jsn_predicted,heuristic,jsn_predicted_success
9431322R,train,jsn_predicted,heuristic,jsn_predicted_success
9432327L,train,jsn_predicted,heuristic,jsn_predicted_success
9432585R,train,jsn_predicted,heuristic,jsn_predicted_success
9434276R,train,jsn_predicted,heuristic,jsn_predicted_success
9434520L,train,jsn_predicted,heuristic,jsn_predicted_success
9434520R,train,jsn_predicted,heuristic,jsn_predicted_success
9435109R,train,jsn_predicted,heuristic,jsn_predicted_success
9435525R,train,jsn_predicted,heuristic,jsn_predicted_success
9436316L,train,jsn_predicted,heuristic,jsn_predicted_success
9436316R,train,jsn_predicted,heuristic,jsn_predicted_success
9436426R,train,jsn_predicted,heuristic,jsn_predicted_success
9438149L,train,jsn_predicted,heuristic,jsn_predicted_success
9438523L,train,jsn_predicted,heuristic,jsn_predicted_success
9439428L,train,jsn_predicted,heuristic,jsn_predicted_success
9440005R,train,jsn_predicted,heuristic,jsn_predicted_success
9440307R,train,jsn_predicted,heuristic,jsn_predicted_success
9440518L,train,jsn_predicted,heuristic,jsn_predicted_success
9441140L,train,jsn_predicted,heuristic,jsn_predicted_success
9441140R,train,jsn_predicted,heuristic,jsn_predicted_success
9441307L,train,jsn_predicted,heuristic,jsn_predicted_success
9442105R,train,jsn_predicted,heuristic,jsn_predicted_success
9442298L,train,jsn_predicted,heuristic,jsn_predicted_success
9442526R,train,jsn_predicted,heuristic,jsn_predicted_success
9443135R,train,jsn_predicted,heuristic,jsn_predicted_success
9444132R,train,jsn_predicted,heuristic,jsn_predicted_success
9444196R,train,jsn_predicted,heuristic,jsn_predicted_success
9445880L,train,jsn_predicted,heuristic,jsn_predicted_success
9445880R,train,jsn_predicted,heuristic,jsn_predicted_success
9448563R,train,jsn_predicted,heuristic,jsn_predicted_success
9451114L,train,jsn_predicted,heuristic,jsn_predicted_success
9451114R,train,jsn_predicted,heuristic,jsn_predicted_success
9452247L,train,jsn_predicted,heuristic,jsn_predicted_success
9452247R,train,jsn_predicted,heuristic,jsn_predicted_success
9452359L,train,jsn_predicted,heuristic,jsn_predicted_success
9452359R,train,jsn_predicted,heuristic,jsn_predicted_success
9453274L,train,jsn_predicted,heuristic,jsn_predicted_success
9453274R,train,jsn_predicted,heuristic,jsn_predicted_success
9454239R,train,jsn_predicted,heuristic,jsn_predicted_success
9454308R,train,jsn_predicted,heuristic,jsn_predicted_success
9454360R,train,jsn_predicted,heuristic,jsn_predicted_success
9455270R,train,jsn_predicted,heuristic,jsn_predicted_success
9456105L,train,jsn_predicted,heuristic,jsn_predicted_success
9456105R,train,jsn_predicted,heuristic,jsn_predicted_success
9456244L,train,jsn_predicted,heuristic,jsn_predicted_success
9457718L,train,jsn_predicted,heuristic,jsn_predicted_success
9457863L,train,jsn_predicted,heuristic,jsn_predicted_success
9458107R,train,jsn_predicted,heuristic,jsn_predicted_success
9461110L,train,jsn_predicted,heuristic,jsn_predicted_success
9461110R,train,jsn_predicted,heuristic,jsn_predicted_success
9461885L,train,jsn_predicted,heuristic,jsn_predicted_success
9462298L,train,jsn_predicted,heuristic,jsn_predicted_success
9463326L,train,jsn_predicted,heuristic,jsn_predicted_success
9465265R,train,jsn_predicted,heuristic,jsn_predicted_success
9465287L,train,jsn_predicted,heuristic,jsn_predicted_success
9465287R,train,jsn_predicted,heuristic,jsn_predicted_success
9465298R,train,jsn_predicted,heuristic,jsn_predicted_success
9465321R,train,jsn_predicted,heuristic,jsn_predicted_success
9465413R,train,jsn_predicted,heuristic,jsn_predicted_success
9466873L,train,jsn_predicted,heuristic,jsn_predicted_success
9466873R,train,jsn_predicted,heuristic,jsn_predicted_success
9467722L,train,jsn_predicted,heuristic,jsn_predicted_success
9467722R,train,jsn_predicted,heuristic,jsn_predicted_success
9469136L,train,jsn_predicted,heuristic,jsn_predicted_success
9469155R,train,jsn_predicted,heuristic,jsn_predicted_success
9471143R,train,jsn_predicted,heuristic,jsn_predicted_success
9472254L,train,jsn_predicted,heuristic,jsn_predicted_success
9475284R,train,jsn_predicted,heuristic,jsn_predicted_success
9480338L,train,jsn_predicted,heuristic,jsn_predicted_success
9482887L,train,jsn_predicted,heuristic,jsn_predicted_success
9482887R,train,jsn_predicted,heuristic,jsn_predicted_success
9485404L,train,jsn_predicted,heuristic,jsn_predicted_success
9485404R,train,jsn_predicted,heuristic,jsn_predicted_success
9486452L,train,jsn_predicted,heuristic,jsn_predicted_success
9486466L,train,jsn_predicted,heuristic,jsn_predicted_success
9486466R,train,jsn_predicted,heuristic,jsn_predicted_success
9486827L,train,jsn_predicted,heuristic,jsn_predicted_success
9486827R,train,jsn_predicted,heuristic,jsn_predicted_success
9488882L,train,jsn_predicted,heuristic,jsn_predicted_success
9493930R,train,jsn_predicted,heuristic,jsn_predicted_success
9495746R,train,jsn_predicted,heuristic,jsn_predicted_success
9496386R,train,jsn_predicted,heuristic,jsn_predicted_success
9500225L,train,jsn_predicted,heuristic,jsn_predicted_success
9500410R,train,jsn_predicted,heuristic,jsn_predicted_success
9502727R,train,jsn_predicted,heuristic,jsn_predicted_success
9502938L,train,jsn_predicted,heuristic,jsn_predicted_success
9504056L,train,jsn_predicted,heuristic,jsn_predicted_success
9504056R,train,jsn_predicted,heuristic,jsn_predicted_success
9505140L,train,jsn_predicted,heuristic,jsn_predicted_success
9505417L,train,jsn_predicted,heuristic,jsn_predicted_success
9505417R,train,jsn_predicted,heuristic,jsn_predicted_success
9505935R,train,jsn_predicted,heuristic,jsn_predicted_success
9507296L,train,jsn_predicted,heuristic,jsn_predicted_success
9507791L,train,jsn_predicted,heuristic,jsn_predicted_success
9508003R,train,jsn_predicted,heuristic,jsn_predicted_success
9508858L,train,jsn_predicted,heuristic,jsn_predicted_success
9509294L,train,jsn_predicted,heuristic,jsn_predicted_success
9512848L,train,jsn_predicted,heuristic,jsn_predicted_success
9516844R,train,jsn_predicted,heuristic,jsn_predicted_success
9519268R,train,jsn_predicted,heuristic,jsn_predicted_success
9522950R,train,jsn_predicted,heuristic,jsn_predicted_success
9523022L,train,jsn_predicted,heuristic,jsn_predicted_success
9523022R,train,jsn_predicted,heuristic,jsn_predicted_success
9523138L,train,jsn_predicted,heuristic,jsn_predicted_success
9523138R,train,jsn_predicted,heuristic,jsn_predicted_success
9523947L,train,jsn_predicted,heuristic,jsn_predicted_success
9524744L,train,jsn_predicted,heuristic,jsn_predicted_success
9527520L,train,jsn_predicted,heuristic,jsn_predicted_success
9527520R,train,jsn_predicted,heuristic,jsn_predicted_success
9528034L,train,jsn_predicted,heuristic,jsn_predicted_success
9528258R,train,jsn_predicted,heuristic,jsn_predicted_success
9530377R,train,jsn_predicted,heuristic,jsn_predicted_success
9531454R,train,jsn_predicted,heuristic,jsn_predicted_success
9532617R,train,jsn_predicted,heuristic,jsn_predicted_success
9532902R,train,jsn_predicted,heuristic,jsn_predicted_success
9534036R,train,jsn_predicted,heuristic,jsn_predicted_success
9534908R,train,jsn_predicted,heuristic,jsn_predicted_success
9535191R,train,jsn_predicted,heuristic,jsn_predicted_success
9536410R,train,jsn_predicted,heuristic,jsn_predicted_success
9538890R,train,jsn_predicted,heuristic,jsn_predicted_success
9540125R,train,jsn_predicted,heuristic,jsn_predicted_success
9544698L,train,jsn_predicted,heuristic,jsn_predicted_success
9544698R,train,jsn_predicted,heuristic,jsn_predicted_success
9547360R,train,jsn_predicted,heuristic,jsn_predicted_success
9548815L,train,jsn_predicted,heuristic,jsn_predicted_success
9549669R,train,jsn_predicted,heuristic,jsn_predicted_success
9551114R,train,jsn_predicted,heuristic,jsn_predicted_success
9552043L,train,jsn_predicted,heuristic,jsn_predicted_success
9552043R,train,jsn_predicted,heuristic,jsn_predicted_success
9554126L,train,jsn_predicted,heuristic,jsn_predicted_success
9554126R,train,jsn_predicted,heuristic,jsn_predicted_success
9554395L,train,jsn_predicted,heuristic,jsn_predicted_success
9557040L,train,jsn_predicted,heuristic,jsn_predicted_success
9558611L,train,jsn_predicted,heuristic,jsn_predicted_success
9559375L,train,jsn_predicted,heuristic,jsn_predicted_success
9561576L,train,jsn_predicted,heuristic,jsn_predicted_success
9561576R,train,jsn_predicted,heuristic,jsn_predicted_success
9563176R,train,jsn_predicted,heuristic,jsn_predicted_success
9564280L,train,jsn_predicted,heuristic,jsn_predicted_success
9564280R,train,jsn_predicted,heuristic,jsn_predicted_success
9564520R,train,jsn_predicted,heuristic,jsn_predicted_success
9565007R,train,jsn_predicted,heuristic,jsn_predicted_success
9566181L,train,jsn_predicted,heuristic,jsn_predicted_success
9566233L,train,jsn_predicted,heuristic,jsn_predicted_success
9566429R,train,jsn_predicted,heuristic,jsn_predicted_success
9566632R,train,jsn_predicted,heuristic,jsn_predicted_success
9566940L,train,jsn_predicted,heuristic,jsn_predicted_success
9566940R,train,jsn_predicted,heuristic,jsn_predicted_success
9567019R,train,jsn_predicted,heuristic,jsn_predicted_success
9568618R,train,jsn_predicted,heuristic,jsn_predicted_success
9568696L,train,jsn_predicted,heuristic,jsn_predicted_success
9568696R,train,jsn_predicted,heuristic,jsn_predicted_success
9569430L,train,jsn_predicted,heuristic,jsn_predicted_success
9569715L,train,jsn_predicted,heuristic,jsn_predicted_success
9573946R,train,jsn_predicted,heuristic,jsn_predicted_success
9574138L,train,jsn_predicted,heuristic,jsn_predicted_success
9574138R,train,jsn_predicted,heuristic,jsn_predicted_success
9574236L,train,jsn_predicted,heuristic,jsn_predicted_success
9576182R,train,jsn_predicted,heuristic,jsn_predicted_success
9581241R,train,jsn_predicted,heuristic,jsn_predicted_success
9581712L,train,jsn_predicted,heuristic,jsn_predicted_success
9581915R,train,jsn_predicted,heuristic,jsn_predicted_success
9583994L,train,jsn_predicted,heuristic,jsn_predicted_success
9583994R,train,jsn_predicted,heuristic,jsn_predicted_success
9584690R,train,jsn_predicted,heuristic,jsn_predicted_success
9584990L,train,jsn_predicted,heuristic,jsn_predicted_success
9585175L,train,jsn_predicted,heuristic,jsn_predicted_success
9585175R,train,jsn_predicted,heuristic,jsn_predicted_success
9586227L,train,jsn_predicted,heuristic,jsn_predicted_success
9590145R,train,jsn_predicted,heuristic,jsn_predicted_success
9593719R,train,jsn_predicted,heuristic,jsn_predicted_success
9595607L,train,jsn_predicted,heuristic,jsn_predicted_success
9595607R,train,jsn_predicted,heuristic,jsn_predicted_success
9596422L,train,jsn_predicted,heuristic,jsn_predicted_success
9597688R,train,jsn_predicted,heuristic,jsn_predicted_success
9597903L,train,jsn_predicted,heuristic,jsn_predicted_success
9599243R,train,jsn_predicted,heuristic,jsn_predicted_success
9601162L,train,jsn_predicted,heuristic,jsn_predicted_success
9602668R,train,jsn_predicted,heuristic,jsn_predicted_success
9606177L,train,jsn_predicted,heuristic,jsn_predicted_success
9606711R,train,jsn_predicted,heuristic,jsn_predicted_success
9607213L,train,jsn_predicted,heuristic,jsn_predicted_success
9607213R,train,jsn_predicted,heuristic,jsn_predicted_success
9608452R,train,jsn_predicted,heuristic,jsn_predicted_success
9608695L,train,jsn_predicted,heuristic,jsn_predicted_success
9609732R,train,jsn_predicted,heuristic,jsn_predicted_success
9611257R,train,jsn_predicted,heuristic,jsn_predicted_success
9611953L,train,jsn_predicted,heuristic,jsn_predicted_success
9613237R,train,jsn_predicted,heuristic,jsn_predicted_success
9614515R,train,jsn_predicted,heuristic,jsn_predicted_success
9615630L,train,jsn_predicted,heuristic,jsn_predicted_success
9615630R,train,jsn_predicted,heuristic,jsn_predicted_success
9619216R,train,jsn_predicted,heuristic,jsn_predicted_success
9619662L,train,jsn_predicted,heuristic,jsn_predicted_success
9621198R,train,jsn_predicted,heuristic,jsn_predicted_success
9621208R,train,jsn_predicted,heuristic,jsn_predicted_success
9621650R,train,jsn_predicted,heuristic,jsn_predicted_success
9621716R,train,jsn_predicted,heuristic,jsn_predicted_success
9621729L,train,jsn_predicted,heuristic,jsn_predicted_success
9621729R,train,jsn_predicted,heuristic,jsn_predicted_success
9622390L,train,jsn_predicted,heuristic,jsn_predicted_success
9624154L,train,jsn_predicted,heuristic,jsn_predicted_success
9624202R,train,jsn_predicted,heuristic,jsn_predicted_success
9626098L,train,jsn_predicted,heuristic,jsn_predicted_success
9626197R,train,jsn_predicted,heuristic,jsn_predicted_success
9628393R,train,jsn_predicted,heuristic,jsn_predicted_success
9628616L,train,jsn_predicted,heuristic,jsn_predicted_success
9630153L,train,jsn_predicted,heuristic,jsn_predicted_success
9630423L,train,jsn_predicted,heuristic,jsn_predicted_success
9631713L,train,jsn_predicted,heuristic,jsn_predicted_success
9633580L,train,jsn_predicted,heuristic,jsn_predicted_success
9633861R,train,jsn_predicted,heuristic,jsn_predicted_success
9634064R,train,jsn_predicted,heuristic,jsn_predicted_success
9634690L,train,jsn_predicted,heuristic,jsn_predicted_success
9634937R,train,jsn_predicted,heuristic,jsn_predicted_success
9635414R,train,jsn_predicted,heuristic,jsn_predicted_success
9635581L,train,jsn_predicted,heuristic,jsn_predicted_success
9641083L,train,jsn_predicted,heuristic,jsn_predicted_success
9642894R,train,jsn_predicted,heuristic,jsn_predicted_success
9644707L,train,jsn_predicted,heuristic,jsn_predicted_success
9645116L,train,jsn_predicted,heuristic,jsn_predicted_success
9645577R,train,jsn_predicted,heuristic,jsn_predicted_success
9645958R,train,jsn_predicted,heuristic,jsn_predicted_success
9646127L,train,jsn_predicted,heuristic,jsn_predicted_success
9646687L,train,jsn_predicted,heuristic,jsn_predicted_success
9646687R,train,jsn_predicted,heuristic,jsn_predicted_success
9646917L,train,jsn_predicted,heuristic,jsn_predicted_success
9646917R,train,jsn_predicted,heuristic,jsn_predicted_success
9647703R,train,jsn_predicted,heuristic,jsn_predicted_success
9647913L,train,jsn_predicted,heuristic,jsn_predicted_success
9648234R,train,jsn_predicted,heuristic,jsn_predicted_success
9651214L,train,jsn_predicted,heuristic,jsn_predicted_success
9651895R,train,jsn_predicted,heuristic,jsn_predicted_success
9652894L,train,jsn_predicted,heuristic,jsn_predicted_success
9653075L,train,jsn_predicted,heuristic,jsn_predicted_success
9653152L,train,jsn_predicted,heuristic,jsn_predicted_success
9653221L,train,jsn_predicted,heuristic,jsn_predicted_success
9653659L,train,jsn_predicted,heuristic,jsn_predicted_success
9656390R,train,jsn_predicted,heuristic,jsn_predicted_success
9657654R,train,jsn_predicted,heuristic,jsn_predicted_success
9657917L,train,jsn_predicted,heuristic,jsn_predicted_success
9657917R,train,jsn_predicted,heuristic,jsn_predicted_success
9658152R,train,jsn_predicted,heuristic,jsn_predicted_success
9658923L,train,jsn_predicted,heuristic,jsn_predicted_success
9658955L,train,jsn_predicted,heuristic,jsn_predicted_success
9658955R,train,jsn_predicted,heuristic,jsn_predicted_success
9659659L,train,jsn_predicted,heuristic,jsn_predicted_success
9662112R,train,jsn_predicted,heuristic,jsn_predicted_success
9662427L,train,jsn_predicted,heuristic,jsn_predicted_success
9665672L,train,jsn_predicted,heuristic,jsn_predicted_success
9665973L,train,jsn_predicted,heuristic,jsn_predicted_success
9666175R,train,jsn_predicted,heuristic,jsn_predicted_success
9667253L,train,jsn_predicted,heuristic,jsn_predicted_success
9667694L,train,jsn_predicted,heuristic,jsn_predicted_success
9668126L,train,jsn_predicted,heuristic,jsn_predicted_success
9668271R,train,jsn_predicted,heuristic,jsn_predicted_success
9670700L,train,jsn_predicted,heuristic,jsn_predicted_success
9670760R,train,jsn_predicted,heuristic,jsn_predicted_success
9674454R,train,jsn_predicted,heuristic,jsn_predicted_success
9676041R,train,jsn_predicted,heuristic,jsn_predicted_success
9676996R,train,jsn_predicted,heuristic,jsn_predicted_success
9677734L,train,jsn_predicted,heuristic,jsn_predicted_success
9677734R,train,jsn_predicted,heuristic,jsn_predicted_success
9680194R,train,jsn_predicted,heuristic,jsn_predicted_success
9681113L,train,jsn_predicted,heuristic,jsn_predicted_success
9683704R,train,jsn_predicted,heuristic,jsn_predicted_success
9684211L,train,jsn_predicted,heuristic,jsn_predicted_success
9686777L,train,jsn_predicted,heuristic,jsn_predicted_success
9689083R,train,jsn_predicted,heuristic,jsn_predicted_success
9689906L,train,jsn_predicted,heuristic,jsn_predicted_success
9690331L,train,jsn_predicted,heuristic,jsn_predicted_success
9690331R,train,jsn_predicted,heuristic,jsn_predicted_success
9692417L,train,jsn_predicted,heuristic,jsn_predicted_success
9692923L,train,jsn_predicted,heuristic,jsn_predicted_success
9695111R,train,jsn_predicted,heuristic,jsn_predicted_success
9695430R,train,jsn_predicted,heuristic,jsn_predicted_success
9695621R,train,jsn_predicted,heuristic,jsn_predicted_success
9697342L,train,jsn_predicted,heuristic,jsn_predicted_success
9697342R,train,jsn_predicted,heuristic,jsn_predicted_success
9697466L,train,jsn_predicted,heuristic,jsn_predicted_success
9697466R,train,jsn_predicted,heuristic,jsn_predicted_success
9700163L,train,jsn_predicted,heuristic,jsn_predicted_success
9702463L,train,jsn_predicted,heuristic,jsn_predicted_success
9702463R,train,jsn_predicted,heuristic,jsn_predicted_success
9703327R,train,jsn_predicted,heuristic,jsn_predicted_success
9706983L,train,jsn_predicted,heuristic,jsn_predicted_success
9708289L,train,jsn_predicted,heuristic,jsn_predicted_success
9708647L,train,jsn_predicted,heuristic,jsn_predicted_success
9709444R,train,jsn_predicted,heuristic,jsn_predicted_success
9709906L,train,jsn_predicted,heuristic,jsn_predicted_success
9709990L,train,jsn_predicted,heuristic,jsn_predicted_success
9709990R,train,jsn_predicted,heuristic,jsn_predicted_success
9710912L,train,jsn_predicted,heuristic,jsn_predicted_success
9710912R,train,jsn_predicted,heuristic,jsn_predicted_success
9712471L,train,jsn_predicted,heuristic,jsn_predicted_success
9712762L,train,jsn_predicted,heuristic,jsn_predicted_success
9713153L,train,jsn_predicted,heuristic,jsn_predicted_success
9713904L,train,jsn_predicted,heuristic,jsn_predicted_success
9714465L,train,jsn_predicted,heuristic,jsn_predicted_success
9714465R,train,jsn_predicted,heuristic,jsn_predicted_success
9714513R,train,jsn_predicted,heuristic,jsn_predicted_success
9715892R,train,jsn_predicted,heuristic,jsn_predicted_success
9716412L,train,jsn_predicted,heuristic,jsn_predicted_success
9716478L,train,jsn_predicted,heuristic,jsn_predicted_success
9716478R,train,jsn_predicted,heuristic,jsn_predicted_success
9717730L,train,jsn_predicted,heuristic,jsn_predicted_success
9717730R,train,jsn_predicted,heuristic,jsn_predicted_success
9718881L,train,jsn_predicted,heuristic,jsn_predicted_success
9718951L,train,jsn_predicted,heuristic,jsn_predicted_success
9718951R,train,jsn_predicted,heuristic,jsn_predicted_success
9722408L,train,jsn_predicted,heuristic,jsn_predicted_success
9722408R,train,jsn_predicted,heuristic,jsn_predicted_success
9723575R,train,jsn_predicted,heuristic,jsn_predicted_success
9725081R,train,jsn_predicted,heuristic,jsn_predicted_success
9727207L,train,jsn_predicted,heuristic,jsn_predicted_success
9728546L,train,jsn_predicted,heuristic,jsn_predicted_success
9729094R,train,jsn_predicted,heuristic,jsn_predicted_success
9730488R,train,jsn_predicted,heuristic,jsn_predicted_success
9732525L,train,jsn_predicted,heuristic,jsn_predicted_success
9735538L,train,jsn_predicted,heuristic,jsn_predicted_success
9735538R,train,jsn_predicted,heuristic,jsn_predicted_success
9737302R,train,jsn_predicted,heuristic,jsn_predicted_success
9738547L,train,jsn_predicted,heuristic,jsn_predicted_success
9738547R,train,jsn_predicted,heuristic,jsn_predicted_success
9739273R,train,jsn_predicted,heuristic,jsn_predicted_success
9739540L,train,jsn_predicted,heuristic,jsn_predicted_success
9739711L,train,jsn_predicted,heuristic,jsn_predicted_success
9739820L,train,jsn_predicted,heuristic,jsn_predicted_success
9739820R,train,jsn_predicted,heuristic,jsn_predicted_success
9743577R,train,jsn_predicted,heuristic,jsn_predicted_success
9744584R,train,jsn_predicted,heuristic,jsn_predicted_success
9745458L,train,jsn_predicted,heuristic,jsn_predicted_success
9745853L,train,jsn_predicted,heuristic,jsn_predicted_success
9746090L,train,jsn_predicted,heuristic,jsn_predicted_success
9748587L,train,jsn_predicted,heuristic,jsn_predicted_success
9750072L,train,jsn_predicted,heuristic,jsn_predicted_success
9750072R,train,jsn_predicted,heuristic,jsn_predicted_success
9750582L,train,jsn_predicted,heuristic,jsn_predicted_success
9752412L,train,jsn_predicted,heuristic,jsn_predicted_success
9753414L,train,jsn_predicted,heuristic,jsn_predicted_success
9753580L,train,jsn_predicted,heuristic,jsn_predicted_success
9753894L,train,jsn_predicted,heuristic,jsn_predicted_success
9753894R,train,jsn_predicted,heuristic,jsn_predicted_success
9762454L,train,jsn_predicted,heuristic,jsn_predicted_success
9762454R,train,jsn_predicted,heuristic,jsn_predicted_success
9762973R,train,jsn_predicted,heuristic,jsn_predicted_success
9763603L,train,jsn_predicted,heuristic,jsn_predicted_success
9763603R,train,jsn_predicted,heuristic,jsn_predicted_success
9764454L,train,jsn_predicted,heuristic,jsn_predicted_success
9764936L,train,jsn_predicted,heuristic,jsn_predicted_success
9764936R,train,jsn_predicted,heuristic,jsn_predicted_success
9764947L,train,jsn_predicted,heuristic,jsn_predicted_success
9765203L,train,jsn_predicted,heuristic,jsn_predicted_success
9765203R,train,jsn_predicted,heuristic,jsn_predicted_success
9765432R,train,jsn_predicted,heuristic,jsn_predicted_success
9766202L,train,jsn_predicted,heuristic,jsn_predicted_success
9767446R,train,jsn_predicted,heuristic,jsn_predicted_success
9767980L,train,jsn_predicted,heuristic,jsn_predicted_success
9768869L,train,jsn_predicted,heuristic,jsn_predicted_success
9771214L,train,jsn_predicted,heuristic,jsn_predicted_success
9771727R,train,jsn_predicted,heuristic,jsn_predicted_success
9772736L,train,jsn_predicted,heuristic,jsn_predicted_success
9772736R,train,jsn_predicted,heuristic,jsn_predicted_success
9775009L,train,jsn_predicted,heuristic,jsn_predicted_success
9775009R,train,jsn_predicted,heuristic,jsn_predicted_success
9777014R,train,jsn_predicted,heuristic,jsn_predicted_success
9777033R,train,jsn_predicted,heuristic,jsn_predicted_success
9777777L,train,jsn_predicted,heuristic,jsn_predicted_success
9780275L,train,jsn_predicted,heuristic,jsn_predicted_success
9780275R,train,jsn_predicted,heuristic,jsn_predicted_success
9780584L,train,jsn_predicted,heuristic,jsn_predicted_success
9780584R,train,jsn_predicted,heuristic,jsn_predicted_success
9781154L,train,jsn_predicted,heuristic,jsn_predicted_success
9781154R,train,jsn_predicted,heuristic,jsn_predicted_success
9781279R,train,jsn_predicted,heuristic,jsn_predicted_success
9781749L,train,jsn_predicted,heuristic,jsn_predicted_success
9781796L,train,jsn_predicted,heuristic,jsn_predicted_success
9784170L,train,jsn_predicted,heuristic,jsn_predicted_success
9785185L,train,jsn_predicted,heuristic,jsn_predicted_success
9786191L,train,jsn_predicted,heuristic,jsn_predicted_success
9787576R,train,jsn_predicted,heuristic,jsn_predicted_success
9788507L,train,jsn_predicted,heuristic,jsn_predicted_success
9789095L,train,jsn_predicted,heuristic,jsn_predicted_success
9791110L,train,jsn_predicted,heuristic,jsn_predicted_success
9791110R,train,jsn_predicted,heuristic,jsn_predicted_success
9792220L,train,jsn_predicted,heuristic,jsn_predicted_success
9792220R,train,jsn_predicted,heuristic,jsn_predicted_success
9792535L,train,jsn_predicted,heuristic,jsn_predicted_success
9792535R,train,jsn_predicted,heuristic,jsn_predicted_success
9792833L,train,jsn_predicted,heuristic,jsn_predicted_success
9793168L,train,jsn_predicted,heuristic,jsn_predicted_success
9793168R,train,jsn_predicted,heuristic,jsn_predicted_success
9793543R,train,jsn_predicted,heuristic,jsn_predicted_success
9793657L,train,jsn_predicted,heuristic,jsn_predicted_success
9793657R,train,jsn_predicted,heuristic,jsn_predicted_success
9793680R,train,jsn_predicted,heuristic,jsn_predicted_success
9793882L,train,jsn_predicted,heuristic,jsn_predicted_success
9793882R,train,jsn_predicted,heuristic,jsn_predicted_success
9795559R,train,jsn_predicted,heuristic,jsn_predicted_success
9797641L,train,jsn_predicted,heuristic,jsn_predicted_success
9800098R,train,jsn_predicted,heuristic,jsn_predicted_success
9800285L,train,jsn_predicted,heuristic,jsn_predicted_success
9800677R,train,jsn_predicted,heuristic,jsn_predicted_success
9802170L,train,jsn_predicted,heuristic,jsn_predicted_success
9803586R,train,jsn_predicted,heuristic,jsn_predicted_success
9803881L,train,jsn_predicted,heuristic,jsn_predicted_success
9803881R,train,jsn_predicted,heuristic,jsn_predicted_success
9806459L,train,jsn_predicted,heuristic,jsn_predicted_success
9806459R,train,jsn_predicted,heuristic,jsn_predicted_success
9807724L,train,jsn_predicted,heuristic,jsn_predicted_success
9807724R,train,jsn_predicted,heuristic,jsn_predicted_success
9808600L,train,jsn_predicted,heuristic,jsn_predicted_success
9808818R,train,jsn_predicted,heuristic,jsn_predicted_success
9810742R,train,jsn_predicted,heuristic,jsn_predicted_success
9811940R,train,jsn_predicted,heuristic,jsn_predicted_success
9811971L,train,jsn_predicted,heuristic,jsn_predicted_success
9815358L,train,jsn_predicted,heuristic,jsn_predicted_success
9816968R,train,jsn_predicted,heuristic,jsn_predicted_success
9820245R,train,jsn_predicted,heuristic,jsn_predicted_success
9820271R,train,jsn_predicted,heuristic,jsn_predicted_success
9820479R,train,jsn_predicted,heuristic,jsn_predicted_success
9821480L,train,jsn_predicted,heuristic,jsn_predicted_success
9821480R,train,jsn_predicted,heuristic,jsn_predicted_success
9821872L,train,jsn_predicted,heuristic,jsn_predicted_success
9822877R,train,jsn_predicted,heuristic,jsn_predicted_success
9823388R,train,jsn_predicted,heuristic,jsn_predicted_success
9824274R,train,jsn_predicted,heuristic,jsn_predicted_success
9825707R,train,jsn_predicted,heuristic,jsn_predicted_success
9825783L,train,jsn_predicted,heuristic,jsn_predicted_success
9826718L,train,jsn_predicted,heuristic,jsn_predicted_success
9826718R,train,jsn_predicted,heuristic,jsn_predicted_success
9833782L,train,jsn_predicted,heuristic,jsn_predicted_success
9834325R,train,jsn_predicted,heuristic,jsn_predicted_success
9835784L,train,jsn_predicted,heuristic,jsn_predicted_success
9835784R,train,jsn_predicted,heuristic,jsn_predicted_success
9835852L,train,jsn_predicted,heuristic,jsn_predicted_success
9836330R,train,jsn_predicted,heuristic,jsn_predicted_success
9836853R,train,jsn_predicted,heuristic,jsn_predicted_success
9837987R,train,jsn_predicted,heuristic,jsn_predicted_success
9840817R,train,jsn_predicted,heuristic,jsn_predicted_success
9844581R,train,jsn_predicted,heuristic,jsn_predicted_success
9845238L,train,jsn_predicted,heuristic,jsn_predicted_success
9846831L,train,jsn_predicted,heuristic,jsn_predicted_success
9849372L,train,jsn_predicted,heuristic,jsn_predicted_success
9853562R,train,jsn_predicted,heuristic,jsn_predicted_success
9855149L,train,jsn_predicted,heuristic,jsn_predicted_success
9856356R,train,jsn_predicted,heuristic,jsn_predicted_success
9859361L,train,jsn_predicted,heuristic,jsn_predicted_success
9860356L,train,jsn_predicted,heuristic,jsn_predicted_success
9860552L,train,jsn_predicted,heuristic,jsn_predicted_success
9860552R,train,jsn_predicted,heuristic,jsn_predicted_success
9860637R,train,jsn_predicted,heuristic,jsn_predicted_success
9860831R,train,jsn_predicted,heuristic,jsn_predicted_success
9861303R,train,jsn_predicted,heuristic,jsn_predicted_success
9861824R,train,jsn_predicted,heuristic,jsn_predicted_success
9866765R,train,jsn_predicted,heuristic,jsn_predicted_success
9871240L,train,jsn_predicted,heuristic,jsn_predicted_success
9871240R,train,jsn_predicted,heuristic,jsn_predicted_success
9871347R,train,jsn_predicted,heuristic,jsn_predicted_success
9871807L,train,jsn_predicted,heuristic,jsn_predicted_success
9871807R,train,jsn_predicted,heuristic,jsn_predicted_success
9872010L,train,jsn_predicted,heuristic,jsn_predicted_success
9872010R,train,jsn_predicted,heuristic,jsn_predicted_success
9872241L,train,jsn_predicted,heuristic,jsn_predicted_success
9872828L,train,jsn_predicted,heuristic,jsn_predicted_success
9873823R,train,jsn_predicted,heuristic,jsn_predicted_success
9874784R,train,jsn_predicted,heuristic,jsn_predicted_success
9875724L,train,jsn_predicted,heuristic,jsn_predicted_success
9875724R,train,jsn_predicted,heuristic,jsn_predicted_success
9875794L,train,jsn_predicted,heuristic,jsn_predicted_success
9877252L,train,jsn_predicted,heuristic,jsn_predicted_success
9877252R,train,jsn_predicted,heuristic,jsn_predicted_success
9880794L,train,jsn_predicted,heuristic,jsn_predicted_success
9882326R,train,jsn_predicted,heuristic,jsn_predicted_success
9883539L,train,jsn_predicted,heuristic,jsn_predicted_success
9883715R,train,jsn_predicted,heuristic,jsn_predicted_success
9884303R,train,jsn_predicted,heuristic,jsn_predicted_success
9884320L,train,jsn_predicted,heuristic,jsn_predicted_success
9884320R,train,jsn_predicted,heuristic,jsn_predicted_success
9886047R,train,jsn_predicted,heuristic,jsn_predicted_success
9887094L,train,jsn_predicted,heuristic,jsn_predicted_success
9887310L,train,jsn_predicted,heuristic,jsn_predicted_success
9888515R,train,jsn_predicted,heuristic,jsn_predicted_success
9890238R,train,jsn_predicted,heuristic,jsn_predicted_success
9891264L,train,jsn_predicted,heuristic,jsn_predicted_success
9893182R,train,jsn_predicted,heuristic,jsn_predicted_success
9893482L,train,jsn_predicted,heuristic,jsn_predicted_success
9894047R,train,jsn_predicted,heuristic,jsn_predicted_success
9894184L,train,jsn_predicted,heuristic,jsn_predicted_success
9895750L,train,jsn_predicted,heuristic,jsn_predicted_success
9898404L,train,jsn_predicted,heuristic,jsn_predicted_success
9898404R,train,jsn_predicted,heuristic,jsn_predicted_success
9898669L,train,jsn_predicted,heuristic,jsn_predicted_success
9898669R,train,jsn_predicted,heuristic,jsn_predicted_success
9898745R,train,jsn_predicted,heuristic,jsn_predicted_success
9900668L,train,jsn_predicted,heuristic,jsn_predicted_success
9900761L,train,jsn_predicted,heuristic,jsn_predicted_success
9902757L,train,jsn_predicted,heuristic,jsn_predicted_success
9902772R,train,jsn_predicted,heuristic,jsn_predicted_success
9903020R,train,jsn_predicted,heuristic,jsn_predicted_success
9906027L,train,jsn_predicted,heuristic,jsn_predicted_success
9906027R,train,jsn_predicted,heuristic,jsn_predicted_success
9907090R,train,jsn_predicted,heuristic,jsn_predicted_success
9907282L,train,jsn_predicted,heuristic,jsn_predicted_success
9907767L,train,jsn_predicted,heuristic,jsn_predicted_success
9907800L,train,jsn_predicted,heuristic,jsn_predicted_success
9907800R,train,jsn_predicted,heuristic,jsn_predicted_success
9907998L,train,jsn_predicted,heuristic,jsn_predicted_success
9909773L,train,jsn_predicted,heuristic,jsn_predicted_success
9909773R,train,jsn_predicted,heuristic,jsn_predicted_success
9910268R,train,jsn_predicted,heuristic,jsn_predicted_success
9911265R,train,jsn_predicted,heuristic,jsn_predicted_success
9913281R,train,jsn_predicted,heuristic,jsn_predicted_success
9913323L,train,jsn_predicted,heuristic,jsn_predicted_success
9913323R,train,jsn_predicted,heuristic,jsn_predicted_success
9914317L,train,jsn_predicted,heuristic,jsn_predicted_success
9914317R,train,jsn_predicted,heuristic,jsn_predicted_success
9915677L,train,jsn_predicted,heuristic,jsn_predicted_success
9915677R,train,jsn_predicted,heuristic,jsn_predicted_success
9916319L,train,jsn_predicted,heuristic,jsn_predicted_success
9916496R,train,jsn_predicted,heuristic,jsn_predicted_success
9917505R,train,jsn_predicted,heuristic,jsn_predicted_success
9920168R,train,jsn_predicted,heuristic,jsn_predicted_success
9921353L,train,jsn_predicted,heuristic,jsn_predicted_success
9923601L,train,jsn_predicted,heuristic,jsn_predicted_success
9923601R,train,jsn_predicted,heuristic,jsn_predicted_success
9926617R,train,jsn_predicted,heuristic,jsn_predicted_success
9927054L,train,jsn_predicted,heuristic,jsn_predicted_success
9927054R,train,jsn_predicted,heuristic,jsn_predicted_success
9928319R,train,jsn_predicted,heuristic,jsn_predicted_success
9930863R,train,jsn_predicted,heuristic,jsn_predicted_success
9935307R,train,jsn_predicted,heuristic,jsn_predicted_success
9935448L,train,jsn_predicted,heuristic,jsn_predicted_success
9935448R,train,jsn_predicted,heuristic,jsn_predicted_success
9936238L,train,jsn_predicted,heuristic,jsn_predicted_success
9936238R,train,jsn_predicted,heuristic,jsn_predicted_success
9939547R,train,jsn_predicted,heuristic,jsn_predicted_success
9942724L,train,jsn_predicted,heuristic,jsn_predicted_success
9942724R,train,jsn_predicted,heuristic,jsn_predicted_success
9943227L,train,jsn_predicted,heuristic,jsn_predicted_success
9948016L,train,jsn_predicted,heuristic,jsn_predicted_success
9949321L,train,jsn_predicted,heuristic,jsn_predicted_success
9950688R,train,jsn_predicted,heuristic,jsn_predicted_success
9951775L,train,jsn_predicted,heuristic,jsn_predicted_success
9951775R,train,jsn_predicted,heuristic,jsn_predicted_success
9951821R,train,jsn_predicted,heuristic,jsn_predicted_success
9952273R,train,jsn_predicted,heuristic,jsn_predicted_success
9953302L,train,jsn_predicted,heuristic,jsn_predicted_success
9953302R,train,jsn_predicted,heuristic,jsn_predicted_success
9954937R,train,jsn_predicted,heuristic,jsn_predicted_success
9956822L,train,jsn_predicted,heuristic,jsn_predicted_success
9956822R,train,jsn_predicted,heuristic,jsn_predicted_success
9957519L,train,jsn_predicted,heuristic,jsn_predicted_success
9957519R,train,jsn_predicted,heuristic,jsn_predicted_success
9960949L,train,jsn_predicted,heuristic,jsn_predicted_success
9960949R,train,jsn_predicted,heuristic,jsn_predicted_success
9961728L,train,jsn_predicted,heuristic,jsn_predicted_success
9964232L,train,jsn_predicted,heuristic,jsn_predicted_success
9964777L,train,jsn_predicted,heuristic,jsn_predicted_success
9964777R,train,jsn_predicted,heuristic,jsn_predicted_success
9966213L,train,jsn_predicted,heuristic,jsn_predicted_success
9966213R,train,jsn_predicted,heuristic,jsn_predicted_success
9969009R,train,jsn_predicted,heuristic,jsn_predicted_success
9970477L,train,jsn_predicted,heuristic,jsn_predicted_success
9970477R,train,jsn_predicted,heuristic,jsn_predicted_success
9971531L,train,jsn_predicted,heuristic,jsn_predicted_success
9973322L,train,jsn_predicted,heuristic,jsn_predicted_success
9973569L,train,jsn_predicted,heuristic,jsn_predicted_success
9973722L,train,jsn_predicted,heuristic,jsn_predicted_success
9973722R,train,jsn_predicted,heuristic,jsn_predicted_success
9974855L,train,jsn_predicted,heuristic,jsn_predicted_success
9974855R,train,jsn_predicted,heuristic,jsn_predicted_success
9975778L,train,jsn_predicted,heuristic,jsn_predicted_success
9975778R,train,jsn_predicted,heuristic,jsn_predicted_success
9976207L,train,jsn_predicted,heuristic,jsn_predicted_success
9976207R,train,jsn_predicted,heuristic,jsn_predicted_success
9977706L,train,jsn_predicted,heuristic,jsn_predicted_success
9977706R,train,jsn_predicted,heuristic,jsn_predicted_success
9981798L,train,jsn_predicted,heuristic,jsn_predicted_success
9981798R,train,jsn_predicted,heuristic,jsn_predicted_success
9982186R,train,jsn_predicted,heuristic,jsn_predicted_success
9984485L,train,jsn_predicted,heuristic,jsn_predicted_success
9985803R,train,jsn_predicted,heuristic,jsn_predicted_success
9988820L,train,jsn_predicted,heuristic,jsn_predicted_success
9988891L,train,jsn_predicted,heuristic,jsn_predicted_success
9990072L,train,jsn_predicted,heuristic,jsn_predicted_success
9990072R,train,jsn_predicted,heuristic,jsn_predicted_success
9990698R,train,jsn_predicted,heuristic,jsn_predicted_success
9992756L,train,jsn_predicted,heuristic,jsn_predicted_success
9993261L,train,jsn_predicted,heuristic,jsn_predicted_success
9996345R,train,jsn_predicted,heuristic,jsn_predicted_success
9999510R,train,jsn_predicted,heuristic,jsn_predicted_success
9999878L,train,jsn_predicted,heuristic,jsn_predicted_success
9057976R,train,jsn_predicted,heuristic,jsn_predicted_success
9058692L,train,jsn_predicted,heuristic,jsn_predicted_success
9058692R,train,jsn_predicted,heuristic,jsn_predicted_success
9058960R,train,jsn_predicted,heuristic,jsn_predicted_success
9059391L,train,jsn_predicted,heuristic,jsn_predicted_success
9059391R,train,jsn_predicted,heuristic,jsn_predicted_success
9060930L,train,jsn_predicted,heuristic,jsn_predicted_success
9060930R,train,jsn_predicted,heuristic,jsn_predicted_success
9061827L,train,jsn_predicted,heuristic,jsn_predicted_success
9061936L,train,jsn_predicted,heuristic,jsn_predicted_success
9061936R,train,jsn_predicted,heuristic,jsn_predicted_success
9063928R,train,jsn_predicted,heuristic,jsn_predicted_success
9063955L,train,jsn_predicted,heuristic,jsn_predicted_success
9063955R,train,jsn_predicted,heuristic,jsn_predicted_success
9064464L,train,jsn_predicted,heuristic,jsn_predicted_success
9064927L,train,jsn_predicted,heuristic,jsn_predicted_success
9064927R,train,jsn_predicted,heuristic,jsn_predicted_success
9065272R,train,jsn_predicted,heuristic,jsn_predicted_success
9065433L,train,jsn_predicted,heuristic,jsn_predicted_success
9065820L,train,jsn_predicted,heuristic,jsn_predicted_success
9065952L,train,jsn_predicted,heuristic,jsn_predicted_success
9065952R,train,jsn_predicted,heuristic,jsn_predicted_success
9066425R,train,jsn_predicted,heuristic,jsn_predicted_success
9066921L,train,jsn_predicted,heuristic,jsn_predicted_success
9067913L,train,jsn_predicted,heuristic,jsn_predicted_success
9067913R,train,jsn_predicted,heuristic,jsn_predicted_success
9068305L,train,jsn_predicted,heuristic,jsn_predicted_success
9068305R,train,jsn_predicted,heuristic,jsn_predicted_success
9068894R,train,jsn_predicted,heuristic,jsn_predicted_success
9069117L,train,jsn_predicted,heuristic,jsn_predicted_success
9069117R,train,jsn_predicted,heuristic,jsn_predicted_success
9071463L,train,jsn_predicted,heuristic,jsn_predicted_success
9071669L,train,jsn_predicted,heuristic,jsn_predicted_success
9071669R,train,jsn_predicted,heuristic,jsn_predicted_success
9072281R,train,jsn_predicted,heuristic,jsn_predicted_success
9072646L,train,jsn_predicted,heuristic,jsn_predicted_success
9074437R,train,jsn_predicted,heuristic,jsn_predicted_success
9074878L,train,jsn_predicted,heuristic,jsn_predicted_success
9074878R,train,jsn_predicted,heuristic,jsn_predicted_success
9075418L,train,jsn_predicted,heuristic,jsn_predicted_success
9076489L,train,jsn_predicted,heuristic,jsn_predicted_success
9076489R,train,jsn_predicted,heuristic,jsn_predicted_success
9076604R,train,jsn_predicted,heuristic,jsn_predicted_success
9076879R,train,jsn_predicted,heuristic,jsn_predicted_success
9081362R,train,jsn_predicted,heuristic,jsn_predicted_success
9083113R,train,jsn_predicted,heuristic,jsn_predicted_success
9083500R,train,jsn_predicted,heuristic,jsn_predicted_success
9083898R,train,jsn_predicted,heuristic,jsn_predicted_success
9084611L,train,jsn_predicted,heuristic,jsn_predicted_success
9084611R,train,jsn_predicted,heuristic,jsn_predicted_success
9085892R,train,jsn_predicted,heuristic,jsn_predicted_success
9088414L,train,jsn_predicted,heuristic,jsn_predicted_success
9089119L,train,jsn_predicted,heuristic,jsn_predicted_success
9089119R,train,jsn_predicted,heuristic,jsn_predicted_success
9089138L,train,jsn_predicted,heuristic,jsn_predicted_success
9090740L,train,jsn_predicted,heuristic,jsn_predicted_success
9091131L,train,jsn_predicted,heuristic,jsn_predicted_success
9093108R,train,jsn_predicted,heuristic,jsn_predicted_success
9093126R,train,jsn_predicted,heuristic,jsn_predicted_success
9093244L,train,jsn_predicted,heuristic,jsn_predicted_success
9093244R,train,jsn_predicted,heuristic,jsn_predicted_success
9094865L,train,jsn_predicted,heuristic,jsn_predicted_success
9094865R,train,jsn_predicted,heuristic,jsn_predicted_success
9095865R,train,jsn_predicted,heuristic,jsn_predicted_success
9096724R,train,jsn_predicted,heuristic,jsn_predicted_success
9097409L,train,jsn_predicted,heuristic,jsn_predicted_success
9097409R,train,jsn_predicted,heuristic,jsn_predicted_success
9098882R,train,jsn_predicted,heuristic,jsn_predicted_success
9098924L,train,jsn_predicted,heuristic,jsn_predicted_success
9099961R,train,jsn_predicted,heuristic,jsn_predicted_success
9101270R,train,jsn_predicted,heuristic,jsn_predicted_success
9101854R,train,jsn_predicted,heuristic,jsn_predicted_success
9103365L,train,jsn_predicted,heuristic,jsn_predicted_success
9103365R,train,jsn_predicted,heuristic,jsn_predicted_success
9103449R,train,jsn_predicted,heuristic,jsn_predicted_success
9103642L,train,jsn_predicted,heuristic,jsn_predicted_success
9103783R,train,jsn_predicted,heuristic,jsn_predicted_success
9106688L,train,jsn_predicted,heuristic,jsn_predicted_success
9106974L,train,jsn_predicted,heuristic,jsn_predicted_success
9106974R,train,jsn_predicted,heuristic,jsn_predicted_success
9108688L,train,jsn_predicted,heuristic,jsn_predicted_success
9109062L,train,jsn_predicted,heuristic,jsn_predicted_success
9109062R,train,jsn_predicted,heuristic,jsn_predicted_success
9113414R,train,jsn_predicted,heuristic,jsn_predicted_success
9113529L,train,jsn_predicted,heuristic,jsn_predicted_success
9113529R,train,jsn_predicted,heuristic,jsn_predicted_success
9114036L,train,jsn_predicted,heuristic,jsn_predicted_success
9115525R,train,jsn_predicted,heuristic,jsn_predicted_success
9116534L,train,jsn_predicted,heuristic,jsn_predicted_success
9116754R,train,jsn_predicted,heuristic,jsn_predicted_success
9117951L,train,jsn_predicted,heuristic,jsn_predicted_success
9118061R,train,jsn_predicted,heuristic,jsn_predicted_success
9118211L,train,jsn_predicted,heuristic,jsn_predicted_success
9118211R,train,jsn_predicted,heuristic,jsn_predicted_success
9118799L,train,jsn_predicted,heuristic,jsn_predicted_success
9118799R,train,jsn_predicted,heuristic,jsn_predicted_success
9119527L,train,jsn_predicted,heuristic,jsn_predicted_success
9120941L,train,jsn_predicted,heuristic,jsn_predicted_success
9126014R,train,jsn_predicted,heuristic,jsn_predicted_success
9127484L,train,jsn_predicted,heuristic,jsn_predicted_success
9127484R,train,jsn_predicted,heuristic,jsn_predicted_success
9127864R,train,jsn_predicted,heuristic,jsn_predicted_success
9128011R,train,jsn_predicted,heuristic,jsn_predicted_success
9128923R,train,jsn_predicted,heuristic,jsn_predicted_success
9129270R,train,jsn_predicted,heuristic,jsn_predicted_success
9130641L,train,jsn_predicted,heuristic,jsn_predicted_success
9130641R,train,jsn_predicted,heuristic,jsn_predicted_success
9131969L,train,jsn_predicted,heuristic,jsn_predicted_success
9131969R,train,jsn_predicted,heuristic,jsn_predicted_success
9135752R,train,jsn_predicted,heuristic,jsn_predicted_success
9140600L,train,jsn_predicted,heuristic,jsn_predicted_success
9143312R,train,jsn_predicted,heuristic,jsn_predicted_success
9143547R,train,jsn_predicted,heuristic,jsn_predicted_success
9144057L,train,jsn_predicted,heuristic,jsn_predicted_success
9144057R,train,jsn_predicted,heuristic,jsn_predicted_success
9144896L,train,jsn_predicted,heuristic,jsn_predicted_success
9144896R,train,jsn_predicted,heuristic,jsn_predicted_success
9145384L,train,jsn_predicted,heuristic,jsn_predicted_success
9146462L,train,jsn_predicted,heuristic,jsn_predicted_success
9146545L,train,jsn_predicted,heuristic,jsn_predicted_success
9146545R,train,jsn_predicted,heuristic,jsn_predicted_success
9146709L,train,jsn_predicted,heuristic,jsn_predicted_success
9146709R,train,jsn_predicted,heuristic,jsn_predicted_success
9148300R,train,jsn_predicted,heuristic,jsn_predicted_success
9149367L,train,jsn_predicted,heuristic,jsn_predicted_success
9149367R,train,jsn_predicted,heuristic,jsn_predicted_success
9150876L,train,jsn_predicted,heuristic,jsn_predicted_success
9151007L,train,jsn_predicted,heuristic,jsn_predicted_success
9151007R,train,jsn_predicted,heuristic,jsn_predicted_success
9152196L,train,jsn_predicted,heuristic,jsn_predicted_success
9154793L,train,jsn_predicted,heuristic,jsn_predicted_success
9154793R,train,jsn_predicted,heuristic,jsn_predicted_success
9155218L,train,jsn_predicted,heuristic,jsn_predicted_success
9155218R,train,jsn_predicted,heuristic,jsn_predicted_success
9155763L,train,jsn_predicted,heuristic,jsn_predicted_success
9155763R,train,jsn_predicted,heuristic,jsn_predicted_success
9156448R,train,jsn_predicted,heuristic,jsn_predicted_success
9156716L,train,jsn_predicted,heuristic,jsn_predicted_success
9156716R,train,jsn_predicted,heuristic,jsn_predicted_success
9156789L,train,jsn_predicted,heuristic,jsn_predicted_success
9156789R,train,jsn_predicted,heuristic,jsn_predicted_success
9157758R,train,jsn_predicted,heuristic,jsn_predicted_success
9159027L,train,jsn_predicted,heuristic,jsn_predicted_success
9159027R,train,jsn_predicted,heuristic,jsn_predicted_success
9159540R,train,jsn_predicted,heuristic,jsn_predicted_success
9162299L,train,jsn_predicted,heuristic,jsn_predicted_success
9167502L,train,jsn_predicted,heuristic,jsn_predicted_success
9167502R,train,jsn_predicted,heuristic,jsn_predicted_success
9168534R,train,jsn_predicted,heuristic,jsn_predicted_success
9168709L,train,jsn_predicted,heuristic,jsn_predicted_success
9168709R,train,jsn_predicted,heuristic,jsn_predicted_success
9168770R,train,jsn_predicted,heuristic,jsn_predicted_success
9169022L,train,jsn_predicted,heuristic,jsn_predicted_success
9169092L,train,jsn_predicted,heuristic,jsn_predicted_success
9169092R,train,jsn_predicted,heuristic,jsn_predicted_success
9170920L,train,jsn_predicted,heuristic,jsn_predicted_success
9170920R,train,jsn_predicted,heuristic,jsn_predicted_success
9171766L,train,jsn_predicted,heuristic,jsn_predicted_success
9171766R,train,jsn_predicted,heuristic,jsn_predicted_success
9172459R,train,jsn_predicted,heuristic,jsn_predicted_success
9173587R,train,jsn_predicted,heuristic,jsn_predicted_success
9173792L,train,jsn_predicted,heuristic,jsn_predicted_success
9176086R,train,jsn_predicted,heuristic,jsn_predicted_success
9176441L,train,jsn_predicted,heuristic,jsn_predicted_success
9176893L,train,jsn_predicted,heuristic,jsn_predicted_success
9176992R,train,jsn_predicted,heuristic,jsn_predicted_success
9178212R,train,jsn_predicted,heuristic,jsn_predicted_success
9178581R,train,jsn_predicted,heuristic,jsn_predicted_success
9178780R,train,jsn_predicted,heuristic,jsn_predicted_success
9178840R,train,jsn_predicted,heuristic,jsn_predicted_success
9178936L,train,jsn_predicted,heuristic,jsn_predicted_success
9179238L,train,jsn_predicted,heuristic,jsn_predicted_success
9179238R,train,jsn_predicted,heuristic,jsn_predicted_success
9179943L,train,jsn_predicted,heuristic,jsn_predicted_success
9179943R,train,jsn_predicted,heuristic,jsn_predicted_success
9180940L,train,jsn_predicted,heuristic,jsn_predicted_success
9180940R,train,jsn_predicted,heuristic,jsn_predicted_success
9182051L,train,jsn_predicted,heuristic,jsn_predicted_success
9182051R,train,jsn_predicted,heuristic,jsn_predicted_success
9184556R,train,jsn_predicted,heuristic,jsn_predicted_success
9187595R,train,jsn_predicted,heuristic,jsn_predicted_success
9188345L,train,jsn_predicted,heuristic,jsn_predicted_success
9188806R,train,jsn_predicted,heuristic,jsn_predicted_success
9189303L,train,jsn_predicted,heuristic,jsn_predicted_success
9189303R,train,jsn_predicted,heuristic,jsn_predicted_success
9189823R,train,jsn_predicted,heuristic,jsn_predicted_success
9189986L,train,jsn_predicted,heuristic,jsn_predicted_success
9189986R,train,jsn_predicted,heuristic,jsn_predicted_success
9191168L,train,jsn_predicted,heuristic,jsn_predicted_success
9191168R,train,jsn_predicted,heuristic,jsn_predicted_success
9192885L,train,jsn_predicted,heuristic,jsn_predicted_success
9192885R,train,jsn_predicted,heuristic,jsn_predicted_success
9193863L,train,jsn_predicted,heuristic,jsn_predicted_success
9193863R,train,jsn_predicted,heuristic,jsn_predicted_success
9195031L,train,jsn_predicted,heuristic,jsn_predicted_success
9195031R,train,jsn_predicted,heuristic,jsn_predicted_success
9196959R,train,jsn_predicted,heuristic,jsn_predicted_success
9197492R,train,jsn_predicted,heuristic,jsn_predicted_success
9199024L,train,jsn_predicted,heuristic,jsn_predicted_success
9199024R,train,jsn_predicted,heuristic,jsn_predicted_success
9200014R,train,jsn_predicted,heuristic,jsn_predicted_success
9200957R,train,jsn_predicted,heuristic,jsn_predicted_success
9202047L,train,jsn_predicted,heuristic,jsn_predicted_success
9202456R,train,jsn_predicted,heuristic,jsn_predicted_success
9203957R,train,jsn_predicted,heuristic,jsn_predicted_success
9204076L,train,jsn_predicted,heuristic,jsn_predicted_success
9204538L,train,jsn_predicted,heuristic,jsn_predicted_success
9205285L,train,jsn_predicted,heuristic,jsn_predicted_success
9205285R,train,jsn_predicted,heuristic,jsn_predicted_success
9206450R,train,jsn_predicted,heuristic,jsn_predicted_success
9206908L,train,jsn_predicted,heuristic,jsn_predicted_success
9206908R,train,jsn_predicted,heuristic,jsn_predicted_success
9207458L,train,jsn_predicted,heuristic,jsn_predicted_success
9207458R,train,jsn_predicted,heuristic,jsn_predicted_success
9209896R,train,jsn_predicted,heuristic,jsn_predicted_success
9210045R,train,jsn_predicted,heuristic,jsn_predicted_success
9210505L,train,jsn_predicted,heuristic,jsn_predicted_success
9211547L,train,jsn_predicted,heuristic,jsn_predicted_success
9212052R,train,jsn_predicted,heuristic,jsn_predicted_success
9212451L,train,jsn_predicted,heuristic,jsn_predicted_success
9212451R,train,jsn_predicted,heuristic,jsn_predicted_success
9214547L,train,jsn_predicted,heuristic,jsn_predicted_success
9217260L,train,jsn_predicted,heuristic,jsn_predicted_success
9217428L,train,jsn_predicted,heuristic,jsn_predicted_success
9217428R,train,jsn_predicted,heuristic,jsn_predicted_success
9217512R,train,jsn_predicted,heuristic,jsn_predicted_success
9217911L,train,jsn_predicted,heuristic,jsn_predicted_success
9218993L,train,jsn_predicted,heuristic,jsn_predicted_success
9218993R,train,jsn_predicted,heuristic,jsn_predicted_success
9221040L,train,jsn_predicted,heuristic,jsn_predicted_success
9222596R,train,jsn_predicted,heuristic,jsn_predicted_success
9225592R,train,jsn_predicted,heuristic,jsn_predicted_success
9225984R,train,jsn_predicted,heuristic,jsn_predicted_success
9226021L,train,jsn_predicted,heuristic,jsn_predicted_success
9226589R,train,jsn_predicted,heuristic,jsn_predicted_success
9226752L,train,jsn_predicted,heuristic,jsn_predicted_success
9229585R,train,jsn_predicted,heuristic,jsn_predicted_success
9230073L,train,jsn_predicted,heuristic,jsn_predicted_success
9233578L,train,jsn_predicted,heuristic,jsn_predicted_success
9233578R,train,jsn_predicted,heuristic,jsn_predicted_success
9234555R,train,jsn_predicted,heuristic,jsn_predicted_success
9235073L,train,jsn_predicted,heuristic,jsn_predicted_success
9235073R,train,jsn_predicted,heuristic,jsn_predicted_success
9240045L,train,jsn_predicted,heuristic,jsn_predicted_success
9240957L,train,jsn_predicted,heuristic,jsn_predicted_success
9241014R,train,jsn_predicted,heuristic,jsn_predicted_success
9242457R,train,jsn_predicted,heuristic,jsn_predicted_success
9244405L,train,jsn_predicted,heuristic,jsn_predicted_success
9244405R,train,jsn_predicted,heuristic,jsn_predicted_success
9245519L,train,jsn_predicted,heuristic,jsn_predicted_success
9246538L,train,jsn_predicted,heuristic,jsn_predicted_success
9249760L,train,jsn_predicted,heuristic,jsn_predicted_success
9249760R,train,jsn_predicted,heuristic,jsn_predicted_success
9251077L,train,jsn_predicted,heuristic,jsn_predicted_success
9251736L,train,jsn_predicted,heuristic,jsn_predicted_success
9252427R,train,jsn_predicted,heuristic,jsn_predicted_success
9252748L,train,jsn_predicted,heuristic,jsn_predicted_success
9252748R,train,jsn_predicted,heuristic,jsn_predicted_success
9252889L,train,jsn_predicted,heuristic,jsn_predicted_success
9252889R,train,jsn_predicted,heuristic,jsn_predicted_success
9253255L,train,jsn_predicted,heuristic,jsn_predicted_success
9253255R,train,jsn_predicted,heuristic,jsn_predicted_success
9253530R,train,jsn_predicted,heuristic,jsn_predicted_success
9254853R,train,jsn_predicted,heuristic,jsn_predicted_success
9255429R,train,jsn_predicted,heuristic,jsn_predicted_success
9255848L,train,jsn_predicted,heuristic,jsn_predicted_success
9255848R,train,jsn_predicted,heuristic,jsn_predicted_success
9255884R,train,jsn_predicted,heuristic,jsn_predicted_success
9256532R,train,jsn_predicted,heuristic,jsn_predicted_success
9257385L,train,jsn_predicted,heuristic,jsn_predicted_success
9257385R,train,jsn_predicted,heuristic,jsn_predicted_success
9258219R,train,jsn_predicted,heuristic,jsn_predicted_success
9258562L,train,jsn_predicted,heuristic,jsn_predicted_success
9259866R,train,jsn_predicted,heuristic,jsn_predicted_success
9262506L,train,jsn_predicted,heuristic,jsn_predicted_success
9262506R,train,jsn_predicted,heuristic,jsn_predicted_success
9263504L,train,jsn_predicted,heuristic,jsn_predicted_success
9263546L,train,jsn_predicted,heuristic,jsn_predicted_success
9263546R,train,jsn_predicted,heuristic,jsn_predicted_success
9264046R,train,jsn_predicted,heuristic,jsn_predicted_success
9264200L,train,jsn_predicted,heuristic,jsn_predicted_success
9264200R,train,jsn_predicted,heuristic,jsn_predicted_success
9265274L,train,jsn_predicted,heuristic,jsn_predicted_success
9265274R,train,jsn_predicted,heuristic,jsn_predicted_success
9266027L,train,jsn_predicted,heuristic,jsn_predicted_success
9266274L,train,jsn_predicted,heuristic,jsn_predicted_success
9266394L,train,jsn_predicted,heuristic,jsn_predicted_success
9266787R,train,jsn_predicted,heuristic,jsn_predicted_success
9267366L,train,jsn_predicted,heuristic,jsn_predicted_success
9267366R,train,jsn_predicted,heuristic,jsn_predicted_success
9269510R,train,jsn_predicted,heuristic,jsn_predicted_success
9270077R,train,jsn_predicted,heuristic,jsn_predicted_success
9270566L,train,jsn_predicted,heuristic,jsn_predicted_success
9272247R,train,jsn_predicted,heuristic,jsn_predicted_success
9273128R,train,jsn_predicted,heuristic,jsn_predicted_success
9273764R,train,jsn_predicted,heuristic,jsn_predicted_success
9274132L,train,jsn_predicted,heuristic,jsn_predicted_success
9274208L,train,jsn_predicted,heuristic,jsn_predicted_success
9276150R,train,jsn_predicted,heuristic,jsn_predicted_success
9276684R,train,jsn_predicted,heuristic,jsn_predicted_success
9276849L,train,jsn_predicted,heuristic,jsn_predicted_success
9280043R,train,jsn_predicted,heuristic,jsn_predicted_success
9280181R,train,jsn_predicted,heuristic,jsn_predicted_success
9280204R,train,jsn_predicted,heuristic,jsn_predicted_success
9281052R,train,jsn_predicted,heuristic,jsn_predicted_success
9281202L,train,jsn_predicted,heuristic,jsn_predicted_success
9284505L,train,jsn_predicted,heuristic,jsn_predicted_success
9288025L,train,jsn_predicted,heuristic,jsn_predicted_success
9288025R,train,jsn_predicted,heuristic,jsn_predicted_success
9288911R,train,jsn_predicted,heuristic,jsn_predicted_success
9289020R,train,jsn_predicted,heuristic,jsn_predicted_success
9289212R,train,jsn_predicted,heuristic,jsn_predicted_success
9289216L,train,jsn_predicted,heuristic,jsn_predicted_success
9289216R,train,jsn_predicted,heuristic,jsn_predicted_success
9290079R,train,jsn_predicted,heuristic,jsn_predicted_success
9291078L,train,jsn_predicted,heuristic,jsn_predicted_success
9291206R,train,jsn_predicted,heuristic,jsn_predicted_success
9292234R,train,jsn_predicted,heuristic,jsn_predicted_success
9292524L,train,jsn_predicted,heuristic,jsn_predicted_success
9292524R,train,jsn_predicted,heuristic,jsn_predicted_success
9293213L,train,jsn_predicted,heuristic,jsn_predicted_success
9295400L,train,jsn_predicted,heuristic,jsn_predicted_success
9295400R,train,jsn_predicted,heuristic,jsn_predicted_success
9297051L,train,jsn_predicted,heuristic,jsn_predicted_success
9297051R,train,jsn_predicted,heuristic,jsn_predicted_success
9297263L,train,jsn_predicted,heuristic,jsn_predicted_success
9297263R,train,jsn_predicted,heuristic,jsn_predicted_success
9299340R,train,jsn_predicted,heuristic,jsn_predicted_success
9299721L,train,jsn_predicted,heuristic,jsn_predicted_success
9299721R,train,jsn_predicted,heuristic,jsn_predicted_success
9299944R,train,jsn_predicted,heuristic,jsn_predicted_success
9300088R,train,jsn_predicted,heuristic,jsn_predicted_success
9302260L,train,jsn_predicted,heuristic,jsn_predicted_success
9305487L,train,jsn_predicted,heuristic,jsn_predicted_success
9305487R,train,jsn_predicted,heuristic,jsn_predicted_success
9306336L,train,jsn_predicted,heuristic,jsn_predicted_success
9306336R,train,jsn_predicted,heuristic,jsn_predicted_success
9306349L,train,jsn_predicted,heuristic,jsn_predicted_success
9306349R,train,jsn_predicted,heuristic,jsn_predicted_success
9308099L,train,jsn_predicted,heuristic,jsn_predicted_success
9308099R,train,jsn_predicted,heuristic,jsn_predicted_success
9309098R,train,jsn_predicted,heuristic,jsn_predicted_success
9310086L,train,jsn_predicted,heuristic,jsn_predicted_success
9310332L,train,jsn_predicted,heuristic,jsn_predicted_success
9310472L,train,jsn_predicted,heuristic,jsn_predicted_success
9311328L,train,jsn_predicted,heuristic,jsn_predicted_success
9314340R,train,jsn_predicted,heuristic,jsn_predicted_success
9314341L,train,jsn_predicted,heuristic,jsn_predicted_success
9315555L,train,jsn_predicted,heuristic,jsn_predicted_success
9315555R,train,jsn_predicted,heuristic,jsn_predicted_success
9316108L,train,jsn_predicted,heuristic,jsn_predicted_success
9316108R,train,jsn_predicted,heuristic,jsn_predicted_success
9316359R,train,jsn_predicted,heuristic,jsn_predicted_success
9316511L,train,jsn_predicted,heuristic,jsn_predicted_success
9316511R,train,jsn_predicted,heuristic,jsn_predicted_success
9316607L,train,jsn_predicted,heuristic,jsn_predicted_success
9316607R,train,jsn_predicted,heuristic,jsn_predicted_success
9316905R,train,jsn_predicted,heuristic,jsn_predicted_success
9317134R,train,jsn_predicted,heuristic,jsn_predicted_success
9317209L,train,jsn_predicted,heuristic,jsn_predicted_success
9317209R,train,jsn_predicted,heuristic,jsn_predicted_success
9318527L,train,jsn_predicted,heuristic,jsn_predicted_success
9318527R,train,jsn_predicted,heuristic,jsn_predicted_success
9320001R,train,jsn_predicted,heuristic,jsn_predicted_success
9323849L,train,jsn_predicted,heuristic,jsn_predicted_success
9323849R,train,jsn_predicted,heuristic,jsn_predicted_success
9324211R,train,jsn_predicted,heuristic,jsn_predicted_success
9326801L,train,jsn_predicted,heuristic,jsn_predicted_success
9326801R,train,jsn_predicted,heuristic,jsn_predicted_success
9327065R,train,jsn_predicted,heuristic,jsn_predicted_success
9328154R,train,jsn_predicted,heuristic,jsn_predicted_success
9328163L,train,jsn_predicted,heuristic,jsn_predicted_success
9328163R,train,jsn_predicted,heuristic,jsn_predicted_success
9328298L,train,jsn_predicted,heuristic,jsn_predicted_success
9330147R,train,jsn_predicted,heuristic,jsn_predicted_success
9330346R,train,jsn_predicted,heuristic,jsn_predicted_success
9330369R,train,jsn_predicted,heuristic,jsn_predicted_success
9332058L,train,jsn_predicted,heuristic,jsn_predicted_success
9332345R,train,jsn_predicted,heuristic,jsn_predicted_success
9332414R,train,jsn_predicted,heuristic,jsn_predicted_success
9332507L,train,jsn_predicted,heuristic,jsn_predicted_success
9332507R,train,jsn_predicted,heuristic,jsn_predicted_success
9333058R,train,jsn_predicted,heuristic,jsn_predicted_success
9335072R,train,jsn_predicted,heuristic,jsn_predicted_success
9335358R,train,jsn_predicted,heuristic,jsn_predicted_success
9338059L,train,jsn_predicted,heuristic,jsn_predicted_success
9339252L,train,jsn_predicted,heuristic,jsn_predicted_success
9340335R,train,jsn_predicted,heuristic,jsn_predicted_success
9341535R,train,jsn_predicted,heuristic,jsn_predicted_success
9341730L,train,jsn_predicted,heuristic,jsn_predicted_success
9341730R,train,jsn_predicted,heuristic,jsn_predicted_success
9343449R,train,jsn_predicted,heuristic,jsn_predicted_success
9343533L,train,jsn_predicted,heuristic,jsn_predicted_success
9343533R,train,jsn_predicted,heuristic,jsn_predicted_success
9344336L,train,jsn_predicted,heuristic,jsn_predicted_success
9344336R,train,jsn_predicted,heuristic,jsn_predicted_success
9344414R,train,jsn_predicted,heuristic,jsn_predicted_success
9344856L,train,jsn_predicted,heuristic,jsn_predicted_success
9346242L,train,jsn_predicted,heuristic,jsn_predicted_success
9346709R,train,jsn_predicted,heuristic,jsn_predicted_success
9347321R,train,jsn_predicted,heuristic,jsn_predicted_success
9349298L,train,jsn_predicted,heuristic,jsn_predicted_success
9349298R,train,jsn_predicted,heuristic,jsn_predicted_success
9351245R,train,jsn_predicted,heuristic,jsn_predicted_success
9351479L,train,jsn_predicted,heuristic,jsn_predicted_success
9352020L,train,jsn_predicted,heuristic,jsn_predicted_success
9353017L,train,jsn_predicted,heuristic,jsn_predicted_success
9353017R,train,jsn_predicted,heuristic,jsn_predicted_success
9353317L,train,jsn_predicted,heuristic,jsn_predicted_success
9353317R,train,jsn_predicted,heuristic,jsn_predicted_success
9353703R,train,jsn_predicted,heuristic,jsn_predicted_success
9353884L,train,jsn_predicted,heuristic,jsn_predicted_success
9353884R,train,jsn_predicted,heuristic,jsn_predicted_success
9355648R,train,jsn_predicted,heuristic,jsn_predicted_success
9356006L,train,jsn_predicted,heuristic,jsn_predicted_success
9356006R,train,jsn_predicted,heuristic,jsn_predicted_success
9357856L,train,jsn_predicted,heuristic,jsn_predicted_success
9357856R,train,jsn_predicted,heuristic,jsn_predicted_success
9357990R,train,jsn_predicted,heuristic,jsn_predicted_success
9359105L,train,jsn_predicted,heuristic,jsn_predicted_success
9359105R,train,jsn_predicted,heuristic,jsn_predicted_success
9359678R,train,jsn_predicted,heuristic,jsn_predicted_success
9362121L,train,jsn_predicted,heuristic,jsn_predicted_success
9362121R,train,jsn_predicted,heuristic,jsn_predicted_success
9362660R,train,jsn_predicted,heuristic,jsn_predicted_success
9363201L,train,jsn_predicted,heuristic,jsn_predicted_success
9363201R,train,jsn_predicted,heuristic,jsn_predicted_success
9363397R,train,jsn_predicted,heuristic,jsn_predicted_success
9363628L,train,jsn_predicted,heuristic,jsn_predicted_success
9363628R,train,jsn_predicted,heuristic,jsn_predicted_success
9363979L,train,jsn_predicted,heuristic,jsn_predicted_success
9363979R,train,jsn_predicted,heuristic,jsn_predicted_success
9365269L,train,jsn_predicted,heuristic,jsn_predicted_success
9365356R,train,jsn_predicted,heuristic,jsn_predicted_success
9365655L,train,jsn_predicted,heuristic,jsn_predicted_success
9365810L,train,jsn_predicted,heuristic,jsn_predicted_success
9365810R,train,jsn_predicted,heuristic,jsn_predicted_success
9365968L,train,jsn_predicted,heuristic,jsn_predicted_success
9366809L,train,jsn_predicted,heuristic,jsn_predicted_success
9367965L,train,jsn_predicted,heuristic,jsn_predicted_success
9367965R,train,jsn_predicted,heuristic,jsn_predicted_success
9368286R,train,jsn_predicted,heuristic,jsn_predicted_success
9369375L,train,jsn_predicted,heuristic,jsn_predicted_success
9369982L,train,jsn_predicted,heuristic,jsn_predicted_success
9372194L,train,jsn_predicted,heuristic,jsn_predicted_success
9372194R,train,jsn_predicted,heuristic,jsn_predicted_success
9372219L,train,jsn_predicted,heuristic,jsn_predicted_success
9372219R,train,jsn_predicted,heuristic,jsn_predicted_success
9372474L,train,jsn_predicted,heuristic,jsn_predicted_success
9374200L,train,jsn_predicted,heuristic,jsn_predicted_success
9374235R,train,jsn_predicted,heuristic,jsn_predicted_success
9374775R,train,jsn_predicted,heuristic,jsn_predicted_success
9375344L,train,jsn_predicted,heuristic,jsn_predicted_success
9375344R,train,jsn_predicted,heuristic,jsn_predicted_success
9376106L,train,jsn_predicted,heuristic,jsn_predicted_success
9376280R,train,jsn_predicted,heuristic,jsn_predicted_success
9377726L,train,jsn_predicted,heuristic,jsn_predicted_success
9377726R,train,jsn_predicted,heuristic,jsn_predicted_success
9378021L,train,jsn_predicted,heuristic,jsn_predicted_success
9378021R,train,jsn_predicted,heuristic,jsn_predicted_success
9378267R,train,jsn_predicted,heuristic,jsn_predicted_success
9378998L,train,jsn_predicted,heuristic,jsn_predicted_success
9378998R,train,jsn_predicted,heuristic,jsn_predicted_success
9379581L,train,jsn_predicted,heuristic,jsn_predicted_success
9379581R,train,jsn_predicted,heuristic,jsn_predicted_success
9381251L,train,jsn_predicted,heuristic,jsn_predicted_success
9381278L,train,jsn_predicted,heuristic,jsn_predicted_success
9381278R,train,jsn_predicted,heuristic,jsn_predicted_success
9381700L,train,jsn_predicted,heuristic,jsn_predicted_success
9381700R,train,jsn_predicted,heuristic,jsn_predicted_success
9381777L,train,jsn_predicted,heuristic,jsn_predicted_success
9382271L,train,jsn_predicted,heuristic,jsn_predicted_success
9382271R,train,jsn_predicted,heuristic,jsn_predicted_success
9382772R,train,jsn_predicted,heuristic,jsn_predicted_success
9384183L,train,jsn_predicted,heuristic,jsn_predicted_success
9384183R,train,jsn_predicted,heuristic,jsn_predicted_success
9384900L,train,jsn_predicted,heuristic,jsn_predicted_success
9386130L,train,jsn_predicted,heuristic,jsn_predicted_success
9386130R,train,jsn_predicted,heuristic,jsn_predicted_success
9386206R,train,jsn_predicted,heuristic,jsn_predicted_success
9386858R,train,jsn_predicted,heuristic,jsn_predicted_success
9387130R,train,jsn_predicted,heuristic,jsn_predicted_success
9388068L,train,jsn_predicted,heuristic,jsn_predicted_success
9388068R,train,jsn_predicted,heuristic,jsn_predicted_success
9388265L,train,jsn_predicted,heuristic,jsn_predicted_success
9390995L,train,jsn_predicted,heuristic,jsn_predicted_success
9391126L,train,jsn_predicted,heuristic,jsn_predicted_success
9391372L,train,jsn_predicted,heuristic,jsn_predicted_success
9391372R,train,jsn_predicted,heuristic,jsn_predicted_success
9392241L,train,jsn_predicted,heuristic,jsn_predicted_success
9392241R,train,jsn_predicted,heuristic,jsn_predicted_success
9392537L,train,jsn_predicted,heuristic,jsn_predicted_success
9392537R,train,jsn_predicted,heuristic,jsn_predicted_success
9393127R,train,jsn_predicted,heuristic,jsn_predicted_success
9393208R,train,jsn_predicted,heuristic,jsn_predicted_success
9393241L,train,jsn_predicted,heuristic,jsn_predicted_success
9394136L,train,jsn_predicted,heuristic,jsn_predicted_success
9394602R,train,jsn_predicted,heuristic,jsn_predicted_success
9395178R,train,jsn_predicted,heuristic,jsn_predicted_success
9395235R,train,jsn_predicted,heuristic,jsn_predicted_success
9396968R,train,jsn_predicted,heuristic,jsn_predicted_success
9398062R,train,jsn_predicted,heuristic,jsn_predicted_success
9398983L,train,jsn_predicted,heuristic,jsn_predicted_success
9398983R,train,jsn_predicted,heuristic,jsn_predicted_success
9399698L,train,jsn_predicted,heuristic,jsn_predicted_success
9402367L,train,jsn_predicted,heuristic,jsn_predicted_success
9403165L,train,jsn_predicted,heuristic,jsn_predicted_success
9403232R,train,jsn_predicted,heuristic,jsn_predicted_success
9403946R,train,jsn_predicted,heuristic,jsn_predicted_success
9406962L,train,jsn_predicted,heuristic,jsn_predicted_success
9406962R,train,jsn_predicted,heuristic,jsn_predicted_success
9408506R,train,jsn_predicted,heuristic,jsn_predicted_success
9409501R,train,jsn_predicted,heuristic,jsn_predicted_success
9409550R,train,jsn_predicted,heuristic,jsn_predicted_success
9410941L,train,jsn_predicted,heuristic,jsn_predicted_success
9410941R,train,jsn_predicted,heuristic,jsn_predicted_success
9411118R,train,jsn_predicted,heuristic,jsn_predicted_success
9411555L,train,jsn_predicted,heuristic,jsn_predicted_success
9413039R,train,jsn_predicted,heuristic,jsn_predicted_success
9413071L,train,jsn_predicted,heuristic,jsn_predicted_success
9414083L,train,jsn_predicted,heuristic,jsn_predicted_success
9414083R,train,jsn_predicted,heuristic,jsn_predicted_success
9414291L,train,jsn_predicted,heuristic,jsn_predicted_success
9414488R,train,jsn_predicted,heuristic,jsn_predicted_success
9415069R,train,jsn_predicted,heuristic,jsn_predicted_success
9415301R,train,jsn_predicted,heuristic,jsn_predicted_success
9416381R,train,jsn_predicted,heuristic,jsn_predicted_success
9416973L,train,jsn_predicted,heuristic,jsn_predicted_success
9416973R,train,jsn_predicted,heuristic,jsn_predicted_success
9417063R,train,jsn_predicted,heuristic,jsn_predicted_success
9417965R,train,jsn_predicted,heuristic,jsn_predicted_success
9418298L,train,jsn_predicted,heuristic,jsn_predicted_success
9418547L,train,jsn_predicted,heuristic,jsn_predicted_success
9418547R,train,jsn_predicted,heuristic,jsn_predicted_success
9420085L,train,jsn_predicted,heuristic,jsn_predicted_success
9420085R,train,jsn_predicted,heuristic,jsn_predicted_success
9420826L,train,jsn_predicted,heuristic,jsn_predicted_success
9420826R,train,jsn_predicted,heuristic,jsn_predicted_success
9420978R,train,jsn_predicted,heuristic,jsn_predicted_success
9421088L,train,jsn_predicted,heuristic,jsn_predicted_success
9421088R,train,jsn_predicted,heuristic,jsn_predicted_success
9421389R,train,jsn_predicted,heuristic,jsn_predicted_success
9423008R,train,jsn_predicted,heuristic,jsn_predicted_success
9423358R,train,jsn_predicted,heuristic,jsn_predicted_success
9423500L,train,jsn_predicted,heuristic,jsn_predicted_success
9423500R,train,jsn_predicted,heuristic,jsn_predicted_success
9423699L,train,jsn_predicted,heuristic,jsn_predicted_success
9423699R,train,jsn_predicted,heuristic,jsn_predicted_success
9424855L,train,jsn_predicted,heuristic,jsn_predicted_success
9424855R,train,jsn_predicted,heuristic,jsn_predicted_success
9425004L,train,jsn_predicted,heuristic,jsn_predicted_success
9425032L,train,jsn_predicted,heuristic,jsn_predicted_success
9425996R,train,jsn_predicted,heuristic,jsn_predicted_success
9428112L,train,jsn_predicted,heuristic,jsn_predicted_success
9428112R,train,jsn_predicted,heuristic,jsn_predicted_success
9428490L,train,jsn_predicted,heuristic,jsn_predicted_success
9428490R,train,jsn_predicted,heuristic,jsn_predicted_success
9429009L,train,jsn_predicted,heuristic,jsn_predicted_success
9429319R,train,jsn_predicted,heuristic,jsn_predicted_success
9429578L,train,jsn_predicted,heuristic,jsn_predicted_success
9429578R,train,jsn_predicted,heuristic,jsn_predicted_success
9430006L,train,jsn_predicted,heuristic,jsn_predicted_success
9430006R,train,jsn_predicted,heuristic,jsn_predicted_success
9430102L,train,jsn_predicted,heuristic,jsn_predicted_success
9430888L,train,jsn_predicted,heuristic,jsn_predicted_success
9431280R,train,jsn_predicted,heuristic,jsn_predicted_success
9432013L,train,jsn_predicted,heuristic,jsn_predicted_success
9432013R,train,jsn_predicted,heuristic,jsn_predicted_success
9432389R,train,jsn_predicted,heuristic,jsn_predicted_success
9433580L,train,jsn_predicted,heuristic,jsn_predicted_success
9433580R,train,jsn_predicted,heuristic,jsn_predicted_success
9434150L,train,jsn_predicted,heuristic,jsn_predicted_success
9434150R,train,jsn_predicted,heuristic,jsn_predicted_success
9434276L,train,jsn_predicted,heuristic,jsn_predicted_success
9435525L,train,jsn_predicted,heuristic,jsn_predicted_success
9436006L,train,jsn_predicted,heuristic,jsn_predicted_success
9436006R,train,jsn_predicted,heuristic,jsn_predicted_success
9436426L,train,jsn_predicted,heuristic,jsn_predicted_success
9438007L,train,jsn_predicted,heuristic,jsn_predicted_success
9438007R,train,jsn_predicted,heuristic,jsn_predicted_success
9438237L,train,jsn_predicted,heuristic,jsn_predicted_success
9438237R,train,jsn_predicted,heuristic,jsn_predicted_success
9438337L,train,jsn_predicted,heuristic,jsn_predicted_success
9438852R,train,jsn_predicted,heuristic,jsn_predicted_success
9440307L,train,jsn_predicted,heuristic,jsn_predicted_success
9440518R,train,jsn_predicted,heuristic,jsn_predicted_success
9440615R,train,jsn_predicted,heuristic,jsn_predicted_success
9440883L,train,jsn_predicted,heuristic,jsn_predicted_success
9441528L,train,jsn_predicted,heuristic,jsn_predicted_success
9441528R,train,jsn_predicted,heuristic,jsn_predicted_success
9442105L,train,jsn_predicted,heuristic,jsn_predicted_success
9442268L,train,jsn_predicted,heuristic,jsn_predicted_success
9442268R,train,jsn_predicted,heuristic,jsn_predicted_success
9442526L,train,jsn_predicted,heuristic,jsn_predicted_success
9444196L,train,jsn_predicted,heuristic,jsn_predicted_success
9444401L,train,jsn_predicted,heuristic,jsn_predicted_success
9445852L,train,jsn_predicted,heuristic,jsn_predicted_success
9445852R,train,jsn_predicted,heuristic,jsn_predicted_success
9446138L,train,jsn_predicted,heuristic,jsn_predicted_success
9446138R,train,jsn_predicted,heuristic,jsn_predicted_success
9447264R,train,jsn_predicted,heuristic,jsn_predicted_success
9447378L,train,jsn_predicted,heuristic,jsn_predicted_success
9448221R,train,jsn_predicted,heuristic,jsn_predicted_success
9449412L,train,jsn_predicted,heuristic,jsn_predicted_success
9449834L,train,jsn_predicted,heuristic,jsn_predicted_success
9451281L,train,jsn_predicted,heuristic,jsn_predicted_success
9451499L,train,jsn_predicted,heuristic,jsn_predicted_success
9451499R,train,jsn_predicted,heuristic,jsn_predicted_success
9452239L,train,jsn_predicted,heuristic,jsn_predicted_success
9452239R,train,jsn_predicted,heuristic,jsn_predicted_success
9452305R,train,jsn_predicted,heuristic,jsn_predicted_success
9453626R,train,jsn_predicted,heuristic,jsn_predicted_success
9454360L,train,jsn_predicted,heuristic,jsn_predicted_success
9454505R,train,jsn_predicted,heuristic,jsn_predicted_success
9456244R,train,jsn_predicted,heuristic,jsn_predicted_success
9457718R,train,jsn_predicted,heuristic,jsn_predicted_success
9458057L,train,jsn_predicted,heuristic,jsn_predicted_success
9458057R,train,jsn_predicted,heuristic,jsn_predicted_success
9458107L,train,jsn_predicted,heuristic,jsn_predicted_success
9458213L,train,jsn_predicted,heuristic,jsn_predicted_success
9458868R,train,jsn_predicted,heuristic,jsn_predicted_success
9459116R,train,jsn_predicted,heuristic,jsn_predicted_success
9459278L,train,jsn_predicted,heuristic,jsn_predicted_success
9459278R,train,jsn_predicted,heuristic,jsn_predicted_success
9459295L,train,jsn_predicted,heuristic,jsn_predicted_success
9459295R,train,jsn_predicted,heuristic,jsn_predicted_success
9461329R,train,jsn_predicted,heuristic,jsn_predicted_success
9462278R,train,jsn_predicted,heuristic,jsn_predicted_success
9462298R,train,jsn_predicted,heuristic,jsn_predicted_success
9463310L,train,jsn_predicted,heuristic,jsn_predicted_success
9463310R,train,jsn_predicted,heuristic,jsn_predicted_success
9463326R,train,jsn_predicted,heuristic,jsn_predicted_success
9464409L,train,jsn_predicted,heuristic,jsn_predicted_success
9464409R,train,jsn_predicted,heuristic,jsn_predicted_success
9465131R,train,jsn_predicted,heuristic,jsn_predicted_success
9467124R,train,jsn_predicted,heuristic,jsn_predicted_success
9467154L,train,jsn_predicted,heuristic,jsn_predicted_success
9468250L,train,jsn_predicted,heuristic,jsn_predicted_success
9468250R,train,jsn_predicted,heuristic,jsn_predicted_success
9468292R,train,jsn_predicted,heuristic,jsn_predicted_success
9469136R,train,jsn_predicted,heuristic,jsn_predicted_success
9469318L,train,jsn_predicted,heuristic,jsn_predicted_success
9470120L,train,jsn_predicted,heuristic,jsn_predicted_success
9470224L,train,jsn_predicted,heuristic,jsn_predicted_success
9470224R,train,jsn_predicted,heuristic,jsn_predicted_success
9471143L,train,jsn_predicted,heuristic,jsn_predicted_success
9471214L,train,jsn_predicted,heuristic,jsn_predicted_success
9471567L,train,jsn_predicted,heuristic,jsn_predicted_success
9471567R,train,jsn_predicted,heuristic,jsn_predicted_success
9472128L,train,jsn_predicted,heuristic,jsn_predicted_success
9472164L,train,jsn_predicted,heuristic,jsn_predicted_success
9472254R,train,jsn_predicted,heuristic,jsn_predicted_success
9472327L,train,jsn_predicted,heuristic,jsn_predicted_success
9473331L,train,jsn_predicted,heuristic,jsn_predicted_success
9474248R,train,jsn_predicted,heuristic,jsn_predicted_success
9477293L,train,jsn_predicted,heuristic,jsn_predicted_success
9477293R,train,jsn_predicted,heuristic,jsn_predicted_success
9478060R,train,jsn_predicted,heuristic,jsn_predicted_success
9478184L,train,jsn_predicted,heuristic,jsn_predicted_success
9478451L,train,jsn_predicted,heuristic,jsn_predicted_success
9478451R,train,jsn_predicted,heuristic,jsn_predicted_success
9478610R,train,jsn_predicted,heuristic,jsn_predicted_success
9480249L,train,jsn_predicted,heuristic,jsn_predicted_success
9480249R,train,jsn_predicted,heuristic,jsn_predicted_success
9480480R,train,jsn_predicted,heuristic,jsn_predicted_success
9480968L,train,jsn_predicted,heuristic,jsn_predicted_success
9480968R,train,jsn_predicted,heuristic,jsn_predicted_success
9481411L,train,jsn_predicted,heuristic,jsn_predicted_success
9481411R,train,jsn_predicted,heuristic,jsn_predicted_success
9481628R,train,jsn_predicted,heuristic,jsn_predicted_success
9483550L,train,jsn_predicted,heuristic,jsn_predicted_success
9483550R,train,jsn_predicted,heuristic,jsn_predicted_success
9484850L,train,jsn_predicted,heuristic,jsn_predicted_success
9484850R,train,jsn_predicted,heuristic,jsn_predicted_success
9488319R,train,jsn_predicted,heuristic,jsn_predicted_success
9488595L,train,jsn_predicted,heuristic,jsn_predicted_success
9489123L,train,jsn_predicted,heuristic,jsn_predicted_success
9489123R,train,jsn_predicted,heuristic,jsn_predicted_success
9489320L,train,jsn_predicted,heuristic,jsn_predicted_success
9489320R,train,jsn_predicted,heuristic,jsn_predicted_success
9489487L,train,jsn_predicted,heuristic,jsn_predicted_success
9489487R,train,jsn_predicted,heuristic,jsn_predicted_success
9491862L,train,jsn_predicted,heuristic,jsn_predicted_success
9493338L,train,jsn_predicted,heuristic,jsn_predicted_success
9493338R,train,jsn_predicted,heuristic,jsn_predicted_success
9493856L,train,jsn_predicted,heuristic,jsn_predicted_success
9493856R,train,jsn_predicted,heuristic,jsn_predicted_success
9493930L,train,jsn_predicted,heuristic,jsn_predicted_success
9495378L,train,jsn_predicted,heuristic,jsn_predicted_success
9495378R,train,jsn_predicted,heuristic,jsn_predicted_success
9495746L,train,jsn_predicted,heuristic,jsn_predicted_success
9496436L,train,jsn_predicted,heuristic,jsn_predicted_success
9496436R,train,jsn_predicted,heuristic,jsn_predicted_success
9496954L,train,jsn_predicted,heuristic,jsn_predicted_success
9496954R,train,jsn_predicted,heuristic,jsn_predicted_success
9497375L,train,jsn_predicted,heuristic,jsn_predicted_success
9497375R,train,jsn_predicted,heuristic,jsn_predicted_success
9498365L,train,jsn_predicted,heuristic,jsn_predicted_success
9498865L,train,jsn_predicted,heuristic,jsn_predicted_success
9498865R,train,jsn_predicted,heuristic,jsn_predicted_success
9499370R,train,jsn_predicted,heuristic,jsn_predicted_success
9500225R,train,jsn_predicted,heuristic,jsn_predicted_success
9500390L,train,jsn_predicted,heuristic,jsn_predicted_success
9500390R,train,jsn_predicted,heuristic,jsn_predicted_success
9501226L,train,jsn_predicted,heuristic,jsn_predicted_success
9502301R,train,jsn_predicted,heuristic,jsn_predicted_success
9502936L,train,jsn_predicted,heuristic,jsn_predicted_success
9502936R,train,jsn_predicted,heuristic,jsn_predicted_success
9503347R,train,jsn_predicted,heuristic,jsn_predicted_success
9504363L,train,jsn_predicted,heuristic,jsn_predicted_success
9504363R,train,jsn_predicted,heuristic,jsn_predicted_success
9504862L,train,jsn_predicted,heuristic,jsn_predicted_success
9505140R,train,jsn_predicted,heuristic,jsn_predicted_success
9506155R,train,jsn_predicted,heuristic,jsn_predicted_success
9507886L,train,jsn_predicted,heuristic,jsn_predicted_success
9507886R,train,jsn_predicted,heuristic,jsn_predicted_success
9508003L,train,jsn_predicted,heuristic,jsn_predicted_success
9508335L,train,jsn_predicted,heuristic,jsn_predicted_success
9511423L,train,jsn_predicted,heuristic,jsn_predicted_success
9513566R,train,jsn_predicted,heuristic,jsn_predicted_success
9521254L,train,jsn_predicted,heuristic,jsn_predicted_success
9521254R,train,jsn_predicted,heuristic,jsn_predicted_success
9523641L,train,jsn_predicted,heuristic,jsn_predicted_success
9523641R,train,jsn_predicted,heuristic,jsn_predicted_success
9523742R,train,jsn_predicted,heuristic,jsn_predicted_success
9523947R,train,jsn_predicted,heuristic,jsn_predicted_success
9524666L,train,jsn_predicted,heuristic,jsn_predicted_success
9524666R,train,jsn_predicted,heuristic,jsn_predicted_success
9525878L,train,jsn_predicted,heuristic,jsn_predicted_success
9527747L,train,jsn_predicted,heuristic,jsn_predicted_success
9527747R,train,jsn_predicted,heuristic,jsn_predicted_success
9528034R,train,jsn_predicted,heuristic,jsn_predicted_success
9528258L,train,jsn_predicted,heuristic,jsn_predicted_success
9528513L,train,jsn_predicted,heuristic,jsn_predicted_success
9528513R,train,jsn_predicted,heuristic,jsn_predicted_success
9528647R,train,jsn_predicted,heuristic,jsn_predicted_success
9530377L,train,jsn_predicted,heuristic,jsn_predicted_success
9530683L,train,jsn_predicted,heuristic,jsn_predicted_success
9530683R,train,jsn_predicted,heuristic,jsn_predicted_success
9531454L,train,jsn_predicted,heuristic,jsn_predicted_success
9531528L,train,jsn_predicted,heuristic,jsn_predicted_success
9532902L,train,jsn_predicted,heuristic,jsn_predicted_success
9534616L,train,jsn_predicted,heuristic,jsn_predicted_success
9536440R,train,jsn_predicted,heuristic,jsn_predicted_success
9538092R,train,jsn_predicted,heuristic,jsn_predicted_success
9538599R,train,jsn_predicted,heuristic,jsn_predicted_success
9538890L,train,jsn_predicted,heuristic,jsn_predicted_success
9540125L,train,jsn_predicted,heuristic,jsn_predicted_success
9541614L,train,jsn_predicted,heuristic,jsn_predicted_success
9541614R,train,jsn_predicted,heuristic,jsn_predicted_success
9542088L,train,jsn_predicted,heuristic,jsn_predicted_success
9542088R,train,jsn_predicted,heuristic,jsn_predicted_success
9542855R,train,jsn_predicted,heuristic,jsn_predicted_success
9546108L,train,jsn_predicted,heuristic,jsn_predicted_success
9546613R,train,jsn_predicted,heuristic,jsn_predicted_success
9547360L,train,jsn_predicted,heuristic,jsn_predicted_success
9547611R,train,jsn_predicted,heuristic,jsn_predicted_success
9549107R,train,jsn_predicted,heuristic,jsn_predicted_success
9549669L,train,jsn_predicted,heuristic,jsn_predicted_success
9551360L,train,jsn_predicted,heuristic,jsn_predicted_success
9551668L,train,jsn_predicted,heuristic,jsn_predicted_success
9552630L,train,jsn_predicted,heuristic,jsn_predicted_success
9552630R,train,jsn_predicted,heuristic,jsn_predicted_success
9555149L,train,jsn_predicted,heuristic,jsn_predicted_success
9555914L,train,jsn_predicted,heuristic,jsn_predicted_success
9556608L,train,jsn_predicted,heuristic,jsn_predicted_success
9557040R,train,jsn_predicted,heuristic,jsn_predicted_success
9557454L,train,jsn_predicted,heuristic,jsn_predicted_success
9559375R,train,jsn_predicted,heuristic,jsn_predicted_success
9559691R,train,jsn_predicted,heuristic,jsn_predicted_success
9560158L,train,jsn_predicted,heuristic,jsn_predicted_success
9560158R,train,jsn_predicted,heuristic,jsn_predicted_success
9560478L,train,jsn_predicted,heuristic,jsn_predicted_success
9560478R,train,jsn_predicted,heuristic,jsn_predicted_success
9561686L,train,jsn_predicted,heuristic,jsn_predicted_success
9561686R,train,jsn_predicted,heuristic,jsn_predicted_success
9562981L,train,jsn_predicted,heuristic,jsn_predicted_success
9563176L,train,jsn_predicted,heuristic,jsn_predicted_success
9563990L,train,jsn_predicted,heuristic,jsn_predicted_success
9563990R,train,jsn_predicted,heuristic,jsn_predicted_success
9564491L,train,jsn_predicted,heuristic,jsn_predicted_success
9565192L,train,jsn_predicted,heuristic,jsn_predicted_success
9565192R,train,jsn_predicted,heuristic,jsn_predicted_success
9566148R,train,jsn_predicted,heuristic,jsn_predicted_success
9566181R,train,jsn_predicted,heuristic,jsn_predicted_success
9566233R,train,jsn_predicted,heuristic,jsn_predicted_success
9566429L,train,jsn_predicted,heuristic,jsn_predicted_success
9566704R,train,jsn_predicted,heuristic,jsn_predicted_success
9566781R,train,jsn_predicted,heuristic,jsn_predicted_success
9567504L,train,jsn_predicted,heuristic,jsn_predicted_success
9567504R,train,jsn_predicted,heuristic,jsn_predicted_success
9567704R,train,jsn_predicted,heuristic,jsn_predicted_success
9568160L,train,jsn_predicted,heuristic,jsn_predicted_success
9568938L,train,jsn_predicted,heuristic,jsn_predicted_success
9569020R,train,jsn_predicted,heuristic,jsn_predicted_success
9569118L,train,jsn_predicted,heuristic,jsn_predicted_success
9569118R,train,jsn_predicted,heuristic,jsn_predicted_success
9569175R,train,jsn_predicted,heuristic,jsn_predicted_success
9570435L,train,jsn_predicted,heuristic,jsn_predicted_success
9570435R,train,jsn_predicted,heuristic,jsn_predicted_success
9573946L,train,jsn_predicted,heuristic,jsn_predicted_success
9574236R,train,jsn_predicted,heuristic,jsn_predicted_success
9575145L,train,jsn_predicted,heuristic,jsn_predicted_success
9575145R,train,jsn_predicted,heuristic,jsn_predicted_success
9576736R,train,jsn_predicted,heuristic,jsn_predicted_success
9577982L,train,jsn_predicted,heuristic,jsn_predicted_success
9578632L,train,jsn_predicted,heuristic,jsn_predicted_success
9578632R,train,jsn_predicted,heuristic,jsn_predicted_success
9581253L,train,jsn_predicted,heuristic,jsn_predicted_success
9581712R,train,jsn_predicted,heuristic,jsn_predicted_success
9583614L,train,jsn_predicted,heuristic,jsn_predicted_success
9583614R,train,jsn_predicted,heuristic,jsn_predicted_success
9584690L,train,jsn_predicted,heuristic,jsn_predicted_success
9584990R,train,jsn_predicted,heuristic,jsn_predicted_success
9586270L,train,jsn_predicted,heuristic,jsn_predicted_success
9586270R,train,jsn_predicted,heuristic,jsn_predicted_success
9587941L,train,jsn_predicted,heuristic,jsn_predicted_success
9587941R,train,jsn_predicted,heuristic,jsn_predicted_success
9589653R,train,jsn_predicted,heuristic,jsn_predicted_success
9589765L,train,jsn_predicted,heuristic,jsn_predicted_success
9589765R,train,jsn_predicted,heuristic,jsn_predicted_success
9589798L,train,jsn_predicted,heuristic,jsn_predicted_success
9589798R,train,jsn_predicted,heuristic,jsn_predicted_success
9590145L,train,jsn_predicted,heuristic,jsn_predicted_success
9590486L,train,jsn_predicted,heuristic,jsn_predicted_success
9591230L,train,jsn_predicted,heuristic,jsn_predicted_success
9592258L,train,jsn_predicted,heuristic,jsn_predicted_success
9592750R,train,jsn_predicted,heuristic,jsn_predicted_success
9592926R,train,jsn_predicted,heuristic,jsn_predicted_success
9593719L,train,jsn_predicted,heuristic,jsn_predicted_success
9594111R,train,jsn_predicted,heuristic,jsn_predicted_success
9594608L,train,jsn_predicted,heuristic,jsn_predicted_success
9595419R,train,jsn_predicted,heuristic,jsn_predicted_success
9596105L,train,jsn_predicted,heuristic,jsn_predicted_success
9596105R,train,jsn_predicted,heuristic,jsn_predicted_success
9596238R,train,jsn_predicted,heuristic,jsn_predicted_success
9597250R,train,jsn_predicted,heuristic,jsn_predicted_success
9597645L,train,jsn_predicted,heuristic,jsn_predicted_success
9597903R,train,jsn_predicted,heuristic,jsn_predicted_success
9598170L,train,jsn_predicted,heuristic,jsn_predicted_success
9598170R,train,jsn_predicted,heuristic,jsn_predicted_success
9598245L,train,jsn_predicted,heuristic,jsn_predicted_success
9599243L,train,jsn_predicted,heuristic,jsn_predicted_success
9599509L,train,jsn_predicted,heuristic,jsn_predicted_success
9600713R,train,jsn_predicted,heuristic,jsn_predicted_success
9601011R,train,jsn_predicted,heuristic,jsn_predicted_success
9601716R,train,jsn_predicted,heuristic,jsn_predicted_success
9602190L,train,jsn_predicted,heuristic,jsn_predicted_success
9602668L,train,jsn_predicted,heuristic,jsn_predicted_success
9603156L,train,jsn_predicted,heuristic,jsn_predicted_success
9603156R,train,jsn_predicted,heuristic,jsn_predicted_success
9603227L,train,jsn_predicted,heuristic,jsn_predicted_success
9604541L,train,jsn_predicted,heuristic,jsn_predicted_success
9606490L,train,jsn_predicted,heuristic,jsn_predicted_success
9608253L,train,jsn_predicted,heuristic,jsn_predicted_success
9608253R,train,jsn_predicted,heuristic,jsn_predicted_success
9608452L,train,jsn_predicted,heuristic,jsn_predicted_success
9609230L,train,jsn_predicted,heuristic,jsn_predicted_success
9609230R,train,jsn_predicted,heuristic,jsn_predicted_success
9611257L,train,jsn_predicted,heuristic,jsn_predicted_success
9612772L,train,jsn_predicted,heuristic,jsn_predicted_success
9612772R,train,jsn_predicted,heuristic,jsn_predicted_success
9614619L,train,jsn_predicted,heuristic,jsn_predicted_success
9614619R,train,jsn_predicted,heuristic,jsn_predicted_success
9615146L,train,jsn_predicted,heuristic,jsn_predicted_success
9615146R,train,jsn_predicted,heuristic,jsn_predicted_success
9615420L,train,jsn_predicted,heuristic,jsn_predicted_success
9617608L,train,jsn_predicted,heuristic,jsn_predicted_success
9618495L,train,jsn_predicted,heuristic,jsn_predicted_success
9618495R,train,jsn_predicted,heuristic,jsn_predicted_success
9619662R,train,jsn_predicted,heuristic,jsn_predicted_success
9619698R,train,jsn_predicted,heuristic,jsn_predicted_success
9619739L,train,jsn_predicted,heuristic,jsn_predicted_success
9619739R,train,jsn_predicted,heuristic,jsn_predicted_success
9620398R,train,jsn_predicted,heuristic,jsn_predicted_success
9621208L,train,jsn_predicted,heuristic,jsn_predicted_success
9621650L,train,jsn_predicted,heuristic,jsn_predicted_success
9621886R,train,jsn_predicted,heuristic,jsn_predicted_success
9622167L,train,jsn_predicted,heuristic,jsn_predicted_success
9622167R,train,jsn_predicted,heuristic,jsn_predicted_success
9623679R,train,jsn_predicted,heuristic,jsn_predicted_success
9624170L,train,jsn_predicted,heuristic,jsn_predicted_success
9624170R,train,jsn_predicted,heuristic,jsn_predicted_success
9624202L,train,jsn_predicted,heuristic,jsn_predicted_success
9625432L,train,jsn_predicted,heuristic,jsn_predicted_success
9626098R,train,jsn_predicted,heuristic,jsn_predicted_success
9626869L,train,jsn_predicted,heuristic,jsn_predicted_success
9627197R,train,jsn_predicted,heuristic,jsn_predicted_success
9627436L,train,jsn_predicted,heuristic,jsn_predicted_success
9627436R,train,jsn_predicted,heuristic,jsn_predicted_success
9628194L,train,jsn_predicted,heuristic,jsn_predicted_success
9628194R,train,jsn_predicted,heuristic,jsn_predicted_success
9628393L,train,jsn_predicted,heuristic,jsn_predicted_success
9628616R,train,jsn_predicted,heuristic,jsn_predicted_success
9628649L,train,jsn_predicted,heuristic,jsn_predicted_success
9628649R,train,jsn_predicted,heuristic,jsn_predicted_success
9630423R,train,jsn_predicted,heuristic,jsn_predicted_success
9633580R,train,jsn_predicted,heuristic,jsn_predicted_success
9633861L,train,jsn_predicted,heuristic,jsn_predicted_success
9634064L,train,jsn_predicted,heuristic,jsn_predicted_success
9634690R,train,jsn_predicted,heuristic,jsn_predicted_success
9634937L,train,jsn_predicted,heuristic,jsn_predicted_success
9635177L,train,jsn_predicted,heuristic,jsn_predicted_success
9635177R,train,jsn_predicted,heuristic,jsn_predicted_success
9635414L,train,jsn_predicted,heuristic,jsn_predicted_success
9635632L,train,jsn_predicted,heuristic,jsn_predicted_success
9635632R,train,jsn_predicted,heuristic,jsn_predicted_success
9635644R,train,jsn_predicted,heuristic,jsn_predicted_success
9636064R,train,jsn_predicted,heuristic,jsn_predicted_success
9636924L,train,jsn_predicted,heuristic,jsn_predicted_success
9636924R,train,jsn_predicted,heuristic,jsn_predicted_success
9637053L,train,jsn_predicted,heuristic,jsn_predicted_success
9637393L,train,jsn_predicted,heuristic,jsn_predicted_success
9637394L,train,jsn_predicted,heuristic,jsn_predicted_success
9637394R,train,jsn_predicted,heuristic,jsn_predicted_success
9637676L,train,jsn_predicted,heuristic,jsn_predicted_success
9638612L,train,jsn_predicted,heuristic,jsn_predicted_success
9638612R,train,jsn_predicted,heuristic,jsn_predicted_success
9639088R,train,jsn_predicted,heuristic,jsn_predicted_success
9640089L,train,jsn_predicted,heuristic,jsn_predicted_success
9640089R,train,jsn_predicted,heuristic,jsn_predicted_success
9640119L,train,jsn_predicted,heuristic,jsn_predicted_success
9644707R,train,jsn_predicted,heuristic,jsn_predicted_success
9645082L,train,jsn_predicted,heuristic,jsn_predicted_success
9646127R,train,jsn_predicted,heuristic,jsn_predicted_success
9646610L,train,jsn_predicted,heuristic,jsn_predicted_success
9647703L,train,jsn_predicted,heuristic,jsn_predicted_success
9647913R,train,jsn_predicted,heuristic,jsn_predicted_success
9648234L,train,jsn_predicted,heuristic,jsn_predicted_success
9648265L,train,jsn_predicted,heuristic,jsn_predicted_success
9648265R,train,jsn_predicted,heuristic,jsn_predicted_success
9650527R,train,jsn_predicted,heuristic,jsn_predicted_success
9651214R,train,jsn_predicted,heuristic,jsn_predicted_success
9651397R,train,jsn_predicted,heuristic,jsn_predicted_success
9651690L,train,jsn_predicted,heuristic,jsn_predicted_success
9651949L,train,jsn_predicted,heuristic,jsn_predicted_success
9651949R,train,jsn_predicted,heuristic,jsn_predicted_success
9653075R,train,jsn_predicted,heuristic,jsn_predicted_success
9653221R,train,jsn_predicted,heuristic,jsn_predicted_success
9655142R,train,jsn_predicted,heuristic,jsn_predicted_success
9657565L,train,jsn_predicted,heuristic,jsn_predicted_success
9657565R,train,jsn_predicted,heuristic,jsn_predicted_success
9659155R,train,jsn_predicted,heuristic,jsn_predicted_success
9659472R,train,jsn_predicted,heuristic,jsn_predicted_success
9662112L,train,jsn_predicted,heuristic,jsn_predicted_success
9666715R,train,jsn_predicted,heuristic,jsn_predicted_success
9666971L,train,jsn_predicted,heuristic,jsn_predicted_success
9667081L,train,jsn_predicted,heuristic,jsn_predicted_success
9667081R,train,jsn_predicted,heuristic,jsn_predicted_success
9667253R,train,jsn_predicted,heuristic,jsn_predicted_success
9667637L,train,jsn_predicted,heuristic,jsn_predicted_success
9667637R,train,jsn_predicted,heuristic,jsn_predicted_success
9668271L,train,jsn_predicted,heuristic,jsn_predicted_success
9669735L,train,jsn_predicted,heuristic,jsn_predicted_success
9669735R,train,jsn_predicted,heuristic,jsn_predicted_success
9669990R,train,jsn_predicted,heuristic,jsn_predicted_success
9670700R,train,jsn_predicted,heuristic,jsn_predicted_success
9670965L,train,jsn_predicted,heuristic,jsn_predicted_success
9670965R,train,jsn_predicted,heuristic,jsn_predicted_success
9671958R,train,jsn_predicted,heuristic,jsn_predicted_success
9672436L,train,jsn_predicted,heuristic,jsn_predicted_success
9672436R,train,jsn_predicted,heuristic,jsn_predicted_success
9674454L,train,jsn_predicted,heuristic,jsn_predicted_success
9676235R,train,jsn_predicted,heuristic,jsn_predicted_success
9676587L,train,jsn_predicted,heuristic,jsn_predicted_success
9676587R,train,jsn_predicted,heuristic,jsn_predicted_success
9676751L,train,jsn_predicted,heuristic,jsn_predicted_success
9676751R,train,jsn_predicted,heuristic,jsn_predicted_success
9677193L,train,jsn_predicted,heuristic,jsn_predicted_success
9677193R,train,jsn_predicted,heuristic,jsn_predicted_success
9678209L,train,jsn_predicted,heuristic,jsn_predicted_success
9678209R,train,jsn_predicted,heuristic,jsn_predicted_success
9679181L,train,jsn_predicted,heuristic,jsn_predicted_success
9679243R,train,jsn_predicted,heuristic,jsn_predicted_success
9679705R,train,jsn_predicted,heuristic,jsn_predicted_success
9680800L,train,jsn_predicted,heuristic,jsn_predicted_success
9681113R,train,jsn_predicted,heuristic,jsn_predicted_success
9681803L,train,jsn_predicted,heuristic,jsn_predicted_success
9681803R,train,jsn_predicted,heuristic,jsn_predicted_success
9682254L,train,jsn_predicted,heuristic,jsn_predicted_success
9682254R,train,jsn_predicted,heuristic,jsn_predicted_success
9683704L,train,jsn_predicted,heuristic,jsn_predicted_success
9683736L,train,jsn_predicted,heuristic,jsn_predicted_success
9683736R,train,jsn_predicted,heuristic,jsn_predicted_success
9684211R,train,jsn_predicted,heuristic,jsn_predicted_success
9685077L,train,jsn_predicted,heuristic,jsn_predicted_success
9685077R,train,jsn_predicted,heuristic,jsn_predicted_success
9685371L,train,jsn_predicted,heuristic,jsn_predicted_success
9685371R,train,jsn_predicted,heuristic,jsn_predicted_success
9686284L,train,jsn_predicted,heuristic,jsn_predicted_success
9686284R,train,jsn_predicted,heuristic,jsn_predicted_success
9687779R,train,jsn_predicted,heuristic,jsn_predicted_success
9689083L,train,jsn_predicted,heuristic,jsn_predicted_success
9689922L,train,jsn_predicted,heuristic,jsn_predicted_success
9692163R,train,jsn_predicted,heuristic,jsn_predicted_success
9695111L,train,jsn_predicted,heuristic,jsn_predicted_success
9695962L,train,jsn_predicted,heuristic,jsn_predicted_success
9695962R,train,jsn_predicted,heuristic,jsn_predicted_success
9696960L,train,jsn_predicted,heuristic,jsn_predicted_success
9696960R,train,jsn_predicted,heuristic,jsn_predicted_success
9698705L,train,jsn_predicted,heuristic,jsn_predicted_success
9698705R,train,jsn_predicted,heuristic,jsn_predicted_success
9700341L,train,jsn_predicted,heuristic,jsn_predicted_success
9701362L,train,jsn_predicted,heuristic,jsn_predicted_success
9701707L,train,jsn_predicted,heuristic,jsn_predicted_success
9702644R,train,jsn_predicted,heuristic,jsn_predicted_success
9704476R,train,jsn_predicted,heuristic,jsn_predicted_success
9704858R,train,jsn_predicted,heuristic,jsn_predicted_success
9705992L,train,jsn_predicted,heuristic,jsn_predicted_success
9705992R,train,jsn_predicted,heuristic,jsn_predicted_success
9706983R,train,jsn_predicted,heuristic,jsn_predicted_success
9707857L,train,jsn_predicted,heuristic,jsn_predicted_success
9707857R,train,jsn_predicted,heuristic,jsn_predicted_success
9708647R,train,jsn_predicted,heuristic,jsn_predicted_success
9708713L,train,jsn_predicted,heuristic,jsn_predicted_success
9709444L,train,jsn_predicted,heuristic,jsn_predicted_success
9709947L,train,jsn_predicted,heuristic,jsn_predicted_success
9709947R,train,jsn_predicted,heuristic,jsn_predicted_success
9710976L,train,jsn_predicted,heuristic,jsn_predicted_success
9711284L,train,jsn_predicted,heuristic,jsn_predicted_success
9711353L,train,jsn_predicted,heuristic,jsn_predicted_success
9711353R,train,jsn_predicted,heuristic,jsn_predicted_success
9712471R,train,jsn_predicted,heuristic,jsn_predicted_success
9714143L,train,jsn_predicted,heuristic,jsn_predicted_success
9714143R,train,jsn_predicted,heuristic,jsn_predicted_success
9714958R,train,jsn_predicted,heuristic,jsn_predicted_success
9715480R,train,jsn_predicted,heuristic,jsn_predicted_success
9716412R,train,jsn_predicted,heuristic,jsn_predicted_success
9716984L,train,jsn_predicted,heuristic,jsn_predicted_success
9718167R,train,jsn_predicted,heuristic,jsn_predicted_success
9721540R,train,jsn_predicted,heuristic,jsn_predicted_success
9722021R,train,jsn_predicted,heuristic,jsn_predicted_success
9722580L,train,jsn_predicted,heuristic,jsn_predicted_success
9722580R,train,jsn_predicted,heuristic,jsn_predicted_success
9724907R,train,jsn_predicted,heuristic,jsn_predicted_success
9725279R,train,jsn_predicted,heuristic,jsn_predicted_success
9727418L,train,jsn_predicted,heuristic,jsn_predicted_success
9727543R,train,jsn_predicted,heuristic,jsn_predicted_success
9727984L,train,jsn_predicted,heuristic,jsn_predicted_success
9728730L,train,jsn_predicted,heuristic,jsn_predicted_success
9728730R,train,jsn_predicted,heuristic,jsn_predicted_success
9728920L,train,jsn_predicted,heuristic,jsn_predicted_success
9729306L,train,jsn_predicted,heuristic,jsn_predicted_success
9729306R,train,jsn_predicted,heuristic,jsn_predicted_success
9729920L,train,jsn_predicted,heuristic,jsn_predicted_success
9729920R,train,jsn_predicted,heuristic,jsn_predicted_success
9730741L,train,jsn_predicted,heuristic,jsn_predicted_success
9731208R,train,jsn_predicted,heuristic,jsn_predicted_success
9732525R,train,jsn_predicted,heuristic,jsn_predicted_success
9732959L,train,jsn_predicted,heuristic,jsn_predicted_success
9732959R,train,jsn_predicted,heuristic,jsn_predicted_success
9734179R,train,jsn_predicted,heuristic,jsn_predicted_success
9735805L,train,jsn_predicted,heuristic,jsn_predicted_success
9737820R,train,jsn_predicted,heuristic,jsn_predicted_success
9739540R,train,jsn_predicted,heuristic,jsn_predicted_success
9739558L,train,jsn_predicted,heuristic,jsn_predicted_success
9739558R,train,jsn_predicted,heuristic,jsn_predicted_success
9739711R,train,jsn_predicted,heuristic,jsn_predicted_success
9740303L,train,jsn_predicted,heuristic,jsn_predicted_success
9740824L,train,jsn_predicted,heuristic,jsn_predicted_success
9740824R,train,jsn_predicted,heuristic,jsn_predicted_success
9741060L,train,jsn_predicted,heuristic,jsn_predicted_success
9741060R,train,jsn_predicted,heuristic,jsn_predicted_success
9741448R,train,jsn_predicted,heuristic,jsn_predicted_success
9742563L,train,jsn_predicted,heuristic,jsn_predicted_success
9743052R,train,jsn_predicted,heuristic,jsn_predicted_success
9743354L,train,jsn_predicted,heuristic,jsn_predicted_success
9743354R,train,jsn_predicted,heuristic,jsn_predicted_success
9744056L,train,jsn_predicted,heuristic,jsn_predicted_success
9744056R,train,jsn_predicted,heuristic,jsn_predicted_success
9744584L,train,jsn_predicted,heuristic,jsn_predicted_success
9745853R,train,jsn_predicted,heuristic,jsn_predicted_success
9746585R,train,jsn_predicted,heuristic,jsn_predicted_success
9746894R,train,jsn_predicted,heuristic,jsn_predicted_success
9749364L,train,jsn_predicted,heuristic,jsn_predicted_success
9749364R,train,jsn_predicted,heuristic,jsn_predicted_success
9750582R,train,jsn_predicted,heuristic,jsn_predicted_success
9752412R,train,jsn_predicted,heuristic,jsn_predicted_success
9753394L,train,jsn_predicted,heuristic,jsn_predicted_success
9753394R,train,jsn_predicted,heuristic,jsn_predicted_success
9753580R,train,jsn_predicted,heuristic,jsn_predicted_success
9755634L,train,jsn_predicted,heuristic,jsn_predicted_success
9755851L,train,jsn_predicted,heuristic,jsn_predicted_success
9755899L,train,jsn_predicted,heuristic,jsn_predicted_success
9755899R,train,jsn_predicted,heuristic,jsn_predicted_success
9755935L,train,jsn_predicted,heuristic,jsn_predicted_success
9756932R,train,jsn_predicted,heuristic,jsn_predicted_success
9759856L,train,jsn_predicted,heuristic,jsn_predicted_success
9759856R,train,jsn_predicted,heuristic,jsn_predicted_success
9759942L,train,jsn_predicted,heuristic,jsn_predicted_success
9760079L,train,jsn_predicted,heuristic,jsn_predicted_success
9761431L,train,jsn_predicted,heuristic,jsn_predicted_success
9761431R,train,jsn_predicted,heuristic,jsn_predicted_success
9761503R,train,jsn_predicted,heuristic,jsn_predicted_success
9762677L,train,jsn_predicted,heuristic,jsn_predicted_success
9762973L,train,jsn_predicted,heuristic,jsn_predicted_success
9766202R,train,jsn_predicted,heuristic,jsn_predicted_success
9767446L,train,jsn_predicted,heuristic,jsn_predicted_success
9769470L,train,jsn_predicted,heuristic,jsn_predicted_success
9769470R,train,jsn_predicted,heuristic,jsn_predicted_success
9770472L,train,jsn_predicted,heuristic,jsn_predicted_success
9770472R,train,jsn_predicted,heuristic,jsn_predicted_success
9771727L,train,jsn_predicted,heuristic,jsn_predicted_success
9771973L,train,jsn_predicted,heuristic,jsn_predicted_success
9772225R,train,jsn_predicted,heuristic,jsn_predicted_success
9774237L,train,jsn_predicted,heuristic,jsn_predicted_success
9774237R,train,jsn_predicted,heuristic,jsn_predicted_success
9777777R,train,jsn_predicted,heuristic,jsn_predicted_success
9778518R,train,jsn_predicted,heuristic,jsn_predicted_success
9779490L,train,jsn_predicted,heuristic,jsn_predicted_success
9779490R,train,jsn_predicted,heuristic,jsn_predicted_success
9780662L,train,jsn_predicted,heuristic,jsn_predicted_success
9781246L,train,jsn_predicted,heuristic,jsn_predicted_success
9781246R,train,jsn_predicted,heuristic,jsn_predicted_success
9781796R,train,jsn_predicted,heuristic,jsn_predicted_success
9784170R,train,jsn_predicted,heuristic,jsn_predicted_success
9785185R,train,jsn_predicted,heuristic,jsn_predicted_success
9785331L,train,jsn_predicted,heuristic,jsn_predicted_success
9785684L,train,jsn_predicted,heuristic,jsn_predicted_success
9786946L,train,jsn_predicted,heuristic,jsn_predicted_success
9786946R,train,jsn_predicted,heuristic,jsn_predicted_success
9787204L,train,jsn_predicted,heuristic,jsn_predicted_success
9788507R,train,jsn_predicted,heuristic,jsn_predicted_success
9789095R,train,jsn_predicted,heuristic,jsn_predicted_success
9789712R,train,jsn_predicted,heuristic,jsn_predicted_success
9793543L,train,jsn_predicted,heuristic,jsn_predicted_success
9793680L,train,jsn_predicted,heuristic,jsn_predicted_success
9796859L,train,jsn_predicted,heuristic,jsn_predicted_success
9796859R,train,jsn_predicted,heuristic,jsn_predicted_success
9797641R,train,jsn_predicted,heuristic,jsn_predicted_success
9797760L,train,jsn_predicted,heuristic,jsn_predicted_success
9797760R,train,jsn_predicted,heuristic,jsn_predicted_success
9797791L,train,jsn_predicted,heuristic,jsn_predicted_success
9797791R,train,jsn_predicted,heuristic,jsn_predicted_success
9798351L,train,jsn_predicted,heuristic,jsn_predicted_success
9799305R,train,jsn_predicted,heuristic,jsn_predicted_success
9799900L,train,jsn_predicted,heuristic,jsn_predicted_success
9799900R,train,jsn_predicted,heuristic,jsn_predicted_success
9800098L,train,jsn_predicted,heuristic,jsn_predicted_success
9801148L,train,jsn_predicted,heuristic,jsn_predicted_success
9801148R,train,jsn_predicted,heuristic,jsn_predicted_success
9802320L,train,jsn_predicted,heuristic,jsn_predicted_success
9803586L,train,jsn_predicted,heuristic,jsn_predicted_success
9803694L,train,jsn_predicted,heuristic,jsn_predicted_success
9803694R,train,jsn_predicted,heuristic,jsn_predicted_success
9804216L,train,jsn_predicted,heuristic,jsn_predicted_success
9804216R,train,jsn_predicted,heuristic,jsn_predicted_success
9804361R,train,jsn_predicted,heuristic,jsn_predicted_success
9804837L,train,jsn_predicted,heuristic,jsn_predicted_success
9804837R,train,jsn_predicted,heuristic,jsn_predicted_success
9805712L,train,jsn_predicted,heuristic,jsn_predicted_success
9805712R,train,jsn_predicted,heuristic,jsn_predicted_success
9808600R,train,jsn_predicted,heuristic,jsn_predicted_success
9808818L,train,jsn_predicted,heuristic,jsn_predicted_success
9810432L,train,jsn_predicted,heuristic,jsn_predicted_success
9810742L,train,jsn_predicted,heuristic,jsn_predicted_success
9811475R,train,jsn_predicted,heuristic,jsn_predicted_success
9811840L,train,jsn_predicted,heuristic,jsn_predicted_success
9811840R,train,jsn_predicted,heuristic,jsn_predicted_success
9811971R,train,jsn_predicted,heuristic,jsn_predicted_success
9812168R,train,jsn_predicted,heuristic,jsn_predicted_success
9812667L,train,jsn_predicted,heuristic,jsn_predicted_success
9812667R,train,jsn_predicted,heuristic,jsn_predicted_success
9813958L,train,jsn_predicted,heuristic,jsn_predicted_success
9814657L,train,jsn_predicted,heuristic,jsn_predicted_success
9814657R,train,jsn_predicted,heuristic,jsn_predicted_success
9815358R,train,jsn_predicted,heuristic,jsn_predicted_success
9816138L,train,jsn_predicted,heuristic,jsn_predicted_success
9816736L,train,jsn_predicted,heuristic,jsn_predicted_success
9816736R,train,jsn_predicted,heuristic,jsn_predicted_success
9817241L,train,jsn_predicted,heuristic,jsn_predicted_success
9817241R,train,jsn_predicted,heuristic,jsn_predicted_success
9817477L,train,jsn_predicted,heuristic,jsn_predicted_success
9817477R,train,jsn_predicted,heuristic,jsn_predicted_success
9820245L,train,jsn_predicted,heuristic,jsn_predicted_success
9821265R,train,jsn_predicted,heuristic,jsn_predicted_success
9821794L,train,jsn_predicted,heuristic,jsn_predicted_success
9821794R,train,jsn_predicted,heuristic,jsn_predicted_success
9821872R,train,jsn_predicted,heuristic,jsn_predicted_success
9821982R,train,jsn_predicted,heuristic,jsn_predicted_success
9822877L,train,jsn_predicted,heuristic,jsn_predicted_success
9824703L,train,jsn_predicted,heuristic,jsn_predicted_success
9825707L,train,jsn_predicted,heuristic,jsn_predicted_success
9827057L,train,jsn_predicted,heuristic,jsn_predicted_success
9828433R,train,jsn_predicted,heuristic,jsn_predicted_success
9828555R,train,jsn_predicted,heuristic,jsn_predicted_success
9829813L,train,jsn_predicted,heuristic,jsn_predicted_success
9829813R,train,jsn_predicted,heuristic,jsn_predicted_success
9830316R,train,jsn_predicted,heuristic,jsn_predicted_success
9830818R,train,jsn_predicted,heuristic,jsn_predicted_success
9831929R,train,jsn_predicted,heuristic,jsn_predicted_success
9833489L,train,jsn_predicted,heuristic,jsn_predicted_success
9833809L,train,jsn_predicted,heuristic,jsn_predicted_success
9833887R,train,jsn_predicted,heuristic,jsn_predicted_success
9834325L,train,jsn_predicted,heuristic,jsn_predicted_success
9834586L,train,jsn_predicted,heuristic,jsn_predicted_success
9838272L,train,jsn_predicted,heuristic,jsn_predicted_success
9838272R,train,jsn_predicted,heuristic,jsn_predicted_success
9839030L,train,jsn_predicted,heuristic,jsn_predicted_success
9839030R,train,jsn_predicted,heuristic,jsn_predicted_success
9840817L,train,jsn_predicted,heuristic,jsn_predicted_success
9840837R,train,jsn_predicted,heuristic,jsn_predicted_success
9841838R,train,jsn_predicted,heuristic,jsn_predicted_success
9842543L,train,jsn_predicted,heuristic,jsn_predicted_success
9842543R,train,jsn_predicted,heuristic,jsn_predicted_success
9842579R,train,jsn_predicted,heuristic,jsn_predicted_success
9843845L,train,jsn_predicted,heuristic,jsn_predicted_success
9843845R,train,jsn_predicted,heuristic,jsn_predicted_success
9845238R,train,jsn_predicted,heuristic,jsn_predicted_success
9845361R,train,jsn_predicted,heuristic,jsn_predicted_success
9847107L,train,jsn_predicted,heuristic,jsn_predicted_success
9847107R,train,jsn_predicted,heuristic,jsn_predicted_success
9847579L,train,jsn_predicted,heuristic,jsn_predicted_success
9847579R,train,jsn_predicted,heuristic,jsn_predicted_success
9847873R,train,jsn_predicted,heuristic,jsn_predicted_success
9848263R,train,jsn_predicted,heuristic,jsn_predicted_success
9850865L,train,jsn_predicted,heuristic,jsn_predicted_success
9851134L,train,jsn_predicted,heuristic,jsn_predicted_success
9851134R,train,jsn_predicted,heuristic,jsn_predicted_success
9851309R,train,jsn_predicted,heuristic,jsn_predicted_success
9852668L,train,jsn_predicted,heuristic,jsn_predicted_success
9852668R,train,jsn_predicted,heuristic,jsn_predicted_success
9855059L,train,jsn_predicted,heuristic,jsn_predicted_success
9855117L,train,jsn_predicted,heuristic,jsn_predicted_success
9856561L,train,jsn_predicted,heuristic,jsn_predicted_success
9857800L,train,jsn_predicted,heuristic,jsn_predicted_success
9857800R,train,jsn_predicted,heuristic,jsn_predicted_success
9858300L,train,jsn_predicted,heuristic,jsn_predicted_success
9860831L,train,jsn_predicted,heuristic,jsn_predicted_success
9861824L,train,jsn_predicted,heuristic,jsn_predicted_success
9863737R,train,jsn_predicted,heuristic,jsn_predicted_success
9864266R,train,jsn_predicted,heuristic,jsn_predicted_success
9865818L,train,jsn_predicted,heuristic,jsn_predicted_success
9865818R,train,jsn_predicted,heuristic,jsn_predicted_success
9866765L,train,jsn_predicted,heuristic,jsn_predicted_success
9867760L,train,jsn_predicted,heuristic,jsn_predicted_success
9871347L,train,jsn_predicted,heuristic,jsn_predicted_success
9873102R,train,jsn_predicted,heuristic,jsn_predicted_success
9873823L,train,jsn_predicted,heuristic,jsn_predicted_success
9875231L,train,jsn_predicted,heuristic,jsn_predicted_success
9875231R,train,jsn_predicted,heuristic,jsn_predicted_success
9878220L,train,jsn_predicted,heuristic,jsn_predicted_success
9878220R,train,jsn_predicted,heuristic,jsn_predicted_success
9879285L,train,jsn_predicted,heuristic,jsn_predicted_success
9879285R,train,jsn_predicted,heuristic,jsn_predicted_success
9880321L,train,jsn_predicted,heuristic,jsn_predicted_success
9880321R,train,jsn_predicted,heuristic,jsn_predicted_success
9880455L,train,jsn_predicted,heuristic,jsn_predicted_success
9880455R,train,jsn_predicted,heuristic,jsn_predicted_success
9880794R,train,jsn_predicted,heuristic,jsn_predicted_success
9882209L,train,jsn_predicted,heuristic,jsn_predicted_success
9882209R,train,jsn_predicted,heuristic,jsn_predicted_success
9882788R,train,jsn_predicted,heuristic,jsn_predicted_success
9883115L,train,jsn_predicted,heuristic,jsn_predicted_success
9883115R,train,jsn_predicted,heuristic,jsn_predicted_success
9883539R,train,jsn_predicted,heuristic,jsn_predicted_success
9885303L,train,jsn_predicted,heuristic,jsn_predicted_success
9885588L,train,jsn_predicted,heuristic,jsn_predicted_success
9885588R,train,jsn_predicted,heuristic,jsn_predicted_success
9886047L,train,jsn_predicted,heuristic,jsn_predicted_success
9887094R,train,jsn_predicted,heuristic,jsn_predicted_success
9887703L,train,jsn_predicted,heuristic,jsn_predicted_success
9888768R,train,jsn_predicted,heuristic,jsn_predicted_success
9889523R,train,jsn_predicted,heuristic,jsn_predicted_success
9890238L,train,jsn_predicted,heuristic,jsn_predicted_success
9890264R,train,jsn_predicted,heuristic,jsn_predicted_success
9892270R,train,jsn_predicted,heuristic,jsn_predicted_success
9892418R,train,jsn_predicted,heuristic,jsn_predicted_success
9892765L,train,jsn_predicted,heuristic,jsn_predicted_success
9893182L,train,jsn_predicted,heuristic,jsn_predicted_success
9894047L,train,jsn_predicted,heuristic,jsn_predicted_success
9895256L,train,jsn_predicted,heuristic,jsn_predicted_success
9895256R,train,jsn_predicted,heuristic,jsn_predicted_success
9896242L,train,jsn_predicted,heuristic,jsn_predicted_success
9896772L,train,jsn_predicted,heuristic,jsn_predicted_success
9896772R,train,jsn_predicted,heuristic,jsn_predicted_success
9898745L,train,jsn_predicted,heuristic,jsn_predicted_success
9899098L,train,jsn_predicted,heuristic,jsn_predicted_success
9899098R,train,jsn_predicted,heuristic,jsn_predicted_success
9900166L,train,jsn_predicted,heuristic,jsn_predicted_success
9900166R,train,jsn_predicted,heuristic,jsn_predicted_success
9900668R,train,jsn_predicted,heuristic,jsn_predicted_success
9900971L,train,jsn_predicted,heuristic,jsn_predicted_success
9900971R,train,jsn_predicted,heuristic,jsn_predicted_success
9901749L,train,jsn_predicted,heuristic,jsn_predicted_success
9901749R,train,jsn_predicted,heuristic,jsn_predicted_success
9902235R,train,jsn_predicted,heuristic,jsn_predicted_success
9902576R,train,jsn_predicted,heuristic,jsn_predicted_success
9902772L,train,jsn_predicted,heuristic,jsn_predicted_success
9902900L,train,jsn_predicted,heuristic,jsn_predicted_success
9903903L,train,jsn_predicted,heuristic,jsn_predicted_success
9904541L,train,jsn_predicted,heuristic,jsn_predicted_success
9905156L,train,jsn_predicted,heuristic,jsn_predicted_success
9905156R,train,jsn_predicted,heuristic,jsn_predicted_success
9906008L,train,jsn_predicted,heuristic,jsn_predicted_success
9906008R,train,jsn_predicted,heuristic,jsn_predicted_success
9907282R,train,jsn_predicted,heuristic,jsn_predicted_success
9907998R,train,jsn_predicted,heuristic,jsn_predicted_success
9908089L,train,jsn_predicted,heuristic,jsn_predicted_success
9908089R,train,jsn_predicted,heuristic,jsn_predicted_success
9908796L,train,jsn_predicted,heuristic,jsn_predicted_success
9909790R,train,jsn_predicted,heuristic,jsn_predicted_success
9910719L,train,jsn_predicted,heuristic,jsn_predicted_success
9910719R,train,jsn_predicted,heuristic,jsn_predicted_success
9911575R,train,jsn_predicted,heuristic,jsn_predicted_success
9912228R,train,jsn_predicted,heuristic,jsn_predicted_success
9912275L,train,jsn_predicted,heuristic,jsn_predicted_success
9912946R,train,jsn_predicted,heuristic,jsn_predicted_success
9913281L,train,jsn_predicted,heuristic,jsn_predicted_success
9916319R,train,jsn_predicted,heuristic,jsn_predicted_success
9916496L,train,jsn_predicted,heuristic,jsn_predicted_success
9917284R,train,jsn_predicted,heuristic,jsn_predicted_success
9917307L,train,jsn_predicted,heuristic,jsn_predicted_success
9917307R,train,jsn_predicted,heuristic,jsn_predicted_success
9918051R,train,jsn_predicted,heuristic,jsn_predicted_success
9918304R,train,jsn_predicted,heuristic,jsn_predicted_success
9918649L,train,jsn_predicted,heuristic,jsn_predicted_success
9918649R,train,jsn_predicted,heuristic,jsn_predicted_success
9918802L,train,jsn_predicted,heuristic,jsn_predicted_success
9918802R,train,jsn_predicted,heuristic,jsn_predicted_success
9919499R,train,jsn_predicted,heuristic,jsn_predicted_success
9919842R,train,jsn_predicted,heuristic,jsn_predicted_success
9920140L,train,jsn_predicted,heuristic,jsn_predicted_success
9920168L,train,jsn_predicted,heuristic,jsn_predicted_success
9921149L,train,jsn_predicted,heuristic,jsn_predicted_success
9921149R,train,jsn_predicted,heuristic,jsn_predicted_success
9923619L,train,jsn_predicted,heuristic,jsn_predicted_success
9923619R,train,jsn_predicted,heuristic,jsn_predicted_success
9925131L,train,jsn_predicted,heuristic,jsn_predicted_success
9925760L,train,jsn_predicted,heuristic,jsn_predicted_success
9926101L,train,jsn_predicted,heuristic,jsn_predicted_success
9926101R,train,jsn_predicted,heuristic,jsn_predicted_success
9929132L,train,jsn_predicted,heuristic,jsn_predicted_success
9929132R,train,jsn_predicted,heuristic,jsn_predicted_success
9929823L,train,jsn_predicted,heuristic,jsn_predicted_success
9930679L,train,jsn_predicted,heuristic,jsn_predicted_success
9930679R,train,jsn_predicted,heuristic,jsn_predicted_success
9931271L,train,jsn_predicted,heuristic,jsn_predicted_success
9931271R,train,jsn_predicted,heuristic,jsn_predicted_success
9931474L,train,jsn_predicted,heuristic,jsn_predicted_success
9932092L,train,jsn_predicted,heuristic,jsn_predicted_success
9932809R,train,jsn_predicted,heuristic,jsn_predicted_success
9933459R,train,jsn_predicted,heuristic,jsn_predicted_success
9935307L,train,jsn_predicted,heuristic,jsn_predicted_success
9936312L,train,jsn_predicted,heuristic,jsn_predicted_success
9936451L,train,jsn_predicted,heuristic,jsn_predicted_success
9936451R,train,jsn_predicted,heuristic,jsn_predicted_success
9937829L,train,jsn_predicted,heuristic,jsn_predicted_success
9937829R,train,jsn_predicted,heuristic,jsn_predicted_success
9938636L,train,jsn_predicted,heuristic,jsn_predicted_success
9938725L,train,jsn_predicted,heuristic,jsn_predicted_success
9938725R,train,jsn_predicted,heuristic,jsn_predicted_success
9939547L,train,jsn_predicted,heuristic,jsn_predicted_success
9939718R,train,jsn_predicted,heuristic,jsn_predicted_success
9941231L,train,jsn_predicted,heuristic,jsn_predicted_success
9941231R,train,jsn_predicted,heuristic,jsn_predicted_success
9942553R,train,jsn_predicted,heuristic,jsn_predicted_success
9943818L,train,jsn_predicted,heuristic,jsn_predicted_success
9943818R,train,jsn_predicted,heuristic,jsn_predicted_success
9944030R,train,jsn_predicted,heuristic,jsn_predicted_success
9944117R,train,jsn_predicted,heuristic,jsn_predicted_success
9945335L,train,jsn_predicted,heuristic,jsn_predicted_success
9945335R,train,jsn_predicted,heuristic,jsn_predicted_success
9946304R,train,jsn_predicted,heuristic,jsn_predicted_success
9946330L,train,jsn_predicted,heuristic,jsn_predicted_success
9946330R,train,jsn_predicted,heuristic,jsn_predicted_success
9946501L,train,jsn_predicted,heuristic,jsn_predicted_success
9946501R,train,jsn_predicted,heuristic,jsn_predicted_success
9946967L,train,jsn_predicted,heuristic,jsn_predicted_success
9946967R,train,jsn_predicted,heuristic,jsn_predicted_success
9947321R,train,jsn_predicted,heuristic,jsn_predicted_success
9948298R,train,jsn_predicted,heuristic,jsn_predicted_success
9948322R,train,jsn_predicted,heuristic,jsn_predicted_success
9948792L,train,jsn_predicted,heuristic,jsn_predicted_success
9949194R,train,jsn_predicted,heuristic,jsn_predicted_success
9949321R,train,jsn_predicted,heuristic,jsn_predicted_success
9950688L,train,jsn_predicted,heuristic,jsn_predicted_success
9951284L,train,jsn_predicted,heuristic,jsn_predicted_success
9951312L,train,jsn_predicted,heuristic,jsn_predicted_success
9951312R,train,jsn_predicted,heuristic,jsn_predicted_success
9952108R,train,jsn_predicted,heuristic,jsn_predicted_success
9952273L,train,jsn_predicted,heuristic,jsn_predicted_success
9953183L,train,jsn_predicted,heuristic,jsn_predicted_success
9954735L,train,jsn_predicted,heuristic,jsn_predicted_success
9954735R,train,jsn_predicted,heuristic,jsn_predicted_success
9954937L,train,jsn_predicted,heuristic,jsn_predicted_success
9955276R,train,jsn_predicted,heuristic,jsn_predicted_success
9955365L,train,jsn_predicted,heuristic,jsn_predicted_success
9955365R,train,jsn_predicted,heuristic,jsn_predicted_success
9955820R,train,jsn_predicted,heuristic,jsn_predicted_success
9956869L,train,jsn_predicted,heuristic,jsn_predicted_success
9956869R,train,jsn_predicted,heuristic,jsn_predicted_success
9957730L,train,jsn_predicted,heuristic,jsn_predicted_success
9957730R,train,jsn_predicted,heuristic,jsn_predicted_success
9959293L,train,jsn_predicted,heuristic,jsn_predicted_success
9959293R,train,jsn_predicted,heuristic,jsn_predicted_success
9959640L,train,jsn_predicted,heuristic,jsn_predicted_success
9959748L,train,jsn_predicted,heuristic,jsn_predicted_success
9959748R,train,jsn_predicted,heuristic,jsn_predicted_success
9960747R,train,jsn_predicted,heuristic,jsn_predicted_success
9960832L,train,jsn_predicted,heuristic,jsn_predicted_success
9961307L,train,jsn_predicted,heuristic,jsn_predicted_success
9961307R,train,jsn_predicted,heuristic,jsn_predicted_success
9962155L,train,jsn_predicted,heuristic,jsn_predicted_success
9962749R,train,jsn_predicted,heuristic,jsn_predicted_success
9964826L,train,jsn_predicted,heuristic,jsn_predicted_success
9965231R,train,jsn_predicted,heuristic,jsn_predicted_success
9966825L,train,jsn_predicted,heuristic,jsn_predicted_success
9967211R,train,jsn_predicted,heuristic,jsn_predicted_success
9967358L,train,jsn_predicted,heuristic,jsn_predicted_success
9967728R,train,jsn_predicted,heuristic,jsn_predicted_success
9968283L,train,jsn_predicted,heuristic,jsn_predicted_success
9968283R,train,jsn_predicted,heuristic,jsn_predicted_success
9968721L,train,jsn_predicted,heuristic,jsn_predicted_success
9968721R,train,jsn_predicted,heuristic,jsn_predicted_success
9968800R,train,jsn_predicted,heuristic,jsn_predicted_success
9969009L,train,jsn_predicted,heuristic,jsn_predicted_success
9971531R,train,jsn_predicted,heuristic,jsn_predicted_success
9973773L,train,jsn_predicted,heuristic,jsn_predicted_success
9974776R,train,jsn_predicted,heuristic,jsn_predicted_success
9975327L,train,jsn_predicted,heuristic,jsn_predicted_success
9975327R,train,jsn_predicted,heuristic,jsn_predicted_success
9977206L,train,jsn_predicted,heuristic,jsn_predicted_success
9977985L,train,jsn_predicted,heuristic,jsn_predicted_success
9978026R,train,jsn_predicted,heuristic,jsn_predicted_success
9979265R,train,jsn_predicted,heuristic,jsn_predicted_success
9982186L,train,jsn_predicted,heuristic,jsn_predicted_success
9982314L,train,jsn_predicted,heuristic,jsn_predicted_success
9982314R,train,jsn_predicted,heuristic,jsn_predicted_success
9983246L,train,jsn_predicted,heuristic,jsn_predicted_success
9983309L,train,jsn_predicted,heuristic,jsn_predicted_success
9984485R,train,jsn_predicted,heuristic,jsn_predicted_success
9985277L,train,jsn_predicted,heuristic,jsn_predicted_success
9985277R,train,jsn_predicted,heuristic,jsn_predicted_success
9985321R,train,jsn_predicted,heuristic,jsn_predicted_success
9988421L,train,jsn_predicted,heuristic,jsn_predicted_success
9988820R,train,jsn_predicted,heuristic,jsn_predicted_success
9991313R,train,jsn_predicted,heuristic,jsn_predicted_success
9992358R,train,jsn_predicted,heuristic,jsn_predicted_success
9992756R,train,jsn_predicted,heuristic,jsn_predicted_success
9993650R,train,jsn_predicted,heuristic,jsn_predicted_success
9994408L,train,jsn_predicted,heuristic,jsn_predicted_success
9995338L,train,jsn_predicted,heuristic,jsn_predicted_success
9996098L,train,jsn_predicted,heuristic,jsn_predicted_success
9997610R,train,jsn_predicted,heuristic,jsn_predicted_success
9999878R,train,jsn_predicted,heuristic,jsn_predicted_success
9081306R,train,jsn_predicted,heuristic,jsn_predicted_success
9083898L,train,jsn_predicted,heuristic,jsn_predicted_success
9085290L,train,jsn_predicted,heuristic,jsn_predicted_success
9085790L,train,jsn_predicted,heuristic,jsn_predicted_success
9085790R,train,jsn_predicted,heuristic,jsn_predicted_success
9087863R,train,jsn_predicted,heuristic,jsn_predicted_success
9088414R,train,jsn_predicted,heuristic,jsn_predicted_success
9089138R,train,jsn_predicted,heuristic,jsn_predicted_success
9091131R,train,jsn_predicted,heuristic,jsn_predicted_success
9091337L,train,jsn_predicted,heuristic,jsn_predicted_success
9093108L,train,jsn_predicted,heuristic,jsn_predicted_success
9093126L,train,jsn_predicted,heuristic,jsn_predicted_success
9094140L,train,jsn_predicted,heuristic,jsn_predicted_success
9094140R,train,jsn_predicted,heuristic,jsn_predicted_success
9095865L,train,jsn_predicted,heuristic,jsn_predicted_success
9096402L,train,jsn_predicted,heuristic,jsn_predicted_success
9096724L,train,jsn_predicted,heuristic,jsn_predicted_success
9103642R,train,jsn_predicted,heuristic,jsn_predicted_success
9109448R,train,jsn_predicted,heuristic,jsn_predicted_success
9117066L,train,jsn_predicted,heuristic,jsn_predicted_success
9117066R,train,jsn_predicted,heuristic,jsn_predicted_success
9117951R,train,jsn_predicted,heuristic,jsn_predicted_success
9118061L,train,jsn_predicted,heuristic,jsn_predicted_success
9118430L,train,jsn_predicted,heuristic,jsn_predicted_success
9119527R,train,jsn_predicted,heuristic,jsn_predicted_success
9121285L,train,jsn_predicted,heuristic,jsn_predicted_success
9122643L,train,jsn_predicted,heuristic,jsn_predicted_success
9122877L,train,jsn_predicted,heuristic,jsn_predicted_success
9122877R,train,jsn_predicted,heuristic,jsn_predicted_success
9126014L,train,jsn_predicted,heuristic,jsn_predicted_success
9127864L,train,jsn_predicted,heuristic,jsn_predicted_success
9130672L,train,jsn_predicted,heuristic,jsn_predicted_success
9130672R,train,jsn_predicted,heuristic,jsn_predicted_success
9132472R,train,jsn_predicted,heuristic,jsn_predicted_success
9133340L,train,jsn_predicted,heuristic,jsn_predicted_success
9134955L,train,jsn_predicted,heuristic,jsn_predicted_success
9135342L,train,jsn_predicted,heuristic,jsn_predicted_success
9135342R,train,jsn_predicted,heuristic,jsn_predicted_success
9135838R,train,jsn_predicted,heuristic,jsn_predicted_success
9136240L,train,jsn_predicted,heuristic,jsn_predicted_success
9136240R,train,jsn_predicted,heuristic,jsn_predicted_success
9137840L,train,jsn_predicted,heuristic,jsn_predicted_success
9137840R,train,jsn_predicted,heuristic,jsn_predicted_success
9138965R,train,jsn_predicted,heuristic,jsn_predicted_success
9140600R,train,jsn_predicted,heuristic,jsn_predicted_success
9140640L,train,jsn_predicted,heuristic,jsn_predicted_success
9140640R,train,jsn_predicted,heuristic,jsn_predicted_success
9142896R,train,jsn_predicted,heuristic,jsn_predicted_success
9145384R,train,jsn_predicted,heuristic,jsn_predicted_success
9146462R,train,jsn_predicted,heuristic,jsn_predicted_success
9148091L,train,jsn_predicted,heuristic,jsn_predicted_success
9148091R,train,jsn_predicted,heuristic,jsn_predicted_success
9148300L,train,jsn_predicted,heuristic,jsn_predicted_success
9158391L,train,jsn_predicted,heuristic,jsn_predicted_success
9159401L,train,jsn_predicted,heuristic,jsn_predicted_success
9159401R,train,jsn_predicted,heuristic,jsn_predicted_success
9159540L,train,jsn_predicted,heuristic,jsn_predicted_success
9159804L,train,jsn_predicted,heuristic,jsn_predicted_success
9159804R,train,jsn_predicted,heuristic,jsn_predicted_success
9161024R,train,jsn_predicted,heuristic,jsn_predicted_success
9162299R,train,jsn_predicted,heuristic,jsn_predicted_success
9168770L,train,jsn_predicted,heuristic,jsn_predicted_success
9174216L,train,jsn_predicted,heuristic,jsn_predicted_success
9174216R,train,jsn_predicted,heuristic,jsn_predicted_success
9176893R,train,jsn_predicted,heuristic,jsn_predicted_success
9178448L,train,jsn_predicted,heuristic,jsn_predicted_success
9180558L,train,jsn_predicted,heuristic,jsn_predicted_success
9184588R,train,jsn_predicted,heuristic,jsn_predicted_success
9184628R,train,jsn_predicted,heuristic,jsn_predicted_success
9187064R,train,jsn_predicted,heuristic,jsn_predicted_success
9188345R,train,jsn_predicted,heuristic,jsn_predicted_success
9188806L,train,jsn_predicted,heuristic,jsn_predicted_success
9196959L,train,jsn_predicted,heuristic,jsn_predicted_success
9200014L,train,jsn_predicted,heuristic,jsn_predicted_success
9202077L,train,jsn_predicted,heuristic,jsn_predicted_success
9202077R,train,jsn_predicted,heuristic,jsn_predicted_success
9202456L,train,jsn_predicted,heuristic,jsn_predicted_success
9203057L,train,jsn_predicted,heuristic,jsn_predicted_success
9206450L,train,jsn_predicted,heuristic,jsn_predicted_success
9208016L,train,jsn_predicted,heuristic,jsn_predicted_success
9208016R,train,jsn_predicted,heuristic,jsn_predicted_success
9208400L,train,jsn_predicted,heuristic,jsn_predicted_success
9210045L,train,jsn_predicted,heuristic,jsn_predicted_success
9211547R,train,jsn_predicted,heuristic,jsn_predicted_success
9211869L,train,jsn_predicted,heuristic,jsn_predicted_success
9211869R,train,jsn_predicted,heuristic,jsn_predicted_success
9212052L,train,jsn_predicted,heuristic,jsn_predicted_success
9212530L,train,jsn_predicted,heuristic,jsn_predicted_success
9218935L,train,jsn_predicted,heuristic,jsn_predicted_success
9222596L,train,jsn_predicted,heuristic,jsn_predicted_success
9223576L,train,jsn_predicted,heuristic,jsn_predicted_success
9223576R,train,jsn_predicted,heuristic,jsn_predicted_success
9223590R,train,jsn_predicted,heuristic,jsn_predicted_success
9224012L,train,jsn_predicted,heuristic,jsn_predicted_success
9226021R,train,jsn_predicted,heuristic,jsn_predicted_success
9228295L,train,jsn_predicted,heuristic,jsn_predicted_success
9228295R,train,jsn_predicted,heuristic,jsn_predicted_success
9239552R,train,jsn_predicted,heuristic,jsn_predicted_success
9242457L,train,jsn_predicted,heuristic,jsn_predicted_success
9246538R,train,jsn_predicted,heuristic,jsn_predicted_success
9249437L,train,jsn_predicted,heuristic,jsn_predicted_success
9249437R,train,jsn_predicted,heuristic,jsn_predicted_success
9255429L,train,jsn_predicted,heuristic,jsn_predicted_success
9256759L,train,jsn_predicted,heuristic,jsn_predicted_success
9258562R,train,jsn_predicted,heuristic,jsn_predicted_success
9259394R,train,jsn_predicted,heuristic,jsn_predicted_success
9262149R,train,jsn_predicted,heuristic,jsn_predicted_success
9266274R,train,jsn_predicted,heuristic,jsn_predicted_success
9266394R,train,jsn_predicted,heuristic,jsn_predicted_success
9269275L,train,jsn_predicted,heuristic,jsn_predicted_success
9269275R,train,jsn_predicted,heuristic,jsn_predicted_success
9269383L,train,jsn_predicted,heuristic,jsn_predicted_success
9269383R,train,jsn_predicted,heuristic,jsn_predicted_success
9269942L,train,jsn_predicted,heuristic,jsn_predicted_success
9274132R,train,jsn_predicted,heuristic,jsn_predicted_success
9276684L,train,jsn_predicted,heuristic,jsn_predicted_success
9278228L,train,jsn_predicted,heuristic,jsn_predicted_success
9278404R,train,jsn_predicted,heuristic,jsn_predicted_success
9279291R,train,jsn_predicted,heuristic,jsn_predicted_success
9287216L,train,jsn_predicted,heuristic,jsn_predicted_success
9287346L,train,jsn_predicted,heuristic,jsn_predicted_success
9287346R,train,jsn_predicted,heuristic,jsn_predicted_success
9288217R,train,jsn_predicted,heuristic,jsn_predicted_success
9289212L,train,jsn_predicted,heuristic,jsn_predicted_success
9293216L,train,jsn_predicted,heuristic,jsn_predicted_success
9295946R,train,jsn_predicted,heuristic,jsn_predicted_success
9298541L,train,jsn_predicted,heuristic,jsn_predicted_success
9300338L,train,jsn_predicted,heuristic,jsn_predicted_success
9300796R,train,jsn_predicted,heuristic,jsn_predicted_success
9303548L,train,jsn_predicted,heuristic,jsn_predicted_success
9303548R,train,jsn_predicted,heuristic,jsn_predicted_success
9308482R,train,jsn_predicted,heuristic,jsn_predicted_success
9311328R,train,jsn_predicted,heuristic,jsn_predicted_success
9313331L,train,jsn_predicted,heuristic,jsn_predicted_success
9314305L,train,jsn_predicted,heuristic,jsn_predicted_success
9314341R,train,jsn_predicted,heuristic,jsn_predicted_success
9320001L,train,jsn_predicted,heuristic,jsn_predicted_success
9321380R,train,jsn_predicted,heuristic,jsn_predicted_success
9324400R,train,jsn_predicted,heuristic,jsn_predicted_success
9326657L,train,jsn_predicted,heuristic,jsn_predicted_success
9326831L,train,jsn_predicted,heuristic,jsn_predicted_success
9326831R,train,jsn_predicted,heuristic,jsn_predicted_success
9327968L,train,jsn_predicted,heuristic,jsn_predicted_success
9330155R,train,jsn_predicted,heuristic,jsn_predicted_success
9331053L,train,jsn_predicted,heuristic,jsn_predicted_success
9332085R,train,jsn_predicted,heuristic,jsn_predicted_success
9332151L,train,jsn_predicted,heuristic,jsn_predicted_success
9332345L,train,jsn_predicted,heuristic,jsn_predicted_success
9333528L,train,jsn_predicted,heuristic,jsn_predicted_success
9333528R,train,jsn_predicted,heuristic,jsn_predicted_success
9335072L,train,jsn_predicted,heuristic,jsn_predicted_success
9336300L,train,jsn_predicted,heuristic,jsn_predicted_success
9336300R,train,jsn_predicted,heuristic,jsn_predicted_success
9336746L,train,jsn_predicted,heuristic,jsn_predicted_success
9342351L,train,jsn_predicted,heuristic,jsn_predicted_success
9342351R,train,jsn_predicted,heuristic,jsn_predicted_success
9344414L,train,jsn_predicted,heuristic,jsn_predicted_success
9349261L,train,jsn_predicted,heuristic,jsn_predicted_success
9349261R,train,jsn_predicted,heuristic,jsn_predicted_success
9351700L,train,jsn_predicted,heuristic,jsn_predicted_success
9352020R,train,jsn_predicted,heuristic,jsn_predicted_success
9354699L,train,jsn_predicted,heuristic,jsn_predicted_success
9354699R,train,jsn_predicted,heuristic,jsn_predicted_success
9357383L,train,jsn_predicted,heuristic,jsn_predicted_success
9359202L,train,jsn_predicted,heuristic,jsn_predicted_success
9359202R,train,jsn_predicted,heuristic,jsn_predicted_success
9365356L,train,jsn_predicted,heuristic,jsn_predicted_success
9369286R,train,jsn_predicted,heuristic,jsn_predicted_success
9370180R,train,jsn_predicted,heuristic,jsn_predicted_success
9371267R,train,jsn_predicted,heuristic,jsn_predicted_success
9373191R,train,jsn_predicted,heuristic,jsn_predicted_success
9374200R,train,jsn_predicted,heuristic,jsn_predicted_success
9374775L,train,jsn_predicted,heuristic,jsn_predicted_success
9375317R,train,jsn_predicted,heuristic,jsn_predicted_success
9376106R,train,jsn_predicted,heuristic,jsn_predicted_success
9376280L,train,jsn_predicted,heuristic,jsn_predicted_success
9378009L,train,jsn_predicted,heuristic,jsn_predicted_success
9378267L,train,jsn_predicted,heuristic,jsn_predicted_success
9381181L,train,jsn_predicted,heuristic,jsn_predicted_success
9381251R,train,jsn_predicted,heuristic,jsn_predicted_success
9382719R,train,jsn_predicted,heuristic,jsn_predicted_success
9385075L,train,jsn_predicted,heuristic,jsn_predicted_success
9385075R,train,jsn_predicted,heuristic,jsn_predicted_success
9386206L,train,jsn_predicted,heuristic,jsn_predicted_success
9390205L,train,jsn_predicted,heuristic,jsn_predicted_success
9390205R,train,jsn_predicted,heuristic,jsn_predicted_success
9390312R,train,jsn_predicted,heuristic,jsn_predicted_success
9390719L,train,jsn_predicted,heuristic,jsn_predicted_success
9390719R,train,jsn_predicted,heuristic,jsn_predicted_success
9390995R,train,jsn_predicted,heuristic,jsn_predicted_success
9391061L,train,jsn_predicted,heuristic,jsn_predicted_success
9391061R,train,jsn_predicted,heuristic,jsn_predicted_success
9391126R,train,jsn_predicted,heuristic,jsn_predicted_success
9391984R,train,jsn_predicted,heuristic,jsn_predicted_success
9393527L,train,jsn_predicted,heuristic,jsn_predicted_success
9393527R,train,jsn_predicted,heuristic,jsn_predicted_success
9393987L,train,jsn_predicted,heuristic,jsn_predicted_success
9394602L,train,jsn_predicted,heuristic,jsn_predicted_success
9395121R,train,jsn_predicted,heuristic,jsn_predicted_success
9396968L,train,jsn_predicted,heuristic,jsn_predicted_success
9396994R,train,jsn_predicted,heuristic,jsn_predicted_success
9401202L,train,jsn_predicted,heuristic,jsn_predicted_success
9402139L,train,jsn_predicted,heuristic,jsn_predicted_success
9402960L,train,jsn_predicted,heuristic,jsn_predicted_success
9403232L,train,jsn_predicted,heuristic,jsn_predicted_success
9405154L,train,jsn_predicted,heuristic,jsn_predicted_success
9405154R,train,jsn_predicted,heuristic,jsn_predicted_success
9407052L,train,jsn_predicted,heuristic,jsn_predicted_success
9407052R,train,jsn_predicted,heuristic,jsn_predicted_success
9410340L,train,jsn_predicted,heuristic,jsn_predicted_success
9414291R,train,jsn_predicted,heuristic,jsn_predicted_success
9414391R,train,jsn_predicted,heuristic,jsn_predicted_success
9415069L,train,jsn_predicted,heuristic,jsn_predicted_success
9417307L,train,jsn_predicted,heuristic,jsn_predicted_success
9417965L,train,jsn_predicted,heuristic,jsn_predicted_success
9419001L,train,jsn_predicted,heuristic,jsn_predicted_success
9419001R,train,jsn_predicted,heuristic,jsn_predicted_success
9421389L,train,jsn_predicted,heuristic,jsn_predicted_success
9423008L,train,jsn_predicted,heuristic,jsn_predicted_success
9425183R,train,jsn_predicted,heuristic,jsn_predicted_success
9425661L,train,jsn_predicted,heuristic,jsn_predicted_success
9427858L,train,jsn_predicted,heuristic,jsn_predicted_success
9427858R,train,jsn_predicted,heuristic,jsn_predicted_success
9429009R,train,jsn_predicted,heuristic,jsn_predicted_success
9430102R,train,jsn_predicted,heuristic,jsn_predicted_success
9430147R,train,jsn_predicted,heuristic,jsn_predicted_success
9435109L,train,jsn_predicted,heuristic,jsn_predicted_success
9435233L,train,jsn_predicted,heuristic,jsn_predicted_success
9435233R,train,jsn_predicted,heuristic,jsn_predicted_success
9435335L,train,jsn_predicted,heuristic,jsn_predicted_success
9439411L,train,jsn_predicted,heuristic,jsn_predicted_success
9441420R,train,jsn_predicted,heuristic,jsn_predicted_success
9441861L,train,jsn_predicted,heuristic,jsn_predicted_success
9441861R,train,jsn_predicted,heuristic,jsn_predicted_success
9444401R,train,jsn_predicted,heuristic,jsn_predicted_success
9447264L,train,jsn_predicted,heuristic,jsn_predicted_success
9448098L,train,jsn_predicted,heuristic,jsn_predicted_success
9448221L,train,jsn_predicted,heuristic,jsn_predicted_success
9449834R,train,jsn_predicted,heuristic,jsn_predicted_success
9452100L,train,jsn_predicted,heuristic,jsn_predicted_success
9452100R,train,jsn_predicted,heuristic,jsn_predicted_success
9452305L,train,jsn_predicted,heuristic,jsn_predicted_success
9453364R,train,jsn_predicted,heuristic,jsn_predicted_success
9454239L,train,jsn_predicted,heuristic,jsn_predicted_success
9454284L,train,jsn_predicted,heuristic,jsn_predicted_success
9454284R,train,jsn_predicted,heuristic,jsn_predicted_success
9454505L,train,jsn_predicted,heuristic,jsn_predicted_success
9456548R,train,jsn_predicted,heuristic,jsn_predicted_success
9458416R,train,jsn_predicted,heuristic,jsn_predicted_success
9458868L,train,jsn_predicted,heuristic,jsn_predicted_success
9460377R,train,jsn_predicted,heuristic,jsn_predicted_success
9462278L,train,jsn_predicted,heuristic,jsn_predicted_success
9464640L,train,jsn_predicted,heuristic,jsn_predicted_success
9464640R,train,jsn_predicted,heuristic,jsn_predicted_success
9465298L,train,jsn_predicted,heuristic,jsn_predicted_success
9465413L,train,jsn_predicted,heuristic,jsn_predicted_success
9467154R,train,jsn_predicted,heuristic,jsn_predicted_success
9467278L,train,jsn_predicted,heuristic,jsn_predicted_success
9467278R,train,jsn_predicted,heuristic,jsn_predicted_success
9469318R,train,jsn_predicted,heuristic,jsn_predicted_success
9472164R,train,jsn_predicted,heuristic,jsn_predicted_success
9472327R,train,jsn_predicted,heuristic,jsn_predicted_success
9473331R,train,jsn_predicted,heuristic,jsn_predicted_success
9475264L,train,jsn_predicted,heuristic,jsn_predicted_success
9475286L,train,jsn_predicted,heuristic,jsn_predicted_success
9477175R,train,jsn_predicted,heuristic,jsn_predicted_success
9477205L,train,jsn_predicted,heuristic,jsn_predicted_success
9477205R,train,jsn_predicted,heuristic,jsn_predicted_success
9477358R,train,jsn_predicted,heuristic,jsn_predicted_success
9477612L,train,jsn_predicted,heuristic,jsn_predicted_success
9478060L,train,jsn_predicted,heuristic,jsn_predicted_success
9478285L,train,jsn_predicted,heuristic,jsn_predicted_success
9478285R,train,jsn_predicted,heuristic,jsn_predicted_success
9478610L,train,jsn_predicted,heuristic,jsn_predicted_success
9478732L,train,jsn_predicted,heuristic,jsn_predicted_success
9478732R,train,jsn_predicted,heuristic,jsn_predicted_success
9480215R,train,jsn_predicted,heuristic,jsn_predicted_success
9480480L,train,jsn_predicted,heuristic,jsn_predicted_success
9481413L,train,jsn_predicted,heuristic,jsn_predicted_success
9481413R,train,jsn_predicted,heuristic,jsn_predicted_success
9481628L,train,jsn_predicted,heuristic,jsn_predicted_success
9482482L,train,jsn_predicted,heuristic,jsn_predicted_success
9482482R,train,jsn_predicted,heuristic,jsn_predicted_success
9483335L,train,jsn_predicted,heuristic,jsn_predicted_success
9486452R,train,jsn_predicted,heuristic,jsn_predicted_success
9486992R,train,jsn_predicted,heuristic,jsn_predicted_success
9491862R,train,jsn_predicted,heuristic,jsn_predicted_success
9492863L,train,jsn_predicted,heuristic,jsn_predicted_success
9493245L,train,jsn_predicted,heuristic,jsn_predicted_success
9493245R,train,jsn_predicted,heuristic,jsn_predicted_success
9497534L,train,jsn_predicted,heuristic,jsn_predicted_success
9497534R,train,jsn_predicted,heuristic,jsn_predicted_success
9498365R,train,jsn_predicted,heuristic,jsn_predicted_success
9500365L,train,jsn_predicted,heuristic,jsn_predicted_success
9500365R,train,jsn_predicted,heuristic,jsn_predicted_success
9502301L,train,jsn_predicted,heuristic,jsn_predicted_success
9503347L,train,jsn_predicted,heuristic,jsn_predicted_success
9504862R,train,jsn_predicted,heuristic,jsn_predicted_success
9508335R,train,jsn_predicted,heuristic,jsn_predicted_success
9511423R,train,jsn_predicted,heuristic,jsn_predicted_success
9513566L,train,jsn_predicted,heuristic,jsn_predicted_success
9517311R,train,jsn_predicted,heuristic,jsn_predicted_success
9518765L,train,jsn_predicted,heuristic,jsn_predicted_success
9518765R,train,jsn_predicted,heuristic,jsn_predicted_success
9519044R,train,jsn_predicted,heuristic,jsn_predicted_success
9524398R,train,jsn_predicted,heuristic,jsn_predicted_success
9525878R,train,jsn_predicted,heuristic,jsn_predicted_success
9526247L,train,jsn_predicted,heuristic,jsn_predicted_success
9526396R,train,jsn_predicted,heuristic,jsn_predicted_success
9526739L,train,jsn_predicted,heuristic,jsn_predicted_success
9526739R,train,jsn_predicted,heuristic,jsn_predicted_success
9528647L,train,jsn_predicted,heuristic,jsn_predicted_success
9529676L,train,jsn_predicted,heuristic,jsn_predicted_success
9534072R,train,jsn_predicted,heuristic,jsn_predicted_success
9534616R,train,jsn_predicted,heuristic,jsn_predicted_success
9534875L,train,jsn_predicted,heuristic,jsn_predicted_success
9534875R,train,jsn_predicted,heuristic,jsn_predicted_success
9535191L,train,jsn_predicted,heuristic,jsn_predicted_success
9537408L,train,jsn_predicted,heuristic,jsn_predicted_success
9537408R,train,jsn_predicted,heuristic,jsn_predicted_success
9540883L,train,jsn_predicted,heuristic,jsn_predicted_success
9540883R,train,jsn_predicted,heuristic,jsn_predicted_success
9543202L,train,jsn_predicted,heuristic,jsn_predicted_success
9543202R,train,jsn_predicted,heuristic,jsn_predicted_success
9546613L,train,jsn_predicted,heuristic,jsn_predicted_success
9547043L,train,jsn_predicted,heuristic,jsn_predicted_success
9547043R,train,jsn_predicted,heuristic,jsn_predicted_success
9547154L,train,jsn_predicted,heuristic,jsn_predicted_success
9547902R,train,jsn_predicted,heuristic,jsn_predicted_success
9548159R,train,jsn_predicted,heuristic,jsn_predicted_success
9549107L,train,jsn_predicted,heuristic,jsn_predicted_success
9551556R,train,jsn_predicted,heuristic,jsn_predicted_success
9556608R,train,jsn_predicted,heuristic,jsn_predicted_success
9557454R,train,jsn_predicted,heuristic,jsn_predicted_success
9558136R,train,jsn_predicted,heuristic,jsn_predicted_success
9559691L,train,jsn_predicted,heuristic,jsn_predicted_success
9562981R,train,jsn_predicted,heuristic,jsn_predicted_success
9564189L,train,jsn_predicted,heuristic,jsn_predicted_success
9564729L,train,jsn_predicted,heuristic,jsn_predicted_success
9564729R,train,jsn_predicted,heuristic,jsn_predicted_success
9566148L,train,jsn_predicted,heuristic,jsn_predicted_success
9566704L,train,jsn_predicted,heuristic,jsn_predicted_success
9567704L,train,jsn_predicted,heuristic,jsn_predicted_success
9568974R,train,jsn_predicted,heuristic,jsn_predicted_success
9571631L,train,jsn_predicted,heuristic,jsn_predicted_success
9575273R,train,jsn_predicted,heuristic,jsn_predicted_success
9576138L,train,jsn_predicted,heuristic,jsn_predicted_success
9576138R,train,jsn_predicted,heuristic,jsn_predicted_success
9576736L,train,jsn_predicted,heuristic,jsn_predicted_success
9577982R,train,jsn_predicted,heuristic,jsn_predicted_success
9585931L,train,jsn_predicted,heuristic,jsn_predicted_success
9586227R,train,jsn_predicted,heuristic,jsn_predicted_success
9591230R,train,jsn_predicted,heuristic,jsn_predicted_success
9592258R,train,jsn_predicted,heuristic,jsn_predicted_success
9592750L,train,jsn_predicted,heuristic,jsn_predicted_success
9592926L,train,jsn_predicted,heuristic,jsn_predicted_success
9594111L,train,jsn_predicted,heuristic,jsn_predicted_success
9595179L,train,jsn_predicted,heuristic,jsn_predicted_success
9595179R,train,jsn_predicted,heuristic,jsn_predicted_success
9595235L,train,jsn_predicted,heuristic,jsn_predicted_success
9595235R,train,jsn_predicted,heuristic,jsn_predicted_success
9595419L,train,jsn_predicted,heuristic,jsn_predicted_success
9596610L,train,jsn_predicted,heuristic,jsn_predicted_success
9596610R,train,jsn_predicted,heuristic,jsn_predicted_success
9597241R,train,jsn_predicted,heuristic,jsn_predicted_success
9597990R,train,jsn_predicted,heuristic,jsn_predicted_success
9601716L,train,jsn_predicted,heuristic,jsn_predicted_success
9602190R,train,jsn_predicted,heuristic,jsn_predicted_success
9602703L,train,jsn_predicted,heuristic,jsn_predicted_success
9602703R,train,jsn_predicted,heuristic,jsn_predicted_success
9603227R,train,jsn_predicted,heuristic,jsn_predicted_success
9605714L,train,jsn_predicted,heuristic,jsn_predicted_success
9605714R,train,jsn_predicted,heuristic,jsn_predicted_success
9613488R,train,jsn_predicted,heuristic,jsn_predicted_success
9614429L,train,jsn_predicted,heuristic,jsn_predicted_success
9615420R,train,jsn_predicted,heuristic,jsn_predicted_success
9615916L,train,jsn_predicted,heuristic,jsn_predicted_success
9615916R,train,jsn_predicted,heuristic,jsn_predicted_success
9619698L,train,jsn_predicted,heuristic,jsn_predicted_success
9622083R,train,jsn_predicted,heuristic,jsn_predicted_success
9625432R,train,jsn_predicted,heuristic,jsn_predicted_success
9626197L,train,jsn_predicted,heuristic,jsn_predicted_success
9627716R,train,jsn_predicted,heuristic,jsn_predicted_success
9628081R,train,jsn_predicted,heuristic,jsn_predicted_success
9631713R,train,jsn_predicted,heuristic,jsn_predicted_success
9634187L,train,jsn_predicted,heuristic,jsn_predicted_success
9634187R,train,jsn_predicted,heuristic,jsn_predicted_success
9637676R,train,jsn_predicted,heuristic,jsn_predicted_success
9638123L,train,jsn_predicted,heuristic,jsn_predicted_success
9639388L,train,jsn_predicted,heuristic,jsn_predicted_success
9640119R,train,jsn_predicted,heuristic,jsn_predicted_success
9640473L,train,jsn_predicted,heuristic,jsn_predicted_success
9640473R,train,jsn_predicted,heuristic,jsn_predicted_success
9641888L,train,jsn_predicted,heuristic,jsn_predicted_success
9641888R,train,jsn_predicted,heuristic,jsn_predicted_success
9642695L,train,jsn_predicted,heuristic,jsn_predicted_success
9643944L,train,jsn_predicted,heuristic,jsn_predicted_success
9645683R,train,jsn_predicted,heuristic,jsn_predicted_success
9645958L,train,jsn_predicted,heuristic,jsn_predicted_success
9646196L,train,jsn_predicted,heuristic,jsn_predicted_success
9646958L,train,jsn_predicted,heuristic,jsn_predicted_success
9650272L,train,jsn_predicted,heuristic,jsn_predicted_success
9650272R,train,jsn_predicted,heuristic,jsn_predicted_success
9650527L,train,jsn_predicted,heuristic,jsn_predicted_success
9654146L,train,jsn_predicted,heuristic,jsn_predicted_success
9654146R,train,jsn_predicted,heuristic,jsn_predicted_success
9656559R,train,jsn_predicted,heuristic,jsn_predicted_success
9659155L,train,jsn_predicted,heuristic,jsn_predicted_success
9659472L,train,jsn_predicted,heuristic,jsn_predicted_success
9660607R,train,jsn_predicted,heuristic,jsn_predicted_success
9661460L,train,jsn_predicted,heuristic,jsn_predicted_success
9661460R,train,jsn_predicted,heuristic,jsn_predicted_success
9663614L,train,jsn_predicted,heuristic,jsn_predicted_success
9663614R,train,jsn_predicted,heuristic,jsn_predicted_success
9665234R,train,jsn_predicted,heuristic,jsn_predicted_success
9666175L,train,jsn_predicted,heuristic,jsn_predicted_success
9676235L,train,jsn_predicted,heuristic,jsn_predicted_success
9680591L,train,jsn_predicted,heuristic,jsn_predicted_success
9680591R,train,jsn_predicted,heuristic,jsn_predicted_success
9680614L,train,jsn_predicted,heuristic,jsn_predicted_success
9680614R,train,jsn_predicted,heuristic,jsn_predicted_success
9684122L,train,jsn_predicted,heuristic,jsn_predicted_success
9684122R,train,jsn_predicted,heuristic,jsn_predicted_success
9684822L,train,jsn_predicted,heuristic,jsn_predicted_success
9684822R,train,jsn_predicted,heuristic,jsn_predicted_success
9686590L,train,jsn_predicted,heuristic,jsn_predicted_success
9686590R,train,jsn_predicted,heuristic,jsn_predicted_success
9687273R,train,jsn_predicted,heuristic,jsn_predicted_success
9687779L,train,jsn_predicted,heuristic,jsn_predicted_success
9692417R,train,jsn_predicted,heuristic,jsn_predicted_success
9693364L,train,jsn_predicted,heuristic,jsn_predicted_success
9695430L,train,jsn_predicted,heuristic,jsn_predicted_success
9696350L,train,jsn_predicted,heuristic,jsn_predicted_success
9696975L,train,jsn_predicted,heuristic,jsn_predicted_success
9700341R,train,jsn_predicted,heuristic,jsn_predicted_success
9701707R,train,jsn_predicted,heuristic,jsn_predicted_success
9704476L,train,jsn_predicted,heuristic,jsn_predicted_success
9707649L,train,jsn_predicted,heuristic,jsn_predicted_success
9707649R,train,jsn_predicted,heuristic,jsn_predicted_success
9709906R,train,jsn_predicted,heuristic,jsn_predicted_success
9711284R,train,jsn_predicted,heuristic,jsn_predicted_success
9712762R,train,jsn_predicted,heuristic,jsn_predicted_success
9715626L,train,jsn_predicted,heuristic,jsn_predicted_success
9716393R,train,jsn_predicted,heuristic,jsn_predicted_success
9716943R,train,jsn_predicted,heuristic,jsn_predicted_success
9716984R,train,jsn_predicted,heuristic,jsn_predicted_success
9718322L,train,jsn_predicted,heuristic,jsn_predicted_success
9718322R,train,jsn_predicted,heuristic,jsn_predicted_success
9718881R,train,jsn_predicted,heuristic,jsn_predicted_success
9721284L,train,jsn_predicted,heuristic,jsn_predicted_success
9722021L,train,jsn_predicted,heuristic,jsn_predicted_success
9725474L,train,jsn_predicted,heuristic,jsn_predicted_success
9725474R,train,jsn_predicted,heuristic,jsn_predicted_success
9726778L,train,jsn_predicted,heuristic,jsn_predicted_success
9727207R,train,jsn_predicted,heuristic,jsn_predicted_success
9727481L,train,jsn_predicted,heuristic,jsn_predicted_success
9727481R,train,jsn_predicted,heuristic,jsn_predicted_success
9727984R,train,jsn_predicted,heuristic,jsn_predicted_success
9728026L,train,jsn_predicted,heuristic,jsn_predicted_success
9729094L,train,jsn_predicted,heuristic,jsn_predicted_success
9730741R,train,jsn_predicted,heuristic,jsn_predicted_success
9731208L,train,jsn_predicted,heuristic,jsn_predicted_success
9731542L,train,jsn_predicted,heuristic,jsn_predicted_success
9732727R,train,jsn_predicted,heuristic,jsn_predicted_success
9732751L,train,jsn_predicted,heuristic,jsn_predicted_success
9733376L,train,jsn_predicted,heuristic,jsn_predicted_success
9733376R,train,jsn_predicted,heuristic,jsn_predicted_success
9733998L,train,jsn_predicted,heuristic,jsn_predicted_success
9733998R,train,jsn_predicted,heuristic,jsn_predicted_success
9737820L,train,jsn_predicted,heuristic,jsn_predicted_success
9740303R,train,jsn_predicted,heuristic,jsn_predicted_success
9740440R,train,jsn_predicted,heuristic,jsn_predicted_success
9743052L,train,jsn_predicted,heuristic,jsn_predicted_success
9745458R,train,jsn_predicted,heuristic,jsn_predicted_success
9746090R,train,jsn_predicted,heuristic,jsn_predicted_success
9746467L,train,jsn_predicted,heuristic,jsn_predicted_success
9746467R,train,jsn_predicted,heuristic,jsn_predicted_success
9750920L,train,jsn_predicted,heuristic,jsn_predicted_success
9750920R,train,jsn_predicted,heuristic,jsn_predicted_success
9751625R,train,jsn_predicted,heuristic,jsn_predicted_success
9755851R,train,jsn_predicted,heuristic,jsn_predicted_success
9755935R,train,jsn_predicted,heuristic,jsn_predicted_success
9759942R,train,jsn_predicted,heuristic,jsn_predicted_success
9759956R,train,jsn_predicted,heuristic,jsn_predicted_success
9760954L,train,jsn_predicted,heuristic,jsn_predicted_success
9760954R,train,jsn_predicted,heuristic,jsn_predicted_success
9766072L,train,jsn_predicted,heuristic,jsn_predicted_success
9766072R,train,jsn_predicted,heuristic,jsn_predicted_success
9769196L,train,jsn_predicted,heuristic,jsn_predicted_success
9769196R,train,jsn_predicted,heuristic,jsn_predicted_success
9770217L,train,jsn_predicted,heuristic,jsn_predicted_success
9770217R,train,jsn_predicted,heuristic,jsn_predicted_success
9771973R,train,jsn_predicted,heuristic,jsn_predicted_success
9772225L,train,jsn_predicted,heuristic,jsn_predicted_success
9776525L,train,jsn_predicted,heuristic,jsn_predicted_success
9776644R,train,jsn_predicted,heuristic,jsn_predicted_success
9777033L,train,jsn_predicted,heuristic,jsn_predicted_success
9778518L,train,jsn_predicted,heuristic,jsn_predicted_success
9783082L,train,jsn_predicted,heuristic,jsn_predicted_success
9783082R,train,jsn_predicted,heuristic,jsn_predicted_success
9785331R,train,jsn_predicted,heuristic,jsn_predicted_success
9785604L,train,jsn_predicted,heuristic,jsn_predicted_success
9785978L,train,jsn_predicted,heuristic,jsn_predicted_success
9788072L,train,jsn_predicted,heuristic,jsn_predicted_success
9788072R,train,jsn_predicted,heuristic,jsn_predicted_success
9792833R,train,jsn_predicted,heuristic,jsn_predicted_success
9797127L,train,jsn_predicted,heuristic,jsn_predicted_success
9797127R,train,jsn_predicted,heuristic,jsn_predicted_success
9800677L,train,jsn_predicted,heuristic,jsn_predicted_success
9802170R,train,jsn_predicted,heuristic,jsn_predicted_success
9802320R,train,jsn_predicted,heuristic,jsn_predicted_success
9802877L,train,jsn_predicted,heuristic,jsn_predicted_success
9802877R,train,jsn_predicted,heuristic,jsn_predicted_success
9804361L,train,jsn_predicted,heuristic,jsn_predicted_success
9810695L,train,jsn_predicted,heuristic,jsn_predicted_success
9810695R,train,jsn_predicted,heuristic,jsn_predicted_success
9811200R,train,jsn_predicted,heuristic,jsn_predicted_success
9811475L,train,jsn_predicted,heuristic,jsn_predicted_success
9812168L,train,jsn_predicted,heuristic,jsn_predicted_success
9821265L,train,jsn_predicted,heuristic,jsn_predicted_success
9823388L,train,jsn_predicted,heuristic,jsn_predicted_success
9824274L,train,jsn_predicted,heuristic,jsn_predicted_success
9827057R,train,jsn_predicted,heuristic,jsn_predicted_success
9827303L,train,jsn_predicted,heuristic,jsn_predicted_success
9827303R,train,jsn_predicted,heuristic,jsn_predicted_success
9828433L,train,jsn_predicted,heuristic,jsn_predicted_success
9828518L,train,jsn_predicted,heuristic,jsn_predicted_success
9830818L,train,jsn_predicted,heuristic,jsn_predicted_success
9831929L,train,jsn_predicted,heuristic,jsn_predicted_success
9833887L,train,jsn_predicted,heuristic,jsn_predicted_success
9834586R,train,jsn_predicted,heuristic,jsn_predicted_success
9835852R,train,jsn_predicted,heuristic,jsn_predicted_success
9838045L,train,jsn_predicted,heuristic,jsn_predicted_success
9838045R,train,jsn_predicted,heuristic,jsn_predicted_success
9840837L,train,jsn_predicted,heuristic,jsn_predicted_success
9841815R,train,jsn_predicted,heuristic,jsn_predicted_success
9844838L,train,jsn_predicted,heuristic,jsn_predicted_success
9845361L,train,jsn_predicted,heuristic,jsn_predicted_success
9846239L,train,jsn_predicted,heuristic,jsn_predicted_success
9846239R,train,jsn_predicted,heuristic,jsn_predicted_success
9846831R,train,jsn_predicted,heuristic,jsn_predicted_success
9846846R,train,jsn_predicted,heuristic,jsn_predicted_success
9847354L,train,jsn_predicted,heuristic,jsn_predicted_success
9847354R,train,jsn_predicted,heuristic,jsn_predicted_success
9847873L,train,jsn_predicted,heuristic,jsn_predicted_success
9849372R,train,jsn_predicted,heuristic,jsn_predicted_success
9850052L,train,jsn_predicted,heuristic,jsn_predicted_success
9850052R,train,jsn_predicted,heuristic,jsn_predicted_success
9850555L,train,jsn_predicted,heuristic,jsn_predicted_success
9850555R,train,jsn_predicted,heuristic,jsn_predicted_success
9850865R,train,jsn_predicted,heuristic,jsn_predicted_success
9858216L,train,jsn_predicted,heuristic,jsn_predicted_success
9858300R,train,jsn_predicted,heuristic,jsn_predicted_success
9858840L,train,jsn_predicted,heuristic,jsn_predicted_success
9859361R,train,jsn_predicted,heuristic,jsn_predicted_success
9860356R,train,jsn_predicted,heuristic,jsn_predicted_success
9861493L,train,jsn_predicted,heuristic,jsn_predicted_success
9861699L,train,jsn_predicted,heuristic,jsn_predicted_success
9864733L,train,jsn_predicted,heuristic,jsn_predicted_success
9864733R,train,jsn_predicted,heuristic,jsn_predicted_success
9866244L,train,jsn_predicted,heuristic,jsn_predicted_success
9866244R,train,jsn_predicted,heuristic,jsn_predicted_success
9866291L,train,jsn_predicted,heuristic,jsn_predicted_success
9871046L,train,jsn_predicted,heuristic,jsn_predicted_success
9871046R,train,jsn_predicted,heuristic,jsn_predicted_success
9872241R,train,jsn_predicted,heuristic,jsn_predicted_success
9872426L,train,jsn_predicted,heuristic,jsn_predicted_success
9872426R,train,jsn_predicted,heuristic,jsn_predicted_success
9873010L,train,jsn_predicted,heuristic,jsn_predicted_success
9873010R,train,jsn_predicted,heuristic,jsn_predicted_success
9873102L,train,jsn_predicted,heuristic,jsn_predicted_success
9874820L,train,jsn_predicted,heuristic,jsn_predicted_success
9874820R,train,jsn_predicted,heuristic,jsn_predicted_success
9878594L,train,jsn_predicted,heuristic,jsn_predicted_success
9878594R,train,jsn_predicted,heuristic,jsn_predicted_success
9880069L,train,jsn_predicted,heuristic,jsn_predicted_success
9880069R,train,jsn_predicted,heuristic,jsn_predicted_success
9882326L,train,jsn_predicted,heuristic,jsn_predicted_success
9883449L,train,jsn_predicted,heuristic,jsn_predicted_success
9883449R,train,jsn_predicted,heuristic,jsn_predicted_success
9883715L,train,jsn_predicted,heuristic,jsn_predicted_success
9884303L,train,jsn_predicted,heuristic,jsn_predicted_success
9886696L,train,jsn_predicted,heuristic,jsn_predicted_success
9887310R,train,jsn_predicted,heuristic,jsn_predicted_success
9887703R,train,jsn_predicted,heuristic,jsn_predicted_success
9888768L,train,jsn_predicted,heuristic,jsn_predicted_success
9892418L,train,jsn_predicted,heuristic,jsn_predicted_success
9892765R,train,jsn_predicted,heuristic,jsn_predicted_success
9896392L,train,jsn_predicted,heuristic,jsn_predicted_success
9896392R,train,jsn_predicted,heuristic,jsn_predicted_success
9897170R,train,jsn_predicted,heuristic,jsn_predicted_success
9897397L,train,jsn_predicted,heuristic,jsn_predicted_success
9897397R,train,jsn_predicted,heuristic,jsn_predicted_success
9897668L,train,jsn_predicted,heuristic,jsn_predicted_success
9897668R,train,jsn_predicted,heuristic,jsn_predicted_success
9901158R,train,jsn_predicted,heuristic,jsn_predicted_success
9902757R,train,jsn_predicted,heuristic,jsn_predicted_success
9903903R,train,jsn_predicted,heuristic,jsn_predicted_success
9904541R,train,jsn_predicted,heuristic,jsn_predicted_success
9904574L,train,jsn_predicted,heuristic,jsn_predicted_success
9904574R,train,jsn_predicted,heuristic,jsn_predicted_success
9908780L,train,jsn_predicted,heuristic,jsn_predicted_success
9908780R,train,jsn_predicted,heuristic,jsn_predicted_success
9908796R,train,jsn_predicted,heuristic,jsn_predicted_success
9911721L,train,jsn_predicted,heuristic,jsn_predicted_success
9911721R,train,jsn_predicted,heuristic,jsn_predicted_success
9914944L,train,jsn_predicted,heuristic,jsn_predicted_success
9917803L,train,jsn_predicted,heuristic,jsn_predicted_success
9917803R,train,jsn_predicted,heuristic,jsn_predicted_success
9918051L,train,jsn_predicted,heuristic,jsn_predicted_success
9919842L,train,jsn_predicted,heuristic,jsn_predicted_success
9920140R,train,jsn_predicted,heuristic,jsn_predicted_success
9921586R,train,jsn_predicted,heuristic,jsn_predicted_success
9921811R,train,jsn_predicted,heuristic,jsn_predicted_success
9922351L,train,jsn_predicted,heuristic,jsn_predicted_success
9922351R,train,jsn_predicted,heuristic,jsn_predicted_success
9925131R,train,jsn_predicted,heuristic,jsn_predicted_success
9925760R,train,jsn_predicted,heuristic,jsn_predicted_success
9927318L,train,jsn_predicted,heuristic,jsn_predicted_success
9928319L,train,jsn_predicted,heuristic,jsn_predicted_success
9928844R,train,jsn_predicted,heuristic,jsn_predicted_success
9931474R,train,jsn_predicted,heuristic,jsn_predicted_success
9931589L,train,jsn_predicted,heuristic,jsn_predicted_success
9931589R,train,jsn_predicted,heuristic,jsn_predicted_success
9932092R,train,jsn_predicted,heuristic,jsn_predicted_success
9932809L,train,jsn_predicted,heuristic,jsn_predicted_success
9933459L,train,jsn_predicted,heuristic,jsn_predicted_success
9933836L,train,jsn_predicted,heuristic,jsn_predicted_success
9936312R,train,jsn_predicted,heuristic,jsn_predicted_success
9937239L,train,jsn_predicted,heuristic,jsn_predicted_success
9937239R,train,jsn_predicted,heuristic,jsn_predicted_success
9939718L,train,jsn_predicted,heuristic,jsn_predicted_success
9940023L,train,jsn_predicted,heuristic,jsn_predicted_success
9940023R,train,jsn_predicted,heuristic,jsn_predicted_success
9942319L,train,jsn_predicted,heuristic,jsn_predicted_success
9943227R,train,jsn_predicted,heuristic,jsn_predicted_success
9944117L,train,jsn_predicted,heuristic,jsn_predicted_success
9946304L,train,jsn_predicted,heuristic,jsn_predicted_success
9947295L,train,jsn_predicted,heuristic,jsn_predicted_success
9947295R,train,jsn_predicted,heuristic,jsn_predicted_success
9950790L,train,jsn_predicted,heuristic,jsn_predicted_success
9951284R,train,jsn_predicted,heuristic,jsn_predicted_success
9951449R,train,jsn_predicted,heuristic,jsn_predicted_success
9953820R,train,jsn_predicted,heuristic,jsn_predicted_success
9954040L,train,jsn_predicted,heuristic,jsn_predicted_success
9954040R,train,jsn_predicted,heuristic,jsn_predicted_success
9955276L,train,jsn_predicted,heuristic,jsn_predicted_success
9958234L,train,jsn_predicted,heuristic,jsn_predicted_success
9958234R,train,jsn_predicted,heuristic,jsn_predicted_success
9960747L,train,jsn_predicted,heuristic,jsn_predicted_success
9961728R,train,jsn_predicted,heuristic,jsn_predicted_success
9962155R,train,jsn_predicted,heuristic,jsn_predicted_success
9962749L,train,jsn_predicted,heuristic,jsn_predicted_success
9964232R,train,jsn_predicted,heuristic,jsn_predicted_success
9965231L,train,jsn_predicted,heuristic,jsn_predicted_success
9967211L,train,jsn_predicted,heuristic,jsn_predicted_success
9967358R,train,jsn_predicted,heuristic,jsn_predicted_success
9967728L,train,jsn_predicted,heuristic,jsn_predicted_success
9968800L,train,jsn_predicted,heuristic,jsn_predicted_success
9973483L,train,jsn_predicted,heuristic,jsn_predicted_success
9973483R,train,jsn_predicted,heuristic,jsn_predicted_success
9973713R,train,jsn_predicted,heuristic,jsn_predicted_success
9973773R,train,jsn_predicted,heuristic,jsn_predicted_success
9975485L,train,jsn_predicted,heuristic,jsn_predicted_success
9976720L,train,jsn_predicted,heuristic,jsn_predicted_success
9976720R,train,jsn_predicted,heuristic,jsn_predicted_success
9977206R,train,jsn_predicted,heuristic,jsn_predicted_success
9977985R,train,jsn_predicted,heuristic,jsn_predicted_success
9978813L,train,jsn_predicted,heuristic,jsn_predicted_success
9980704L,train,jsn_predicted,heuristic,jsn_predicted_success
9981316L,train,jsn_predicted,heuristic,jsn_predicted_success
9981316R,train,jsn_predicted,heuristic,jsn_predicted_success
9985321L,train,jsn_predicted,heuristic,jsn_predicted_success
9985803L,train,jsn_predicted,heuristic,jsn_predicted_success
9986355L,train,jsn_predicted,heuristic,jsn_predicted_success
9986355R,train,jsn_predicted,heuristic,jsn_predicted_success
9988305L,train,jsn_predicted,heuristic,jsn_predicted_success
9988305R,train,jsn_predicted,heuristic,jsn_predicted_success
9988891R,train,jsn_predicted,heuristic,jsn_predicted_success
9989700R,train,jsn_predicted,heuristic,jsn_predicted_success
9992358L,train,jsn_predicted,heuristic,jsn_predicted_success
9993650L,train,jsn_predicted,heuristic,jsn_predicted_success
9994408R,train,jsn_predicted,heuristic,jsn_predicted_success
9994848L,train,jsn_predicted,heuristic,jsn_predicted_success
9994848R,train,jsn_predicted,heuristic,jsn_predicted_success
9996098R,train,jsn_predicted,heuristic,jsn_predicted_success
9999510L,train,jsn_predicted,heuristic,jsn_predicted_success
9448098R,train,jsn_predicted,heuristic,jsn_predicted_success
9453626L,train,jsn_predicted,heuristic,jsn_predicted_success
9458093L,train,jsn_predicted,heuristic,jsn_predicted_success
9458213R,train,jsn_predicted,heuristic,jsn_predicted_success
9458416L,train,jsn_predicted,heuristic,jsn_predicted_success
9459743L,train,jsn_predicted,heuristic,jsn_predicted_success
9475286R,train,jsn_predicted,heuristic,jsn_predicted_success
9477612R,train,jsn_predicted,heuristic,jsn_predicted_success
9486992L,train,jsn_predicted,heuristic,jsn_predicted_success
9487462R,train,jsn_predicted,heuristic,jsn_predicted_success
9488319L,train,jsn_predicted,heuristic,jsn_predicted_success
9494867R,train,jsn_predicted,heuristic,jsn_predicted_success
9505935L,train,jsn_predicted,heuristic,jsn_predicted_success
9510943L,train,jsn_predicted,heuristic,jsn_predicted_success
9526396L,train,jsn_predicted,heuristic,jsn_predicted_success
9529676R,train,jsn_predicted,heuristic,jsn_predicted_success
9547902L,train,jsn_predicted,heuristic,jsn_predicted_success
9549330L,train,jsn_predicted,heuristic,jsn_predicted_success
9555061L,train,jsn_predicted,heuristic,jsn_predicted_success
9555061R,train,jsn_predicted,heuristic,jsn_predicted_success
9561824L,train,jsn_predicted,heuristic,jsn_predicted_success
9568974L,train,jsn_predicted,heuristic,jsn_predicted_success
9571631R,train,jsn_predicted,heuristic,jsn_predicted_success
9581253R,train,jsn_predicted,heuristic,jsn_predicted_success
9581915L,train,jsn_predicted,heuristic,jsn_predicted_success
9585931R,train,jsn_predicted,heuristic,jsn_predicted_success
9596238L,train,jsn_predicted,heuristic,jsn_predicted_success
9597241L,train,jsn_predicted,heuristic,jsn_predicted_success
9599509R,train,jsn_predicted,heuristic,jsn_predicted_success
9601011L,train,jsn_predicted,heuristic,jsn_predicted_success
9604541R,train,jsn_predicted,heuristic,jsn_predicted_success
9613488L,train,jsn_predicted,heuristic,jsn_predicted_success
9622083L,train,jsn_predicted,heuristic,jsn_predicted_success
9635581R,train,jsn_predicted,heuristic,jsn_predicted_success
9638123R,train,jsn_predicted,heuristic,jsn_predicted_success
9639088L,train,jsn_predicted,heuristic,jsn_predicted_success
9643944R,train,jsn_predicted,heuristic,jsn_predicted_success
9645683L,train,jsn_predicted,heuristic,jsn_predicted_success
9646958R,train,jsn_predicted,heuristic,jsn_predicted_success
9671958L,train,jsn_predicted,heuristic,jsn_predicted_success
9680800R,train,jsn_predicted,heuristic,jsn_predicted_success
9689922R,train,jsn_predicted,heuristic,jsn_predicted_success
9696975R,train,jsn_predicted,heuristic,jsn_predicted_success
9704858L,train,jsn_predicted,heuristic,jsn_predicted_success
9708289R,train,jsn_predicted,heuristic,jsn_predicted_success
9708713R,train,jsn_predicted,heuristic,jsn_predicted_success
9713904R,train,jsn_predicted,heuristic,jsn_predicted_success
9716393L,train,jsn_predicted,heuristic,jsn_predicted_success
9721540L,train,jsn_predicted,heuristic,jsn_predicted_success
9723575L,train,jsn_predicted,heuristic,jsn_predicted_success
9725081L,train,jsn_predicted,heuristic,jsn_predicted_success
9726778R,train,jsn_predicted,heuristic,jsn_predicted_success
9727543L,train,jsn_predicted,heuristic,jsn_predicted_success
9731542R,train,jsn_predicted,heuristic,jsn_predicted_success
9732751R,train,jsn_predicted,heuristic,jsn_predicted_success
9740440L,train,jsn_predicted,heuristic,jsn_predicted_success
9742871R,train,jsn_predicted,heuristic,jsn_predicted_success
9745368R,train,jsn_predicted,heuristic,jsn_predicted_success
9746416R,train,jsn_predicted,heuristic,jsn_predicted_success
9748094R,train,jsn_predicted,heuristic,jsn_predicted_success
9755634R,train,jsn_predicted,heuristic,jsn_predicted_success
9760079R,train,jsn_predicted,heuristic,jsn_predicted_success
9761503L,train,jsn_predicted,heuristic,jsn_predicted_success
9780662R,train,jsn_predicted,heuristic,jsn_predicted_success
9781749R,train,jsn_predicted,heuristic,jsn_predicted_success
9787693R,train,jsn_predicted,heuristic,jsn_predicted_success
9788608R,train,jsn_predicted,heuristic,jsn_predicted_success
9797352L,train,jsn_predicted,heuristic,jsn_predicted_success
9799305L,train,jsn_predicted,heuristic,jsn_predicted_success
9800285R,train,jsn_predicted,heuristic,jsn_predicted_success
9810432R,train,jsn_predicted,heuristic,jsn_predicted_success
9813958R,train,jsn_predicted,heuristic,jsn_predicted_success
9820479L,train,jsn_predicted,heuristic,jsn_predicted_success
9828555L,train,jsn_predicted,heuristic,jsn_predicted_success
9842579L,train,jsn_predicted,heuristic,jsn_predicted_success
9843822R,train,jsn_predicted,heuristic,jsn_predicted_success
9844838R,train,jsn_predicted,heuristic,jsn_predicted_success
9849852R,train,jsn_predicted,heuristic,jsn_predicted_success
9851309L,train,jsn_predicted,heuristic,jsn_predicted_success
9856356L,train,jsn_predicted,heuristic,jsn_predicted_success
9858216R,train,jsn_predicted,heuristic,jsn_predicted_success
9858840R,train,jsn_predicted,heuristic,jsn_predicted_success
9861493R,train,jsn_predicted,heuristic,jsn_predicted_success
9896743L,train,jsn_predicted,heuristic,jsn_predicted_success
9900761R,train,jsn_predicted,heuristic,jsn_predicted_success
9910391R,train,jsn_predicted,heuristic,jsn_predicted_success
9912946L,train,jsn_predicted,heuristic,jsn_predicted_success
9917284L,train,jsn_predicted,heuristic,jsn_predicted_success
9919646L,train,jsn_predicted,heuristic,jsn_predicted_success
9919646R,train,jsn_predicted,heuristic,jsn_predicted_success
9930620L,train,jsn_predicted,heuristic,jsn_predicted_success
9932578R,train,jsn_predicted,heuristic,jsn_predicted_success
9933836R,train,jsn_predicted,heuristic,jsn_predicted_success
9938636R,train,jsn_predicted,heuristic,jsn_predicted_success
9941323L,train,jsn_predicted,heuristic,jsn_predicted_success
9942319R,train,jsn_predicted,heuristic,jsn_predicted_success
9950790R,train,jsn_predicted,heuristic,jsn_predicted_success
9951449L,train,jsn_predicted,heuristic,jsn_predicted_success
9967719L,train,jsn_predicted,heuristic,jsn_predicted_success
9973713L,train,jsn_predicted,heuristic,jsn_predicted_success
9975485R,train,jsn_predicted,heuristic,jsn_predicted_success
9978026L,train,jsn_predicted,heuristic,jsn_predicted_success
9991313L,train,jsn_predicted,heuristic,jsn_predicted_success
9063934L,val,jsn_predicted,heuristic,jsn_predicted_success
9063934R,val,jsn_predicted,heuristic,jsn_predicted_success
9067323L,val,jsn_predicted,heuristic,jsn_predicted_success
9075745R,val,jsn_predicted,heuristic,jsn_predicted_success
9081799L,val,jsn_predicted,heuristic,jsn_predicted_success
9081799R,val,jsn_predicted,heuristic,jsn_predicted_success
9088175L,val,jsn_predicted,heuristic,jsn_predicted_success
9088175R,val,jsn_predicted,heuristic,jsn_predicted_success
9092643L,val,jsn_predicted,heuristic,jsn_predicted_success
9093584L,val,jsn_predicted,heuristic,jsn_predicted_success
9093584R,val,jsn_predicted,heuristic,jsn_predicted_success
9095389L,val,jsn_predicted,heuristic,jsn_predicted_success
9100862R,val,jsn_predicted,heuristic,jsn_predicted_success
9104620L,val,jsn_predicted,heuristic,jsn_predicted_success
9104620R,val,jsn_predicted,heuristic,jsn_predicted_success
9107980L,val,jsn_predicted,heuristic,jsn_predicted_success
9117692L,val,jsn_predicted,heuristic,jsn_predicted_success
9117692R,val,jsn_predicted,heuristic,jsn_predicted_success
9118689R,val,jsn_predicted,heuristic,jsn_predicted_success
9119950L,val,jsn_predicted,heuristic,jsn_predicted_success
9119950R,val,jsn_predicted,heuristic,jsn_predicted_success
9122517L,val,jsn_predicted,heuristic,jsn_predicted_success
9127495L,val,jsn_predicted,heuristic,jsn_predicted_success
9127495R,val,jsn_predicted,heuristic,jsn_predicted_success
9129226L,val,jsn_predicted,heuristic,jsn_predicted_success
9137393L,val,jsn_predicted,heuristic,jsn_predicted_success
9146801R,val,jsn_predicted,heuristic,jsn_predicted_success
9156526L,val,jsn_predicted,heuristic,jsn_predicted_success
9160401R,val,jsn_predicted,heuristic,jsn_predicted_success
9171714R,val,jsn_predicted,heuristic,jsn_predicted_success
9173434L,val,jsn_predicted,heuristic,jsn_predicted_success
9173434R,val,jsn_predicted,heuristic,jsn_predicted_success
9176924R,val,jsn_predicted,heuristic,jsn_predicted_success
9184108L,val,jsn_predicted,heuristic,jsn_predicted_success
9184108R,val,jsn_predicted,heuristic,jsn_predicted_success
9186589L,val,jsn_predicted,heuristic,jsn_predicted_success
9186589R,val,jsn_predicted,heuristic,jsn_predicted_success
9191533L,val,jsn_predicted,heuristic,jsn_predicted_success
9194860L,val,jsn_predicted,heuristic,jsn_predicted_success
9194860R,val,jsn_predicted,heuristic,jsn_predicted_success
9195845L,val,jsn_predicted,heuristic,jsn_predicted_success
9199070L,val,jsn_predicted,heuristic,jsn_predicted_success
9199070R,val,jsn_predicted,heuristic,jsn_predicted_success
9201011L,val,jsn_predicted,heuristic,jsn_predicted_success
9201011R,val,jsn_predicted,heuristic,jsn_predicted_success
9208055L,val,jsn_predicted,heuristic,jsn_predicted_success
9208055R,val,jsn_predicted,heuristic,jsn_predicted_success
9227993L,val,jsn_predicted,heuristic,jsn_predicted_success
9227993R,val,jsn_predicted,heuristic,jsn_predicted_success
9230504L,val,jsn_predicted,heuristic,jsn_predicted_success
9234485L,val,jsn_predicted,heuristic,jsn_predicted_success
9234485R,val,jsn_predicted,heuristic,jsn_predicted_success
9235549R,val,jsn_predicted,heuristic,jsn_predicted_success
9241780L,val,jsn_predicted,heuristic,jsn_predicted_success
9241780R,val,jsn_predicted,heuristic,jsn_predicted_success
9244535L,val,jsn_predicted,heuristic,jsn_predicted_success
9244537R,val,jsn_predicted,heuristic,jsn_predicted_success
9249780L,val,jsn_predicted,heuristic,jsn_predicted_success
9256567L,val,jsn_predicted,heuristic,jsn_predicted_success
9256567R,val,jsn_predicted,heuristic,jsn_predicted_success
9262046L,val,jsn_predicted,heuristic,jsn_predicted_success
9262046R,val,jsn_predicted,heuristic,jsn_predicted_success
9272393L,val,jsn_predicted,heuristic,jsn_predicted_success
9272393R,val,jsn_predicted,heuristic,jsn_predicted_success
9274364L,val,jsn_predicted,heuristic,jsn_predicted_success
9280249R,val,jsn_predicted,heuristic,jsn_predicted_success
9282022L,val,jsn_predicted,heuristic,jsn_predicted_success
9282022R,val,jsn_predicted,heuristic,jsn_predicted_success
9285207R,val,jsn_predicted,heuristic,jsn_predicted_success
9285212R,val,jsn_predicted,heuristic,jsn_predicted_success
9289800L,val,jsn_predicted,heuristic,jsn_predicted_success
9289800R,val,jsn_predicted,heuristic,jsn_predicted_success
9291210L,val,jsn_predicted,heuristic,jsn_predicted_success
9294761R,val,jsn_predicted,heuristic,jsn_predicted_success
9295533L,val,jsn_predicted,heuristic,jsn_predicted_success
9295533R,val,jsn_predicted,heuristic,jsn_predicted_success
9301426L,val,jsn_predicted,heuristic,jsn_predicted_success
9301426R,val,jsn_predicted,heuristic,jsn_predicted_success
9301641L,val,jsn_predicted,heuristic,jsn_predicted_success
9301641R,val,jsn_predicted,heuristic,jsn_predicted_success
9305065L,val,jsn_predicted,heuristic,jsn_predicted_success
9305272L,val,jsn_predicted,heuristic,jsn_predicted_success
9305272R,val,jsn_predicted,heuristic,jsn_predicted_success
9313233L,val,jsn_predicted,heuristic,jsn_predicted_success
9313715L,val,jsn_predicted,heuristic,jsn_predicted_success
9313715R,val,jsn_predicted,heuristic,jsn_predicted_success
9314056L,val,jsn_predicted,heuristic,jsn_predicted_success
9314056R,val,jsn_predicted,heuristic,jsn_predicted_success
9316069L,val,jsn_predicted,heuristic,jsn_predicted_success
9316069R,val,jsn_predicted,heuristic,jsn_predicted_success
9318808L,val,jsn_predicted,heuristic,jsn_predicted_success
9325842L,val,jsn_predicted,heuristic,jsn_predicted_success
9325842R,val,jsn_predicted,heuristic,jsn_predicted_success
9333793L,val,jsn_predicted,heuristic,jsn_predicted_success
9333793R,val,jsn_predicted,heuristic,jsn_predicted_success
9335175L,val,jsn_predicted,heuristic,jsn_predicted_success
9335175R,val,jsn_predicted,heuristic,jsn_predicted_success
9340357L,val,jsn_predicted,heuristic,jsn_predicted_success
9340357R,val,jsn_predicted,heuristic,jsn_predicted_success
9340468L,val,jsn_predicted,heuristic,jsn_predicted_success
9340468R,val,jsn_predicted,heuristic,jsn_predicted_success
9341699L,val,jsn_predicted,heuristic,jsn_predicted_success
9341699R,val,jsn_predicted,heuristic,jsn_predicted_success
9349395L,val,jsn_predicted,heuristic,jsn_predicted_success
9349395R,val,jsn_predicted,heuristic,jsn_predicted_success
9350339R,val,jsn_predicted,heuristic,jsn_predicted_success
9355228L,val,jsn_predicted,heuristic,jsn_predicted_success
9355228R,val,jsn_predicted,heuristic,jsn_predicted_success
9363662L,val,jsn_predicted,heuristic,jsn_predicted_success
9363662R,val,jsn_predicted,heuristic,jsn_predicted_success
9365192L,val,jsn_predicted,heuristic,jsn_predicted_success
9365192R,val,jsn_predicted,heuristic,jsn_predicted_success
9369110L,val,jsn_predicted,heuristic,jsn_predicted_success
9369110R,val,jsn_predicted,heuristic,jsn_predicted_success
9375300R,val,jsn_predicted,heuristic,jsn_predicted_success
9384145L,val,jsn_predicted,heuristic,jsn_predicted_success
9384145R,val,jsn_predicted,heuristic,jsn_predicted_success
9387094L,val,jsn_predicted,heuristic,jsn_predicted_success
9387094R,val,jsn_predicted,heuristic,jsn_predicted_success
9387265R,val,jsn_predicted,heuristic,jsn_predicted_success
9394122L,val,jsn_predicted,heuristic,jsn_predicted_success
9394122R,val,jsn_predicted,heuristic,jsn_predicted_success
9396054R,val,jsn_predicted,heuristic,jsn_predicted_success
9398272L,val,jsn_predicted,heuristic,jsn_predicted_success
9399129L,val,jsn_predicted,heuristic,jsn_predicted_success
9399129R,val,jsn_predicted,heuristic,jsn_predicted_success
9405034L,val,jsn_predicted,heuristic,jsn_predicted_success
9405034R,val,jsn_predicted,heuristic,jsn_predicted_success
9405107R,val,jsn_predicted,heuristic,jsn_predicted_success
9413949L,val,jsn_predicted,heuristic,jsn_predicted_success
9413949R,val,jsn_predicted,heuristic,jsn_predicted_success
9415847L,val,jsn_predicted,heuristic,jsn_predicted_success
9415847R,val,jsn_predicted,heuristic,jsn_predicted_success
9417544L,val,jsn_predicted,heuristic,jsn_predicted_success
9417544R,val,jsn_predicted,heuristic,jsn_predicted_success
9430117R,val,jsn_predicted,heuristic,jsn_predicted_success
9445105L,val,jsn_predicted,heuristic,jsn_predicted_success
9446305R,val,jsn_predicted,heuristic,jsn_predicted_success
9447878L,val,jsn_predicted,heuristic,jsn_predicted_success
9447878R,val,jsn_predicted,heuristic,jsn_predicted_success
9452479L,val,jsn_predicted,heuristic,jsn_predicted_success
9455100L,val,jsn_predicted,heuristic,jsn_predicted_success
9455100R,val,jsn_predicted,heuristic,jsn_predicted_success
9455113L,val,jsn_predicted,heuristic,jsn_predicted_success
9487409R,val,jsn_predicted,heuristic,jsn_predicted_success
9487451L,val,jsn_predicted,heuristic,jsn_predicted_success
9487451R,val,jsn_predicted,heuristic,jsn_predicted_success
9488360R,val,jsn_predicted,heuristic,jsn_predicted_success
9498724L,val,jsn_predicted,heuristic,jsn_predicted_success
9498724R,val,jsn_predicted,heuristic,jsn_predicted_success
9511862L,val,jsn_predicted,heuristic,jsn_predicted_success
9512408L,val,jsn_predicted,heuristic,jsn_predicted_success
9514379L,val,jsn_predicted,heuristic,jsn_predicted_success
9514379R,val,jsn_predicted,heuristic,jsn_predicted_success
9522615R,val,jsn_predicted,heuristic,jsn_predicted_success
9531050L,val,jsn_predicted,heuristic,jsn_predicted_success
9531050R,val,jsn_predicted,heuristic,jsn_predicted_success
9532955L,val,jsn_predicted,heuristic,jsn_predicted_success
9532955R,val,jsn_predicted,heuristic,jsn_predicted_success
9534106L,val,jsn_predicted,heuristic,jsn_predicted_success
9537090R,val,jsn_predicted,heuristic,jsn_predicted_success
9537182L,val,jsn_predicted,heuristic,jsn_predicted_success
9537182R,val,jsn_predicted,heuristic,jsn_predicted_success
9541651L,val,jsn_predicted,heuristic,jsn_predicted_success
9541651R,val,jsn_predicted,heuristic,jsn_predicted_success
9542380L,val,jsn_predicted,heuristic,jsn_predicted_success
9543086R,val,jsn_predicted,heuristic,jsn_predicted_success
9543679L,val,jsn_predicted,heuristic,jsn_predicted_success
9543679R,val,jsn_predicted,heuristic,jsn_predicted_success
9549818L,val,jsn_predicted,heuristic,jsn_predicted_success
9549868L,val,jsn_predicted,heuristic,jsn_predicted_success
9549868R,val,jsn_predicted,heuristic,jsn_predicted_success
9553149L,val,jsn_predicted,heuristic,jsn_predicted_success
9553907L,val,jsn_predicted,heuristic,jsn_predicted_success
9553907R,val,jsn_predicted,heuristic,jsn_predicted_success
9555603L,val,jsn_predicted,heuristic,jsn_predicted_success
9556917L,val,jsn_predicted,heuristic,jsn_predicted_success
9556917R,val,jsn_predicted,heuristic,jsn_predicted_success
9557111L,val,jsn_predicted,heuristic,jsn_predicted_success
9557926L,val,jsn_predicted,heuristic,jsn_predicted_success
9557926R,val,jsn_predicted,heuristic,jsn_predicted_success
9561374L,val,jsn_predicted,heuristic,jsn_predicted_success
9561374R,val,jsn_predicted,heuristic,jsn_predicted_success
9562591R,val,jsn_predicted,heuristic,jsn_predicted_success
9574704R,val,jsn_predicted,heuristic,jsn_predicted_success
9582487L,val,jsn_predicted,heuristic,jsn_predicted_success
9584925L,val,jsn_predicted,heuristic,jsn_predicted_success
9584925R,val,jsn_predicted,heuristic,jsn_predicted_success
9589486L,val,jsn_predicted,heuristic,jsn_predicted_success
9590267L,val,jsn_predicted,heuristic,jsn_predicted_success
9590267R,val,jsn_predicted,heuristic,jsn_predicted_success
9596662L,val,jsn_predicted,heuristic,jsn_predicted_success
9596662R,val,jsn_predicted,heuristic,jsn_predicted_success
9597737L,val,jsn_predicted,heuristic,jsn_predicted_success
9597737R,val,jsn_predicted,heuristic,jsn_predicted_success
9616919L,val,jsn_predicted,heuristic,jsn_predicted_success
9616919R,val,jsn_predicted,heuristic,jsn_predicted_success
9617748L,val,jsn_predicted,heuristic,jsn_predicted_success
9617748R,val,jsn_predicted,heuristic,jsn_predicted_success
9620167L,val,jsn_predicted,heuristic,jsn_predicted_success
9620167R,val,jsn_predicted,heuristic,jsn_predicted_success
9623707L,val,jsn_predicted,heuristic,jsn_predicted_success
9623707R,val,jsn_predicted,heuristic,jsn_predicted_success
9625187L,val,jsn_predicted,heuristic,jsn_predicted_success
9625560R,val,jsn_predicted,heuristic,jsn_predicted_success
9629158L,val,jsn_predicted,heuristic,jsn_predicted_success
9639581R,val,jsn_predicted,heuristic,jsn_predicted_success
9642569L,val,jsn_predicted,heuristic,jsn_predicted_success
9658663L,val,jsn_predicted,heuristic,jsn_predicted_success
9658663R,val,jsn_predicted,heuristic,jsn_predicted_success
9661713L,val,jsn_predicted,heuristic,jsn_predicted_success
9661713R,val,jsn_predicted,heuristic,jsn_predicted_success
9669962L,val,jsn_predicted,heuristic,jsn_predicted_success
9669962R,val,jsn_predicted,heuristic,jsn_predicted_success
9673712L,val,jsn_predicted,heuristic,jsn_predicted_success
9673712R,val,jsn_predicted,heuristic,jsn_predicted_success
9673972L,val,jsn_predicted,heuristic,jsn_predicted_success
9673972R,val,jsn_predicted,heuristic,jsn_predicted_success
9679795L,val,jsn_predicted,heuristic,jsn_predicted_success
9683564L,val,jsn_predicted,heuristic,jsn_predicted_success
9685830L,val,jsn_predicted,heuristic,jsn_predicted_success
9685830R,val,jsn_predicted,heuristic,jsn_predicted_success
9686327L,val,jsn_predicted,heuristic,jsn_predicted_success
9691423R,val,jsn_predicted,heuristic,jsn_predicted_success
9708353L,val,jsn_predicted,heuristic,jsn_predicted_success
9722038L,val,jsn_predicted,heuristic,jsn_predicted_success
9726175L,val,jsn_predicted,heuristic,jsn_predicted_success
9726175R,val,jsn_predicted,heuristic,jsn_predicted_success
9731254L,val,jsn_predicted,heuristic,jsn_predicted_success
9731254R,val,jsn_predicted,heuristic,jsn_predicted_success
9731969L,val,jsn_predicted,heuristic,jsn_predicted_success
9739050L,val,jsn_predicted,heuristic,jsn_predicted_success
9739050R,val,jsn_predicted,heuristic,jsn_predicted_success
9742066L,val,jsn_predicted,heuristic,jsn_predicted_success
9742066R,val,jsn_predicted,heuristic,jsn_predicted_success
9742313L,val,jsn_predicted,heuristic,jsn_predicted_success
9742313R,val,jsn_predicted,heuristic,jsn_predicted_success
9746075L,val,jsn_predicted,heuristic,jsn_predicted_success
9753936L,val,jsn_predicted,heuristic,jsn_predicted_success
9772008L,val,jsn_predicted,heuristic,jsn_predicted_success
9772008R,val,jsn_predicted,heuristic,jsn_predicted_success
9772977L,val,jsn_predicted,heuristic,jsn_predicted_success
9772977R,val,jsn_predicted,heuristic,jsn_predicted_success
9775753L,val,jsn_predicted,heuristic,jsn_predicted_success
9775753R,val,jsn_predicted,heuristic,jsn_predicted_success
9777471R,val,jsn_predicted,heuristic,jsn_predicted_success
9778272L,val,jsn_predicted,heuristic,jsn_predicted_success
9778272R,val,jsn_predicted,heuristic,jsn_predicted_success
9784291L,val,jsn_predicted,heuristic,jsn_predicted_success
9797627L,val,jsn_predicted,heuristic,jsn_predicted_success
9797627R,val,jsn_predicted,heuristic,jsn_predicted_success
9798591L,val,jsn_predicted,heuristic,jsn_predicted_success
9804177L,val,jsn_predicted,heuristic,jsn_predicted_success
9804177R,val,jsn_predicted,heuristic,jsn_predicted_success
9804376L,val,jsn_predicted,heuristic,jsn_predicted_success
9805733L,val,jsn_predicted,heuristic,jsn_predicted_success
9805733R,val,jsn_predicted,heuristic,jsn_predicted_success
9805931L,val,jsn_predicted,heuristic,jsn_predicted_success
9806159R,val,jsn_predicted,heuristic,jsn_predicted_success
9807689L,val,jsn_predicted,heuristic,jsn_predicted_success
9815509R,val,jsn_predicted,heuristic,jsn_predicted_success
9818359R,val,jsn_predicted,heuristic,jsn_predicted_success
9840270R,val,jsn_predicted,heuristic,jsn_predicted_success
9844270L,val,jsn_predicted,heuristic,jsn_predicted_success
9844270R,val,jsn_predicted,heuristic,jsn_predicted_success
9844785L,val,jsn_predicted,heuristic,jsn_predicted_success
9844785R,val,jsn_predicted,heuristic,jsn_predicted_success
9855267R,val,jsn_predicted,heuristic,jsn_predicted_success
9856114L,val,jsn_predicted,heuristic,jsn_predicted_success
9856114R,val,jsn_predicted,heuristic,jsn_predicted_success
9859873L,val,jsn_predicted,heuristic,jsn_predicted_success
9859873R,val,jsn_predicted,heuristic,jsn_predicted_success
9860568R,val,jsn_predicted,heuristic,jsn_predicted_success
9867247L,val,jsn_predicted,heuristic,jsn_predicted_success
9867247R,val,jsn_predicted,heuristic,jsn_predicted_success
9868067L,val,jsn_predicted,heuristic,jsn_predicted_success
9877224L,val,jsn_predicted,heuristic,jsn_predicted_success
9877224R,val,jsn_predicted,heuristic,jsn_predicted_success
9879214L,val,jsn_predicted,heuristic,jsn_predicted_success
9879214R,val,jsn_predicted,heuristic,jsn_predicted_success
9879774L,val,jsn_predicted,heuristic,jsn_predicted_success
9882107R,val,jsn_predicted,heuristic,jsn_predicted_success
9886598L,val,jsn_predicted,heuristic,jsn_predicted_success
9888738L,val,jsn_predicted,heuristic,jsn_predicted_success
9888738R,val,jsn_predicted,heuristic,jsn_predicted_success
9891187L,val,jsn_predicted,heuristic,jsn_predicted_success
9891187R,val,jsn_predicted,heuristic,jsn_predicted_success
9893729L,val,jsn_predicted,heuristic,jsn_predicted_success
9893729R,val,jsn_predicted,heuristic,jsn_predicted_success
9901658L,val,jsn_predicted,heuristic,jsn_predicted_success
9903777L,val,jsn_predicted,heuristic,jsn_predicted_success
9907402R,val,jsn_predicted,heuristic,jsn_predicted_success
9907909R,val,jsn_predicted,heuristic,jsn_predicted_success
9908315L,val,jsn_predicted,heuristic,jsn_predicted_success
9908315R,val,jsn_predicted,heuristic,jsn_predicted_success
9915764R,val,jsn_predicted,heuristic,jsn_predicted_success
9916542L,val,jsn_predicted,heuristic,jsn_predicted_success
9919343L,val,jsn_predicted,heuristic,jsn_predicted_success
9919343R,val,jsn_predicted,heuristic,jsn_predicted_success
9934064R,val,jsn_predicted,heuristic,jsn_predicted_success
9943317R,val,jsn_predicted,heuristic,jsn_predicted_success
9949467L,val,jsn_predicted,heuristic,jsn_predicted_success
9949467R,val,jsn_predicted,heuristic,jsn_predicted_success
9974824L,val,jsn_predicted,heuristic,jsn_predicted_success
9974824R,val,jsn_predicted,heuristic,jsn_predicted_success
9996851L,val,jsn_predicted,heuristic,jsn_predicted_success
9996851R,val,jsn_predicted,heuristic,jsn_predicted_success
9997856R,val,jsn_predicted,heuristic,jsn_predicted_success
9997869L,val,jsn_predicted,heuristic,jsn_predicted_success
9999295L,val,jsn_predicted,heuristic,jsn_predicted_success
9999365L,val,jsn_predicted,heuristic,jsn_predicted_success
9999365R,val,jsn_predicted,heuristic,jsn_predicted_success
9999865R,val,jsn_predicted,heuristic,jsn_predicted_success
9095389R,val,jsn_predicted,heuristic,jsn_predicted_success
9100862L,val,jsn_predicted,heuristic,jsn_predicted_success
9103968L,val,jsn_predicted,heuristic,jsn_predicted_success
9103968R,val,jsn_predicted,heuristic,jsn_predicted_success
9112495L,val,jsn_predicted,heuristic,jsn_predicted_success
9156526R,val,jsn_predicted,heuristic,jsn_predicted_success
9171714L,val,jsn_predicted,heuristic,jsn_predicted_success
9181583L,val,jsn_predicted,heuristic,jsn_predicted_success
9181583R,val,jsn_predicted,heuristic,jsn_predicted_success
9191533R,val,jsn_predicted,heuristic,jsn_predicted_success
9200051L,val,jsn_predicted,heuristic,jsn_predicted_success
9200051R,val,jsn_predicted,heuristic,jsn_predicted_success
9222068R,val,jsn_predicted,heuristic,jsn_predicted_success
9235549L,val,jsn_predicted,heuristic,jsn_predicted_success
9244535R,val,jsn_predicted,heuristic,jsn_predicted_success
9244537L,val,jsn_predicted,heuristic,jsn_predicted_success
9246518L,val,jsn_predicted,heuristic,jsn_predicted_success
9249780R,val,jsn_predicted,heuristic,jsn_predicted_success
9252130L,val,jsn_predicted,heuristic,jsn_predicted_success
9261513L,val,jsn_predicted,heuristic,jsn_predicted_success
9267648L,val,jsn_predicted,heuristic,jsn_predicted_success
9275309L,val,jsn_predicted,heuristic,jsn_predicted_success
9275309R,val,jsn_predicted,heuristic,jsn_predicted_success
9281187R,val,jsn_predicted,heuristic,jsn_predicted_success
9284909L,val,jsn_predicted,heuristic,jsn_predicted_success
9284909R,val,jsn_predicted,heuristic,jsn_predicted_success
9290211R,val,jsn_predicted,heuristic,jsn_predicted_success
9291210R,val,jsn_predicted,heuristic,jsn_predicted_success
9292081L,val,jsn_predicted,heuristic,jsn_predicted_success
9292081R,val,jsn_predicted,heuristic,jsn_predicted_success
9305065R,val,jsn_predicted,heuristic,jsn_predicted_success
9307242L,val,jsn_predicted,heuristic,jsn_predicted_success
9309716L,val,jsn_predicted,heuristic,jsn_predicted_success
9309716R,val,jsn_predicted,heuristic,jsn_predicted_success
9331465L,val,jsn_predicted,heuristic,jsn_predicted_success
9335752L,val,jsn_predicted,heuristic,jsn_predicted_success
9335752R,val,jsn_predicted,heuristic,jsn_predicted_success
9354015L,val,jsn_predicted,heuristic,jsn_predicted_success
9362978R,val,jsn_predicted,heuristic,jsn_predicted_success
9369225R,val,jsn_predicted,heuristic,jsn_predicted_success
9398272R,val,jsn_predicted,heuristic,jsn_predicted_success
9405107L,val,jsn_predicted,heuristic,jsn_predicted_success
9410036R,val,jsn_predicted,heuristic,jsn_predicted_success
9411066L,val,jsn_predicted,heuristic,jsn_predicted_success
9411066R,val,jsn_predicted,heuristic,jsn_predicted_success
9411428L,val,jsn_predicted,heuristic,jsn_predicted_success
9411428R,val,jsn_predicted,heuristic,jsn_predicted_success
9421302L,val,jsn_predicted,heuristic,jsn_predicted_success
9421302R,val,jsn_predicted,heuristic,jsn_predicted_success
9422075R,val,jsn_predicted,heuristic,jsn_predicted_success
9426880L,val,jsn_predicted,heuristic,jsn_predicted_success
9426880R,val,jsn_predicted,heuristic,jsn_predicted_success
9429147L,val,jsn_predicted,heuristic,jsn_predicted_success
9432194L,val,jsn_predicted,heuristic,jsn_predicted_success
9432194R,val,jsn_predicted,heuristic,jsn_predicted_success
9434010L,val,jsn_predicted,heuristic,jsn_predicted_success
9434010R,val,jsn_predicted,heuristic,jsn_predicted_success
9434114L,val,jsn_predicted,heuristic,jsn_predicted_success
9434114R,val,jsn_predicted,heuristic,jsn_predicted_success
9435315L,val,jsn_predicted,heuristic,jsn_predicted_success
9446305L,val,jsn_predicted,heuristic,jsn_predicted_success
9465779L,val,jsn_predicted,heuristic,jsn_predicted_success
9487409L,val,jsn_predicted,heuristic,jsn_predicted_success
9512408R,val,jsn_predicted,heuristic,jsn_predicted_success
9522128L,val,jsn_predicted,heuristic,jsn_predicted_success
9522128R,val,jsn_predicted,heuristic,jsn_predicted_success
9522615L,val,jsn_predicted,heuristic,jsn_predicted_success
9537090L,val,jsn_predicted,heuristic,jsn_predicted_success
9543086L,val,jsn_predicted,heuristic,jsn_predicted_success
9548401L,val,jsn_predicted,heuristic,jsn_predicted_success
9548401R,val,jsn_predicted,heuristic,jsn_predicted_success
9557111R,val,jsn_predicted,heuristic,jsn_predicted_success
9560051L,val,jsn_predicted,heuristic,jsn_predicted_success
9562591L,val,jsn_predicted,heuristic,jsn_predicted_success
9567621R,val,jsn_predicted,heuristic,jsn_predicted_success
9574271R,val,jsn_predicted,heuristic,jsn_predicted_success
9574704L,val,jsn_predicted,heuristic,jsn_predicted_success
9582487R,val,jsn_predicted,heuristic,jsn_predicted_success
9619582R,val,jsn_predicted,heuristic,jsn_predicted_success
9625560L,val,jsn_predicted,heuristic,jsn_predicted_success
9627172L,val,jsn_predicted,heuristic,jsn_predicted_success
9629158R,val,jsn_predicted,heuristic,jsn_predicted_success
9639418L,val,jsn_predicted,heuristic,jsn_predicted_success
9639581L,val,jsn_predicted,heuristic,jsn_predicted_success
9643665L,val,jsn_predicted,heuristic,jsn_predicted_success
9643665R,val,jsn_predicted,heuristic,jsn_predicted_success
9661248L,val,jsn_predicted,heuristic,jsn_predicted_success
9679795R,val,jsn_predicted,heuristic,jsn_predicted_success
9683564R,val,jsn_predicted,heuristic,jsn_predicted_success
9691423L,val,jsn_predicted,heuristic,jsn_predicted_success
9722038R,val,jsn_predicted,heuristic,jsn_predicted_success
9728987L,val,jsn_predicted,heuristic,jsn_predicted_success
9731969R,val,jsn_predicted,heuristic,jsn_predicted_success
9745596R,val,jsn_predicted,heuristic,jsn_predicted_success
9752895R,val,jsn_predicted,heuristic,jsn_predicted_success
9766889L,val,jsn_predicted,heuristic,jsn_predicted_success
9776018L,val,jsn_predicted,heuristic,jsn_predicted_success
9776018R,val,jsn_predicted,heuristic,jsn_predicted_success
9777471L,val,jsn_predicted,heuristic,jsn_predicted_success
9784291R,val,jsn_predicted,heuristic,jsn_predicted_success
9785062L,val,jsn_predicted,heuristic,jsn_predicted_success
9793131L,val,jsn_predicted,heuristic,jsn_predicted_success
9805687L,val,jsn_predicted,heuristic,jsn_predicted_success
9805687R,val,jsn_predicted,heuristic,jsn_predicted_success
9805931R,val,jsn_predicted,heuristic,jsn_predicted_success
9807689R,val,jsn_predicted,heuristic,jsn_predicted_success
9817661L,val,jsn_predicted,heuristic,jsn_predicted_success
9817661R,val,jsn_predicted,heuristic,jsn_predicted_success
9823421L,val,jsn_predicted,heuristic,jsn_predicted_success
9823421R,val,jsn_predicted,heuristic,jsn_predicted_success
9824005R,val,jsn_predicted,heuristic,jsn_predicted_success
9835061L,val,jsn_predicted,heuristic,jsn_predicted_success
9835061R,val,jsn_predicted,heuristic,jsn_predicted_success
9840270L,val,jsn_predicted,heuristic,jsn_predicted_success
9868067R,val,jsn_predicted,heuristic,jsn_predicted_success
9882107L,val,jsn_predicted,heuristic,jsn_predicted_success
9886520L,val,jsn_predicted,heuristic,jsn_predicted_success
9886746L,val,jsn_predicted,heuristic,jsn_predicted_success
9886746R,val,jsn_predicted,heuristic,jsn_predicted_success
9889762R,val,jsn_predicted,heuristic,jsn_predicted_success
9903777R,val,jsn_predicted,heuristic,jsn_predicted_success
9905276L,val,jsn_predicted,heuristic,jsn_predicted_success
9905276R,val,jsn_predicted,heuristic,jsn_predicted_success
9905383L,val,jsn_predicted,heuristic,jsn_predicted_success
9907402L,val,jsn_predicted,heuristic,jsn_predicted_success
9907909L,val,jsn_predicted,heuristic,jsn_predicted_success
9909903L,val,jsn_predicted,heuristic,jsn_predicted_success
9909903R,val,jsn_predicted,heuristic,jsn_predicted_success
9915764L,val,jsn_predicted,heuristic,jsn_predicted_success
9928082R,val,jsn_predicted,heuristic,jsn_predicted_success
9928272L,val,jsn_predicted,heuristic,jsn_predicted_success
9938327R,val,jsn_predicted,heuristic,jsn_predicted_success
9949821L,val,jsn_predicted,heuristic,jsn_predicted_success
9951159R,val,jsn_predicted,heuristic,jsn_predicted_success
9961951R,val,jsn_predicted,heuristic,jsn_predicted_success
9962232L,val,jsn_predicted,heuristic,jsn_predicted_success
9991580R,val,jsn_predicted,heuristic,jsn_predicted_success
9999865L,val,jsn_predicted,heuristic,jsn_predicted_success
9123404R,val,jsn_predicted,heuristic,jsn_predicted_success
9127180R,val,jsn_predicted,heuristic,jsn_predicted_success
9129226R,val,jsn_predicted,heuristic,jsn_predicted_success
9131850L,val,jsn_predicted,heuristic,jsn_predicted_success
9131850R,val,jsn_predicted,heuristic,jsn_predicted_success
9137393R,val,jsn_predicted,heuristic,jsn_predicted_success
9145709L,val,jsn_predicted,heuristic,jsn_predicted_success
9145709R,val,jsn_predicted,heuristic,jsn_predicted_success
9146801L,val,jsn_predicted,heuristic,jsn_predicted_success
9157622L,val,jsn_predicted,heuristic,jsn_predicted_success
9157622R,val,jsn_predicted,heuristic,jsn_predicted_success
9176692L,val,jsn_predicted,heuristic,jsn_predicted_success
9176692R,val,jsn_predicted,heuristic,jsn_predicted_success
9191788R,val,jsn_predicted,heuristic,jsn_predicted_success
9206535L,val,jsn_predicted,heuristic,jsn_predicted_success
9215390L,val,jsn_predicted,heuristic,jsn_predicted_success
9215390R,val,jsn_predicted,heuristic,jsn_predicted_success
9222068L,val,jsn_predicted,heuristic,jsn_predicted_success
9235666L,val,jsn_predicted,heuristic,jsn_predicted_success
9252130R,val,jsn_predicted,heuristic,jsn_predicted_success
9261513R,val,jsn_predicted,heuristic,jsn_predicted_success
9267719L,val,jsn_predicted,heuristic,jsn_predicted_success
9274364R,val,jsn_predicted,heuristic,jsn_predicted_success
9275159L,val,jsn_predicted,heuristic,jsn_predicted_success
9277151L,val,jsn_predicted,heuristic,jsn_predicted_success
9277151R,val,jsn_predicted,heuristic,jsn_predicted_success
9284795R,val,jsn_predicted,heuristic,jsn_predicted_success
9285207L,val,jsn_predicted,heuristic,jsn_predicted_success
9290211L,val,jsn_predicted,heuristic,jsn_predicted_success
9304509L,val,jsn_predicted,heuristic,jsn_predicted_success
9304509R,val,jsn_predicted,heuristic,jsn_predicted_success
9307242R,val,jsn_predicted,heuristic,jsn_predicted_success
9318369L,val,jsn_predicted,heuristic,jsn_predicted_success
9318369R,val,jsn_predicted,heuristic,jsn_predicted_success
9318808R,val,jsn_predicted,heuristic,jsn_predicted_success
9320093L,val,jsn_predicted,heuristic,jsn_predicted_success
9320093R,val,jsn_predicted,heuristic,jsn_predicted_success
9332791L,val,jsn_predicted,heuristic,jsn_predicted_success
9332791R,val,jsn_predicted,heuristic,jsn_predicted_success
9350339L,val,jsn_predicted,heuristic,jsn_predicted_success
9354015R,val,jsn_predicted,heuristic,jsn_predicted_success
9360034R,val,jsn_predicted,heuristic,jsn_predicted_success
9360202R,val,jsn_predicted,heuristic,jsn_predicted_success
9362978L,val,jsn_predicted,heuristic,jsn_predicted_success
9367477L,val,jsn_predicted,heuristic,jsn_predicted_success
9367477R,val,jsn_predicted,heuristic,jsn_predicted_success
9368622L,val,jsn_predicted,heuristic,jsn_predicted_success
9369225L,val,jsn_predicted,heuristic,jsn_predicted_success
9373319L,val,jsn_predicted,heuristic,jsn_predicted_success
9373319R,val,jsn_predicted,heuristic,jsn_predicted_success
9377882L,val,jsn_predicted,heuristic,jsn_predicted_success
9377882R,val,jsn_predicted,heuristic,jsn_predicted_success
9395979L,val,jsn_predicted,heuristic,jsn_predicted_success
9396054L,val,jsn_predicted,heuristic,jsn_predicted_success
9396982L,val,jsn_predicted,heuristic,jsn_predicted_success
9396982R,val,jsn_predicted,heuristic,jsn_predicted_success
9409969L,val,jsn_predicted,heuristic,jsn_predicted_success
9409969R,val,jsn_predicted,heuristic,jsn_predicted_success
9410036L,val,jsn_predicted,heuristic,jsn_predicted_success
9422075L,val,jsn_predicted,heuristic,jsn_predicted_success
9429147R,val,jsn_predicted,heuristic,jsn_predicted_success
9430117L,val,jsn_predicted,heuristic,jsn_predicted_success
9433278L,val,jsn_predicted,heuristic,jsn_predicted_success
9433278R,val,jsn_predicted,heuristic,jsn_predicted_success
9435315R,val,jsn_predicted,heuristic,jsn_predicted_success
9437407R,val,jsn_predicted,heuristic,jsn_predicted_success
9452479R,val,jsn_predicted,heuristic,jsn_predicted_success
9455113R,val,jsn_predicted,heuristic,jsn_predicted_success
9457264R,val,jsn_predicted,heuristic,jsn_predicted_success
9459371L,val,jsn_predicted,heuristic,jsn_predicted_success
9461619L,val,jsn_predicted,heuristic,jsn_predicted_success
9461619R,val,jsn_predicted,heuristic,jsn_predicted_success
9465779R,val,jsn_predicted,heuristic,jsn_predicted_success
9466320L,val,jsn_predicted,heuristic,jsn_predicted_success
9466438L,val,jsn_predicted,heuristic,jsn_predicted_success
9466438R,val,jsn_predicted,heuristic,jsn_predicted_success
9468561R,val,jsn_predicted,heuristic,jsn_predicted_success
9469520L,val,jsn_predicted,heuristic,jsn_predicted_success
9488360L,val,jsn_predicted,heuristic,jsn_predicted_success
9489653L,val,jsn_predicted,heuristic,jsn_predicted_success
9489653R,val,jsn_predicted,heuristic,jsn_predicted_success
9493073L,val,jsn_predicted,heuristic,jsn_predicted_success
9493073R,val,jsn_predicted,heuristic,jsn_predicted_success
9495960L,val,jsn_predicted,heuristic,jsn_predicted_success
9500617L,val,jsn_predicted,heuristic,jsn_predicted_success
9500617R,val,jsn_predicted,heuristic,jsn_predicted_success
9510375L,val,jsn_predicted,heuristic,jsn_predicted_success
9510375R,val,jsn_predicted,heuristic,jsn_predicted_success
9523523L,val,jsn_predicted,heuristic,jsn_predicted_success
9523523R,val,jsn_predicted,heuristic,jsn_predicted_success
9534106R,val,jsn_predicted,heuristic,jsn_predicted_success
9539084L,val,jsn_predicted,heuristic,jsn_predicted_success
9539084R,val,jsn_predicted,heuristic,jsn_predicted_success
9542380R,val,jsn_predicted,heuristic,jsn_predicted_success
9555603R,val,jsn_predicted,heuristic,jsn_predicted_success
9558684L,val,jsn_predicted,heuristic,jsn_predicted_success
9558684R,val,jsn_predicted,heuristic,jsn_predicted_success
9560051R,val,jsn_predicted,heuristic,jsn_predicted_success
9567621L,val,jsn_predicted,heuristic,jsn_predicted_success
9573434L,val,jsn_predicted,heuristic,jsn_predicted_success
9573434R,val,jsn_predicted,heuristic,jsn_predicted_success
9574271L,val,jsn_predicted,heuristic,jsn_predicted_success
9579255R,val,jsn_predicted,heuristic,jsn_predicted_success
9587749L,val,jsn_predicted,heuristic,jsn_predicted_success
9587749R,val,jsn_predicted,heuristic,jsn_predicted_success
9589486R,val,jsn_predicted,heuristic,jsn_predicted_success
9596723L,val,jsn_predicted,heuristic,jsn_predicted_success
9596723R,val,jsn_predicted,heuristic,jsn_predicted_success
9599715L,val,jsn_predicted,heuristic,jsn_predicted_success
9599715R,val,jsn_predicted,heuristic,jsn_predicted_success
9606507L,val,jsn_predicted,heuristic,jsn_predicted_success
9606507R,val,jsn_predicted,heuristic,jsn_predicted_success
9607739L,val,jsn_predicted,heuristic,jsn_predicted_success
9607739R,val,jsn_predicted,heuristic,jsn_predicted_success
9617213L,val,jsn_predicted,heuristic,jsn_predicted_success
9618705L,val,jsn_predicted,heuristic,jsn_predicted_success
9618705R,val,jsn_predicted,heuristic,jsn_predicted_success
9619582L,val,jsn_predicted,heuristic,jsn_predicted_success
9620647L,val,jsn_predicted,heuristic,jsn_predicted_success
9621601L,val,jsn_predicted,heuristic,jsn_predicted_success
9621601R,val,jsn_predicted,heuristic,jsn_predicted_success
9625187R,val,jsn_predicted,heuristic,jsn_predicted_success
9637958L,val,jsn_predicted,heuristic,jsn_predicted_success
9639418R,val,jsn_predicted,heuristic,jsn_predicted_success
9642569R,val,jsn_predicted,heuristic,jsn_predicted_success
9645612R,val,jsn_predicted,heuristic,jsn_predicted_success
9661248R,val,jsn_predicted,heuristic,jsn_predicted_success
9665472L,val,jsn_predicted,heuristic,jsn_predicted_success
9665472R,val,jsn_predicted,heuristic,jsn_predicted_success
9680344L,val,jsn_predicted,heuristic,jsn_predicted_success
9680344R,val,jsn_predicted,heuristic,jsn_predicted_success
9686327R,val,jsn_predicted,heuristic,jsn_predicted_success
9690400L,val,jsn_predicted,heuristic,jsn_predicted_success
9693806L,val,jsn_predicted,heuristic,jsn_predicted_success
9695686L,val,jsn_predicted,heuristic,jsn_predicted_success
9695686R,val,jsn_predicted,heuristic,jsn_predicted_success
9703143L,val,jsn_predicted,heuristic,jsn_predicted_success
9703143R,val,jsn_predicted,heuristic,jsn_predicted_success
9706468L,val,jsn_predicted,heuristic,jsn_predicted_success
9706468R,val,jsn_predicted,heuristic,jsn_predicted_success
9708353R,val,jsn_predicted,heuristic,jsn_predicted_success
9724015L,val,jsn_predicted,heuristic,jsn_predicted_success
9724015R,val,jsn_predicted,heuristic,jsn_predicted_success
9728987R,val,jsn_predicted,heuristic,jsn_predicted_success
9736012L,val,jsn_predicted,heuristic,jsn_predicted_success
9736012R,val,jsn_predicted,heuristic,jsn_predicted_success
9746075R,val,jsn_predicted,heuristic,jsn_predicted_success
9752895L,val,jsn_predicted,heuristic,jsn_predicted_success
9753936R,val,jsn_predicted,heuristic,jsn_predicted_success
9757418L,val,jsn_predicted,heuristic,jsn_predicted_success
9757418R,val,jsn_predicted,heuristic,jsn_predicted_success
9785062R,val,jsn_predicted,heuristic,jsn_predicted_success
9790812L,val,jsn_predicted,heuristic,jsn_predicted_success
9790812R,val,jsn_predicted,heuristic,jsn_predicted_success
9793131R,val,jsn_predicted,heuristic,jsn_predicted_success
9798591R,val,jsn_predicted,heuristic,jsn_predicted_success
9800368R,val,jsn_predicted,heuristic,jsn_predicted_success
9804376R,val,jsn_predicted,heuristic,jsn_predicted_success
9809710L,val,jsn_predicted,heuristic,jsn_predicted_success
9809710R,val,jsn_predicted,heuristic,jsn_predicted_success
9815509L,val,jsn_predicted,heuristic,jsn_predicted_success
9818478L,val,jsn_predicted,heuristic,jsn_predicted_success
9818478R,val,jsn_predicted,heuristic,jsn_predicted_success
9819273L,val,jsn_predicted,heuristic,jsn_predicted_success
9819273R,val,jsn_predicted,heuristic,jsn_predicted_success
9855267L,val,jsn_predicted,heuristic,jsn_predicted_success
9860507L,val,jsn_predicted,heuristic,jsn_predicted_success
9860568L,val,jsn_predicted,heuristic,jsn_predicted_success
9866738L,val,jsn_predicted,heuristic,jsn_predicted_success
9878871L,val,jsn_predicted,heuristic,jsn_predicted_success
9878871R,val,jsn_predicted,heuristic,jsn_predicted_success
9886520R,val,jsn_predicted,heuristic,jsn_predicted_success
9889762L,val,jsn_predicted,heuristic,jsn_predicted_success
9895555L,val,jsn_predicted,heuristic,jsn_predicted_success
9901658R,val,jsn_predicted,heuristic,jsn_predicted_success
9903093L,val,jsn_predicted,heuristic,jsn_predicted_success
9903093R,val,jsn_predicted,heuristic,jsn_predicted_success
9905383R,val,jsn_predicted,heuristic,jsn_predicted_success
9906998L,val,jsn_predicted,heuristic,jsn_predicted_success
9906998R,val,jsn_predicted,heuristic,jsn_predicted_success
9919568R,val,jsn_predicted,heuristic,jsn_predicted_success
9922855L,val,jsn_predicted,heuristic,jsn_predicted_success
9922855R,val,jsn_predicted,heuristic,jsn_predicted_success
9926602L,val,jsn_predicted,heuristic,jsn_predicted_success
9938327L,val,jsn_predicted,heuristic,jsn_predicted_success
9949821R,val,jsn_predicted,heuristic,jsn_predicted_success
9951159L,val,jsn_predicted,heuristic,jsn_predicted_success
9962232R,val,jsn_predicted,heuristic,jsn_predicted_success
9971710R,val,jsn_predicted,heuristic,jsn_predicted_success
9984279L,val,jsn_predicted,heuristic,jsn_predicted_success
9984279R,val,jsn_predicted,heuristic,jsn_predicted_success
9986207L,val,jsn_predicted,heuristic,jsn_predicted_success
9986207R,val,jsn_predicted,heuristic,jsn_predicted_success
9989309R,val,jsn_predicted,heuristic,jsn_predicted_success
9995849R,val,jsn_predicted,heuristic,jsn_predicted_success
9997869R,val,jsn_predicted,heuristic,jsn_predicted_success
9999295R,val,jsn_predicted,heuristic,jsn_predicted_success
9176924L,val,jsn_predicted,heuristic,jsn_predicted_success
9177337L,val,jsn_predicted,heuristic,jsn_predicted_success
9179789L,val,jsn_predicted,heuristic,jsn_predicted_success
9179789R,val,jsn_predicted,heuristic,jsn_predicted_success
9191788L,val,jsn_predicted,heuristic,jsn_predicted_success
9195845R,val,jsn_predicted,heuristic,jsn_predicted_success
9206535R,val,jsn_predicted,heuristic,jsn_predicted_success
9217481L,val,jsn_predicted,heuristic,jsn_predicted_success
9217481R,val,jsn_predicted,heuristic,jsn_predicted_success
9246518R,val,jsn_predicted,heuristic,jsn_predicted_success
9267648R,val,jsn_predicted,heuristic,jsn_predicted_success
9275159R,val,jsn_predicted,heuristic,jsn_predicted_success
9280249L,val,jsn_predicted,heuristic,jsn_predicted_success
9281187L,val,jsn_predicted,heuristic,jsn_predicted_success
9285212L,val,jsn_predicted,heuristic,jsn_predicted_success
9294761L,val,jsn_predicted,heuristic,jsn_predicted_success
9313233R,val,jsn_predicted,heuristic,jsn_predicted_success
9331465R,val,jsn_predicted,heuristic,jsn_predicted_success
9334156L,val,jsn_predicted,heuristic,jsn_predicted_success
9334156R,val,jsn_predicted,heuristic,jsn_predicted_success
9352437L,val,jsn_predicted,heuristic,jsn_predicted_success
9352437R,val,jsn_predicted,heuristic,jsn_predicted_success
9360034L,val,jsn_predicted,heuristic,jsn_predicted_success
9360202L,val,jsn_predicted,heuristic,jsn_predicted_success
9361974L,val,jsn_predicted,heuristic,jsn_predicted_success
9361974R,val,jsn_predicted,heuristic,jsn_predicted_success
9364366L,val,jsn_predicted,heuristic,jsn_predicted_success
9364366R,val,jsn_predicted,heuristic,jsn_predicted_success
9368622R,val,jsn_predicted,heuristic,jsn_predicted_success
9375300L,val,jsn_predicted,heuristic,jsn_predicted_success
9389580L,val,jsn_predicted,heuristic,jsn_predicted_success
9389580R,val,jsn_predicted,heuristic,jsn_predicted_success
9409250L,val,jsn_predicted,heuristic,jsn_predicted_success
9409250R,val,jsn_predicted,heuristic,jsn_predicted_success
9437407L,val,jsn_predicted,heuristic,jsn_predicted_success
9445105R,val,jsn_predicted,heuristic,jsn_predicted_success
9457264L,val,jsn_predicted,heuristic,jsn_predicted_success
9459371R,val,jsn_predicted,heuristic,jsn_predicted_success
9466320R,val,jsn_predicted,heuristic,jsn_predicted_success
9468561L,val,jsn_predicted,heuristic,jsn_predicted_success
9469520R,val,jsn_predicted,heuristic,jsn_predicted_success
9495960R,val,jsn_predicted,heuristic,jsn_predicted_success
9499893L,val,jsn_predicted,heuristic,jsn_predicted_success
9499893R,val,jsn_predicted,heuristic,jsn_predicted_success
9505796L,val,jsn_predicted,heuristic,jsn_predicted_success
9505796R,val,jsn_predicted,heuristic,jsn_predicted_success
9512864R,val,jsn_predicted,heuristic,jsn_predicted_success
9518267L,val,jsn_predicted,heuristic,jsn_predicted_success
9518267R,val,jsn_predicted,heuristic,jsn_predicted_success
9553149R,val,jsn_predicted,heuristic,jsn_predicted_success
9568706L,val,jsn_predicted,heuristic,jsn_predicted_success
9568706R,val,jsn_predicted,heuristic,jsn_predicted_success
9572718L,val,jsn_predicted,heuristic,jsn_predicted_success
9572718R,val,jsn_predicted,heuristic,jsn_predicted_success
9579255L,val,jsn_predicted,heuristic,jsn_predicted_success
9620647R,val,jsn_predicted,heuristic,jsn_predicted_success
9657464L,val,jsn_predicted,heuristic,jsn_predicted_success
9657464R,val,jsn_predicted,heuristic,jsn_predicted_success
9690400R,val,jsn_predicted,heuristic,jsn_predicted_success
9739777L,val,jsn_predicted,heuristic,jsn_predicted_success
9739777R,val,jsn_predicted,heuristic,jsn_predicted_success
9745596L,val,jsn_predicted,heuristic,jsn_predicted_success
9757953R,val,jsn_predicted,heuristic,jsn_predicted_success
9766889R,val,jsn_predicted,heuristic,jsn_predicted_success
9775403L,val,jsn_predicted,heuristic,jsn_predicted_success
9775403R,val,jsn_predicted,heuristic,jsn_predicted_success
9792327L,val,jsn_predicted,heuristic,jsn_predicted_success
9792327R,val,jsn_predicted,heuristic,jsn_predicted_success
9806159L,val,jsn_predicted,heuristic,jsn_predicted_success
9860507R,val,jsn_predicted,heuristic,jsn_predicted_success
9866738R,val,jsn_predicted,heuristic,jsn_predicted_success
9879774R,val,jsn_predicted,heuristic,jsn_predicted_success
9886598R,val,jsn_predicted,heuristic,jsn_predicted_success
9895555R,val,jsn_predicted,heuristic,jsn_predicted_success
9914273L,val,jsn_predicted,heuristic,jsn_predicted_success
9914273R,val,jsn_predicted,heuristic,jsn_predicted_success
9916542R,val,jsn_predicted,heuristic,jsn_predicted_success
9919023L,val,jsn_predicted,heuristic,jsn_predicted_success
9919023R,val,jsn_predicted,heuristic,jsn_predicted_success
9919568L,val,jsn_predicted,heuristic,jsn_predicted_success
9920298L,val,jsn_predicted,heuristic,jsn_predicted_success
9920298R,val,jsn_predicted,heuristic,jsn_predicted_success
9926602R,val,jsn_predicted,heuristic,jsn_predicted_success
9928272R,val,jsn_predicted,heuristic,jsn_predicted_success
9934064L,val,jsn_predicted,heuristic,jsn_predicted_success
9943317L,val,jsn_predicted,heuristic,jsn_predicted_success
9947240L,val,jsn_predicted,heuristic,jsn_predicted_success
9947240R,val,jsn_predicted,heuristic,jsn_predicted_success
9989309L,val,jsn_predicted,heuristic,jsn_predicted_success
9991580L,val,jsn_predicted,heuristic,jsn_predicted_success
9995849L,val,jsn_predicted,heuristic,jsn_predicted_success
9627172R,val,jsn_predicted,heuristic,jsn_predicted_success
9637958R,val,jsn_predicted,heuristic,jsn_predicted_success
9645612L,val,jsn_predicted,heuristic,jsn_predicted_success
9693806R,val,jsn_predicted,heuristic,jsn_predicted_success
9757953L,val,jsn_predicted,heuristic,jsn_predicted_success
9800368L,val,jsn_predicted,heuristic,jsn_predicted_success
9818359L,val,jsn_predicted,heuristic,jsn_predicted_success
9824005L,val,jsn_predicted,heuristic,jsn_predicted_success
9928082L,val,jsn_predicted,heuristic,jsn_predicted_success
9961951L,val,jsn_predicted,heuristic,jsn_predicted_success
9971710L,val,jsn_predicted,heuristic,jsn_predicted_success
9997856L,val,jsn_predicted,heuristic,jsn_predicted_success
